"Language","Theme","Zoom","Fixture","SelectedIndex","ModuleIndex","Selected","ModuleBefore","ModuleAfter","WidgetBefore","WidgetAfter","PopupBefore","PopupAfter","TrendBefore","TrendAfter"
"English","Dark","80","one","0","0","True","143","109","203x159","203x132","352x471","352x431","5","0"
"English","Dark","80","three","0","0","True","143","109","576x159","576x132","352x709","352x669","5","0"
"English","Dark","80","three","0","1","False","109","109","576x159","576x132","352x709","352x669","5","0"
"English","Dark","80","three","0","2","False","109","109","576x159","576x132","352x709","352x669","5","0"
"English","Dark","80","three","1","0","False","109","109","576x159","576x132","352x709","352x669","7","0"
"English","Dark","80","three","1","1","True","143","109","576x159","576x132","352x709","352x669","7","0"
"English","Dark","80","three","1","2","False","109","109","576x159","576x132","352x709","352x669","7","0"
"English","Dark","80","three","2","0","False","109","109","576x159","576x132","352x709","352x669","9","0"
"English","Dark","80","three","2","1","False","109","109","576x159","576x132","352x709","352x669","9","0"
"English","Dark","80","three","2","2","True","143","109","576x159","576x132","352x709","352x669","9","0"
"English","Dark","80","five","0","0","True","143","109","949x159","949x132","352x853","352x813","5","0"
"English","Dark","80","five","0","1","False","109","109","949x159","949x132","352x853","352x813","5","0"
"English","Dark","80","five","0","2","False","109","109","949x159","949x132","352x853","352x813","5","0"
"English","Dark","80","five","0","3","False","109","109","949x159","949x132","352x853","352x813","5","0"
"English","Dark","80","five","0","4","False","109","109","949x159","949x132","352x853","352x813","5","0"
"English","Dark","80","five","1","0","False","109","109","949x159","949x132","352x853","352x813","7","0"
"English","Dark","80","five","1","1","True","143","109","949x159","949x132","352x853","352x813","7","0"
"English","Dark","80","five","1","2","False","109","109","949x159","949x132","352x853","352x813","7","0"
"English","Dark","80","five","1","3","False","109","109","949x159","949x132","352x853","352x813","7","0"
"English","Dark","80","five","1","4","False","109","109","949x159","949x132","352x853","352x813","7","0"
"English","Dark","80","five","2","0","False","109","109","949x159","949x132","352x853","352x813","9","0"
"English","Dark","80","five","2","1","False","109","109","949x159","949x132","352x853","352x813","9","0"
"English","Dark","80","five","2","2","True","143","109","949x159","949x132","352x853","352x813","9","0"
"English","Dark","80","five","2","3","False","109","109","949x159","949x132","352x853","352x813","9","0"
"English","Dark","80","five","2","4","False","109","109","949x159","949x132","352x853","352x813","9","0"
"English","Dark","80","five","3","0","False","109","109","949x159","949x132","352x853","352x813","11","0"
"English","Dark","80","five","3","1","False","109","109","949x159","949x132","352x853","352x813","11","0"
"English","Dark","80","five","3","2","False","109","109","949x159","949x132","352x853","352x813","11","0"
"English","Dark","80","five","3","3","True","143","109","949x159","949x132","352x853","352x813","11","0"
"English","Dark","80","five","3","4","False","109","109","949x159","949x132","352x853","352x813","11","0"
"English","Dark","80","five","4","0","False","109","109","949x159","949x132","352x853","352x813","13","0"
"English","Dark","80","five","4","1","False","109","109","949x159","949x132","352x853","352x813","13","0"
"English","Dark","80","five","4","2","False","109","109","949x159","949x132","352x853","352x813","13","0"
"English","Dark","80","five","4","3","False","109","109","949x159","949x132","352x853","352x813","13","0"
"English","Dark","80","five","4","4","True","143","109","949x159","949x132","352x853","352x813","13","0"
"English","Dark","80","wrapped","0","0","True","143","109","576x247","576x220","352x853","352x813","5","0"
"English","Dark","80","wrapped","0","1","False","109","109","576x247","576x220","352x853","352x813","5","0"
"English","Dark","80","wrapped","0","2","False","109","109","576x247","576x220","352x853","352x813","5","0"
"English","Dark","80","wrapped","0","3","False","109","109","576x247","576x220","352x853","352x813","5","0"
"English","Dark","80","wrapped","0","4","False","109","109","576x247","576x220","352x853","352x813","5","0"
"English","Dark","80","wrapped","1","0","False","109","109","576x247","576x220","352x853","352x813","7","0"
"English","Dark","80","wrapped","1","1","True","143","109","576x247","576x220","352x853","352x813","7","0"
"English","Dark","80","wrapped","1","2","False","109","109","576x247","576x220","352x853","352x813","7","0"
"English","Dark","80","wrapped","1","3","False","109","109","576x247","576x220","352x853","352x813","7","0"
"English","Dark","80","wrapped","1","4","False","109","109","576x247","576x220","352x853","352x813","7","0"
"English","Dark","80","wrapped","2","0","False","109","109","576x247","576x220","352x853","352x813","9","0"
"English","Dark","80","wrapped","2","1","False","109","109","576x247","576x220","352x853","352x813","9","0"
"English","Dark","80","wrapped","2","2","True","143","109","576x247","576x220","352x853","352x813","9","0"
"English","Dark","80","wrapped","2","3","False","109","109","576x247","576x220","352x853","352x813","9","0"
"English","Dark","80","wrapped","2","4","False","109","109","576x247","576x220","352x853","352x813","9","0"
"English","Dark","80","wrapped","3","0","False","109","109","576x247","576x220","352x853","352x813","11","0"
"English","Dark","80","wrapped","3","1","False","109","109","576x247","576x220","352x853","352x813","11","0"
"English","Dark","80","wrapped","3","2","False","109","109","576x247","576x220","352x853","352x813","11","0"
"English","Dark","80","wrapped","3","3","True","143","109","576x247","576x220","352x853","352x813","11","0"
"English","Dark","80","wrapped","3","4","False","109","109","576x247","576x220","352x853","352x813","11","0"
"English","Dark","80","wrapped","4","0","False","109","109","576x247","576x220","352x853","352x813","13","0"
"English","Dark","80","wrapped","4","1","False","109","109","576x247","576x220","352x853","352x813","13","0"
"English","Dark","80","wrapped","4","2","False","109","109","576x247","576x220","352x853","352x813","13","0"
"English","Dark","80","wrapped","4","3","False","109","109","576x247","576x220","352x853","352x813","13","0"
"English","Dark","80","wrapped","4","4","True","143","109","576x247","576x220","352x853","352x813","13","0"
"English","Dark","80","mixed","0","0","True","143","109","949x159","949x132","352x902","352x862","5","0"
"English","Dark","80","mixed","0","1","False","109","109","949x159","949x132","352x902","352x862","5","0"
"English","Dark","80","mixed","0","2","False","109","109","949x159","949x132","352x902","352x862","5","0"
"English","Dark","80","mixed","0","3","False","109","109","949x159","949x132","352x902","352x862","5","0"
"English","Dark","80","mixed","0","4","False","109","109","949x159","949x132","352x902","352x862","5","0"
"English","Dark","80","mixed","1","0","False","109","109","949x159","949x132","352x912","352x872","7","0"
"English","Dark","80","mixed","1","1","True","143","109","949x159","949x132","352x912","352x872","7","0"
"English","Dark","80","mixed","1","2","False","109","109","949x159","949x132","352x912","352x872","7","0"
"English","Dark","80","mixed","1","3","False","109","109","949x159","949x132","352x912","352x872","7","0"
"English","Dark","80","mixed","1","4","False","109","109","949x159","949x132","352x912","352x872","7","0"
"English","Dark","80","mixed","2","0","False","109","109","949x159","949x132","352x834","352x794","9","0"
"English","Dark","80","mixed","2","1","False","109","109","949x159","949x132","352x834","352x794","9","0"
"English","Dark","80","mixed","2","2","True","143","109","949x159","949x132","352x834","352x794","9","0"
"English","Dark","80","mixed","2","3","False","109","109","949x159","949x132","352x834","352x794","9","0"
"English","Dark","80","mixed","2","4","False","109","109","949x159","949x132","352x834","352x794","9","0"
"English","Dark","80","mixed","3","0","False","109","109","949x159","949x132","352x902","352x862","11","0"
"English","Dark","80","mixed","3","1","False","109","109","949x159","949x132","352x902","352x862","11","0"
"English","Dark","80","mixed","3","2","False","109","109","949x159","949x132","352x902","352x862","11","0"
"English","Dark","80","mixed","3","3","True","143","109","949x159","949x132","352x902","352x862","11","0"
"English","Dark","80","mixed","3","4","False","109","109","949x159","949x132","352x902","352x862","11","0"
"English","Dark","80","mixed","4","0","False","109","109","949x132","949x132","352x846","352x846","13","0"
"English","Dark","80","mixed","4","1","False","109","109","949x132","949x132","352x846","352x846","13","0"
"English","Dark","80","mixed","4","2","False","109","109","949x132","949x132","352x846","352x846","13","0"
"English","Dark","80","mixed","4","3","False","109","109","949x132","949x132","352x846","352x846","13","0"
"English","Dark","80","mixed","4","4","True","109","109","949x132","949x132","352x846","352x846","13","0"
"English","Dark","100","one","0","0","True","143","109","254x199","254x165","440x589","440x539","5","0"
"English","Dark","100","three","0","0","True","143","109","720x199","720x165","440x886","440x836","5","0"
"English","Dark","100","three","0","1","False","109","109","720x199","720x165","440x886","440x836","5","0"
"English","Dark","100","three","0","2","False","109","109","720x199","720x165","440x886","440x836","5","0"
"English","Dark","100","three","1","0","False","109","109","720x199","720x165","440x886","440x836","7","0"
"English","Dark","100","three","1","1","True","143","109","720x199","720x165","440x886","440x836","7","0"
"English","Dark","100","three","1","2","False","109","109","720x199","720x165","440x886","440x836","7","0"
"English","Dark","100","three","2","0","False","109","109","720x199","720x165","440x886","440x836","9","0"
"English","Dark","100","three","2","1","False","109","109","720x199","720x165","440x886","440x836","9","0"
"English","Dark","100","three","2","2","True","143","109","720x199","720x165","440x886","440x836","9","0"
"English","Dark","100","five","0","0","True","143","109","1186x199","1186x165","440x1066","440x1016","5","0"
"English","Dark","100","five","0","1","False","109","109","1186x199","1186x165","440x1066","440x1016","5","0"
"English","Dark","100","five","0","2","False","109","109","1186x199","1186x165","440x1066","440x1016","5","0"
"English","Dark","100","five","0","3","False","109","109","1186x199","1186x165","440x1066","440x1016","5","0"
"English","Dark","100","five","0","4","False","109","109","1186x199","1186x165","440x1066","440x1016","5","0"
"English","Dark","100","five","1","0","False","109","109","1186x199","1186x165","440x1066","440x1016","7","0"
"English","Dark","100","five","1","1","True","143","109","1186x199","1186x165","440x1066","440x1016","7","0"
"English","Dark","100","five","1","2","False","109","109","1186x199","1186x165","440x1066","440x1016","7","0"
"English","Dark","100","five","1","3","False","109","109","1186x199","1186x165","440x1066","440x1016","7","0"
"English","Dark","100","five","1","4","False","109","109","1186x199","1186x165","440x1066","440x1016","7","0"
"English","Dark","100","five","2","0","False","109","109","1186x199","1186x165","440x1066","440x1016","9","0"
"English","Dark","100","five","2","1","False","109","109","1186x199","1186x165","440x1066","440x1016","9","0"
"English","Dark","100","five","2","2","True","143","109","1186x199","1186x165","440x1066","440x1016","9","0"
"English","Dark","100","five","2","3","False","109","109","1186x199","1186x165","440x1066","440x1016","9","0"
"English","Dark","100","five","2","4","False","109","109","1186x199","1186x165","440x1066","440x1016","9","0"
"English","Dark","100","five","3","0","False","109","109","1186x199","1186x165","440x1066","440x1016","11","0"
"English","Dark","100","five","3","1","False","109","109","1186x199","1186x165","440x1066","440x1016","11","0"
"English","Dark","100","five","3","2","False","109","109","1186x199","1186x165","440x1066","440x1016","11","0"
"English","Dark","100","five","3","3","True","143","109","1186x199","1186x165","440x1066","440x1016","11","0"
"English","Dark","100","five","3","4","False","109","109","1186x199","1186x165","440x1066","440x1016","11","0"
"English","Dark","100","five","4","0","False","109","109","1186x199","1186x165","440x1066","440x1016","13","0"
"English","Dark","100","five","4","1","False","109","109","1186x199","1186x165","440x1066","440x1016","13","0"
"English","Dark","100","five","4","2","False","109","109","1186x199","1186x165","440x1066","440x1016","13","0"
"English","Dark","100","five","4","3","False","109","109","1186x199","1186x165","440x1066","440x1016","13","0"
"English","Dark","100","five","4","4","True","143","109","1186x199","1186x165","440x1066","440x1016","13","0"
"English","Dark","100","wrapped","0","0","True","143","109","720x309","720x275","440x1066","440x1016","5","0"
"English","Dark","100","wrapped","0","1","False","109","109","720x309","720x275","440x1066","440x1016","5","0"
"English","Dark","100","wrapped","0","2","False","109","109","720x309","720x275","440x1066","440x1016","5","0"
"English","Dark","100","wrapped","0","3","False","109","109","720x309","720x275","440x1066","440x1016","5","0"
"English","Dark","100","wrapped","0","4","False","109","109","720x309","720x275","440x1066","440x1016","5","0"
"English","Dark","100","wrapped","1","0","False","109","109","720x309","720x275","440x1066","440x1016","7","0"
"English","Dark","100","wrapped","1","1","True","143","109","720x309","720x275","440x1066","440x1016","7","0"
"English","Dark","100","wrapped","1","2","False","109","109","720x309","720x275","440x1066","440x1016","7","0"
"English","Dark","100","wrapped","1","3","False","109","109","720x309","720x275","440x1066","440x1016","7","0"
"English","Dark","100","wrapped","1","4","False","109","109","720x309","720x275","440x1066","440x1016","7","0"
"English","Dark","100","wrapped","2","0","False","109","109","720x309","720x275","440x1066","440x1016","9","0"
"English","Dark","100","wrapped","2","1","False","109","109","720x309","720x275","440x1066","440x1016","9","0"
"English","Dark","100","wrapped","2","2","True","143","109","720x309","720x275","440x1066","440x1016","9","0"
"English","Dark","100","wrapped","2","3","False","109","109","720x309","720x275","440x1066","440x1016","9","0"
"English","Dark","100","wrapped","2","4","False","109","109","720x309","720x275","440x1066","440x1016","9","0"
"English","Dark","100","wrapped","3","0","False","109","109","720x309","720x275","440x1066","440x1016","11","0"
"English","Dark","100","wrapped","3","1","False","109","109","720x309","720x275","440x1066","440x1016","11","0"
"English","Dark","100","wrapped","3","2","False","109","109","720x309","720x275","440x1066","440x1016","11","0"
"English","Dark","100","wrapped","3","3","True","143","109","720x309","720x275","440x1066","440x1016","11","0"
"English","Dark","100","wrapped","3","4","False","109","109","720x309","720x275","440x1066","440x1016","11","0"
"English","Dark","100","wrapped","4","0","False","109","109","720x309","720x275","440x1066","440x1016","13","0"
"English","Dark","100","wrapped","4","1","False","109","109","720x309","720x275","440x1066","440x1016","13","0"
"English","Dark","100","wrapped","4","2","False","109","109","720x309","720x275","440x1066","440x1016","13","0"
"English","Dark","100","wrapped","4","3","False","109","109","720x309","720x275","440x1066","440x1016","13","0"
"English","Dark","100","wrapped","4","4","True","143","109","720x309","720x275","440x1066","440x1016","13","0"
"English","Dark","100","mixed","0","0","True","143","109","1186x199","1186x165","440x1128","440x1078","5","0"
"English","Dark","100","mixed","0","1","False","109","109","1186x199","1186x165","440x1128","440x1078","5","0"
"English","Dark","100","mixed","0","2","False","109","109","1186x199","1186x165","440x1128","440x1078","5","0"
"English","Dark","100","mixed","0","3","False","109","109","1186x199","1186x165","440x1128","440x1078","5","0"
"English","Dark","100","mixed","0","4","False","109","109","1186x199","1186x165","440x1128","440x1078","5","0"
"English","Dark","100","mixed","1","0","False","109","109","1186x199","1186x165","440x1140","440x1090","7","0"
"English","Dark","100","mixed","1","1","True","143","109","1186x199","1186x165","440x1140","440x1090","7","0"
"English","Dark","100","mixed","1","2","False","109","109","1186x199","1186x165","440x1140","440x1090","7","0"
"English","Dark","100","mixed","1","3","False","109","109","1186x199","1186x165","440x1140","440x1090","7","0"
"English","Dark","100","mixed","1","4","False","109","109","1186x199","1186x165","440x1140","440x1090","7","0"
"English","Dark","100","mixed","2","0","False","109","109","1186x199","1186x165","440x1042","440x992","9","0"
"English","Dark","100","mixed","2","1","False","109","109","1186x199","1186x165","440x1042","440x992","9","0"
"English","Dark","100","mixed","2","2","True","143","109","1186x199","1186x165","440x1042","440x992","9","0"
"English","Dark","100","mixed","2","3","False","109","109","1186x199","1186x165","440x1042","440x992","9","0"
"English","Dark","100","mixed","2","4","False","109","109","1186x199","1186x165","440x1042","440x992","9","0"
"English","Dark","100","mixed","3","0","False","109","109","1186x199","1186x165","440x1128","440x1078","11","0"
"English","Dark","100","mixed","3","1","False","109","109","1186x199","1186x165","440x1128","440x1078","11","0"
"English","Dark","100","mixed","3","2","False","109","109","1186x199","1186x165","440x1128","440x1078","11","0"
"English","Dark","100","mixed","3","3","True","143","109","1186x199","1186x165","440x1128","440x1078","11","0"
"English","Dark","100","mixed","3","4","False","109","109","1186x199","1186x165","440x1128","440x1078","11","0"
"English","Dark","100","mixed","4","0","False","109","109","1186x165","1186x165","440x1058","440x1058","13","0"
"English","Dark","100","mixed","4","1","False","109","109","1186x165","1186x165","440x1058","440x1058","13","0"
"English","Dark","100","mixed","4","2","False","109","109","1186x165","1186x165","440x1058","440x1058","13","0"
"English","Dark","100","mixed","4","3","False","109","109","1186x165","1186x165","440x1058","440x1058","13","0"
"English","Dark","100","mixed","4","4","True","109","109","1186x165","1186x165","440x1058","440x1058","13","0"
"English","Dark","150","one","0","0","True","143","109","381x298","381x248","660x884","660x808","5","0"
"English","Dark","150","three","0","0","True","143","109","1080x298","1080x248","660x1329","660x1254","5","0"
"English","Dark","150","three","0","1","False","109","109","1080x298","1080x248","660x1329","660x1254","5","0"
"English","Dark","150","three","0","2","False","109","109","1080x298","1080x248","660x1329","660x1254","5","0"
"English","Dark","150","three","1","0","False","109","109","1080x298","1080x248","660x1329","660x1254","7","0"
"English","Dark","150","three","1","1","True","143","109","1080x298","1080x248","660x1329","660x1254","7","0"
"English","Dark","150","three","1","2","False","109","109","1080x298","1080x248","660x1329","660x1254","7","0"
"English","Dark","150","three","2","0","False","109","109","1080x298","1080x248","660x1329","660x1254","9","0"
"English","Dark","150","three","2","1","False","109","109","1080x298","1080x248","660x1329","660x1254","9","0"
"English","Dark","150","three","2","2","True","143","109","1080x298","1080x248","660x1329","660x1254","9","0"
"English","Dark","150","five","0","0","True","143","109","1779x298","1779x248","660x1599","660x1524","5","0"
"English","Dark","150","five","0","1","False","109","109","1779x298","1779x248","660x1599","660x1524","5","0"
"English","Dark","150","five","0","2","False","109","109","1779x298","1779x248","660x1599","660x1524","5","0"
"English","Dark","150","five","0","3","False","109","109","1779x298","1779x248","660x1599","660x1524","5","0"
"English","Dark","150","five","0","4","False","109","109","1779x298","1779x248","660x1599","660x1524","5","0"
"English","Dark","150","five","1","0","False","109","109","1779x298","1779x248","660x1599","660x1524","7","0"
"English","Dark","150","five","1","1","True","143","109","1779x298","1779x248","660x1599","660x1524","7","0"
"English","Dark","150","five","1","2","False","109","109","1779x298","1779x248","660x1599","660x1524","7","0"
"English","Dark","150","five","1","3","False","109","109","1779x298","1779x248","660x1599","660x1524","7","0"
"English","Dark","150","five","1","4","False","109","109","1779x298","1779x248","660x1599","660x1524","7","0"
"English","Dark","150","five","2","0","False","109","109","1779x298","1779x248","660x1599","660x1524","9","0"
"English","Dark","150","five","2","1","False","109","109","1779x298","1779x248","660x1599","660x1524","9","0"
"English","Dark","150","five","2","2","True","143","109","1779x298","1779x248","660x1599","660x1524","9","0"
"English","Dark","150","five","2","3","False","109","109","1779x298","1779x248","660x1599","660x1524","9","0"
"English","Dark","150","five","2","4","False","109","109","1779x298","1779x248","660x1599","660x1524","9","0"
"English","Dark","150","five","3","0","False","109","109","1779x298","1779x248","660x1599","660x1524","11","0"
"English","Dark","150","five","3","1","False","109","109","1779x298","1779x248","660x1599","660x1524","11","0"
"English","Dark","150","five","3","2","False","109","109","1779x298","1779x248","660x1599","660x1524","11","0"
"English","Dark","150","five","3","3","True","143","109","1779x298","1779x248","660x1599","660x1524","11","0"
"English","Dark","150","five","3","4","False","109","109","1779x298","1779x248","660x1599","660x1524","11","0"
"English","Dark","150","five","4","0","False","109","109","1779x298","1779x248","660x1599","660x1524","13","0"
"English","Dark","150","five","4","1","False","109","109","1779x298","1779x248","660x1599","660x1524","13","0"
"English","Dark","150","five","4","2","False","109","109","1779x298","1779x248","660x1599","660x1524","13","0"
"English","Dark","150","five","4","3","False","109","109","1779x298","1779x248","660x1599","660x1524","13","0"
"English","Dark","150","five","4","4","True","143","109","1779x298","1779x248","660x1599","660x1524","13","0"
"English","Dark","150","wrapped","0","0","True","143","109","730x628","730x578","660x1599","660x1524","5","0"
"English","Dark","150","wrapped","0","1","False","109","109","730x628","730x578","660x1599","660x1524","5","0"
"English","Dark","150","wrapped","0","2","False","109","109","730x628","730x578","660x1599","660x1524","5","0"
"English","Dark","150","wrapped","0","3","False","109","109","730x628","730x578","660x1599","660x1524","5","0"
"English","Dark","150","wrapped","0","4","False","109","109","730x628","730x578","660x1599","660x1524","5","0"
"English","Dark","150","wrapped","1","0","False","109","109","730x628","730x578","660x1599","660x1524","7","0"
"English","Dark","150","wrapped","1","1","True","143","109","730x628","730x578","660x1599","660x1524","7","0"
"English","Dark","150","wrapped","1","2","False","109","109","730x628","730x578","660x1599","660x1524","7","0"
"English","Dark","150","wrapped","1","3","False","109","109","730x628","730x578","660x1599","660x1524","7","0"
"English","Dark","150","wrapped","1","4","False","109","109","730x628","730x578","660x1599","660x1524","7","0"
"English","Dark","150","wrapped","2","0","False","109","109","730x628","730x578","660x1599","660x1524","9","0"
"English","Dark","150","wrapped","2","1","False","109","109","730x628","730x578","660x1599","660x1524","9","0"
"English","Dark","150","wrapped","2","2","True","143","109","730x628","730x578","660x1599","660x1524","9","0"
"English","Dark","150","wrapped","2","3","False","109","109","730x628","730x578","660x1599","660x1524","9","0"
"English","Dark","150","wrapped","2","4","False","109","109","730x628","730x578","660x1599","660x1524","9","0"
"English","Dark","150","wrapped","3","0","False","109","109","730x628","730x578","660x1599","660x1524","11","0"
"English","Dark","150","wrapped","3","1","False","109","109","730x628","730x578","660x1599","660x1524","11","0"
"English","Dark","150","wrapped","3","2","False","109","109","730x628","730x578","660x1599","660x1524","11","0"
"English","Dark","150","wrapped","3","3","True","143","109","730x628","730x578","660x1599","660x1524","11","0"
"English","Dark","150","wrapped","3","4","False","109","109","730x628","730x578","660x1599","660x1524","11","0"
"English","Dark","150","wrapped","4","0","False","109","109","730x628","730x578","660x1599","660x1524","13","0"
"English","Dark","150","wrapped","4","1","False","109","109","730x628","730x578","660x1599","660x1524","13","0"
"English","Dark","150","wrapped","4","2","False","109","109","730x628","730x578","660x1599","660x1524","13","0"
"English","Dark","150","wrapped","4","3","False","109","109","730x628","730x578","660x1599","660x1524","13","0"
"English","Dark","150","wrapped","4","4","True","143","109","730x628","730x578","660x1599","660x1524","13","0"
"English","Dark","150","mixed","0","0","True","143","109","1779x298","1779x248","660x1692","660x1617","5","0"
"English","Dark","150","mixed","0","1","False","109","109","1779x298","1779x248","660x1692","660x1617","5","0"
"English","Dark","150","mixed","0","2","False","109","109","1779x298","1779x248","660x1692","660x1617","5","0"
"English","Dark","150","mixed","0","3","False","109","109","1779x298","1779x248","660x1692","660x1617","5","0"
"English","Dark","150","mixed","0","4","False","109","109","1779x298","1779x248","660x1692","660x1617","5","0"
"English","Dark","150","mixed","1","0","False","109","109","1779x298","1779x248","660x1710","660x1635","7","0"
"English","Dark","150","mixed","1","1","True","143","109","1779x298","1779x248","660x1710","660x1635","7","0"
"English","Dark","150","mixed","1","2","False","109","109","1779x298","1779x248","660x1710","660x1635","7","0"
"English","Dark","150","mixed","1","3","False","109","109","1779x298","1779x248","660x1710","660x1635","7","0"
"English","Dark","150","mixed","1","4","False","109","109","1779x298","1779x248","660x1710","660x1635","7","0"
"English","Dark","150","mixed","2","0","False","109","109","1779x298","1779x248","660x1563","660x1488","9","0"
"English","Dark","150","mixed","2","1","False","109","109","1779x298","1779x248","660x1563","660x1488","9","0"
"English","Dark","150","mixed","2","2","True","143","109","1779x298","1779x248","660x1563","660x1488","9","0"
"English","Dark","150","mixed","2","3","False","109","109","1779x298","1779x248","660x1563","660x1488","9","0"
"English","Dark","150","mixed","2","4","False","109","109","1779x298","1779x248","660x1563","660x1488","9","0"
"English","Dark","150","mixed","3","0","False","109","109","1779x298","1779x248","660x1692","660x1617","11","0"
"English","Dark","150","mixed","3","1","False","109","109","1779x298","1779x248","660x1692","660x1617","11","0"
"English","Dark","150","mixed","3","2","False","109","109","1779x298","1779x248","660x1692","660x1617","11","0"
"English","Dark","150","mixed","3","3","True","143","109","1779x298","1779x248","660x1692","660x1617","11","0"
"English","Dark","150","mixed","3","4","False","109","109","1779x298","1779x248","660x1692","660x1617","11","0"
"English","Dark","150","mixed","4","0","False","109","109","1779x248","1779x248","660x1587","660x1587","13","0"
"English","Dark","150","mixed","4","1","False","109","109","1779x248","1779x248","660x1587","660x1587","13","0"
"English","Dark","150","mixed","4","2","False","109","109","1779x248","1779x248","660x1587","660x1587","13","0"
"English","Dark","150","mixed","4","3","False","109","109","1779x248","1779x248","660x1587","660x1587","13","0"
"English","Dark","150","mixed","4","4","True","109","109","1779x248","1779x248","660x1587","660x1587","13","0"
"English","Light","80","one","0","0","True","143","109","203x159","203x132","352x471","352x431","5","0"
"English","Light","80","three","0","0","True","143","109","576x159","576x132","352x709","352x669","5","0"
"English","Light","80","three","0","1","False","109","109","576x159","576x132","352x709","352x669","5","0"
"English","Light","80","three","0","2","False","109","109","576x159","576x132","352x709","352x669","5","0"
"English","Light","80","three","1","0","False","109","109","576x159","576x132","352x709","352x669","7","0"
"English","Light","80","three","1","1","True","143","109","576x159","576x132","352x709","352x669","7","0"
"English","Light","80","three","1","2","False","109","109","576x159","576x132","352x709","352x669","7","0"
"English","Light","80","three","2","0","False","109","109","576x159","576x132","352x709","352x669","9","0"
"English","Light","80","three","2","1","False","109","109","576x159","576x132","352x709","352x669","9","0"
"English","Light","80","three","2","2","True","143","109","576x159","576x132","352x709","352x669","9","0"
"English","Light","80","five","0","0","True","143","109","949x159","949x132","352x853","352x813","5","0"
"English","Light","80","five","0","1","False","109","109","949x159","949x132","352x853","352x813","5","0"
"English","Light","80","five","0","2","False","109","109","949x159","949x132","352x853","352x813","5","0"
"English","Light","80","five","0","3","False","109","109","949x159","949x132","352x853","352x813","5","0"
"English","Light","80","five","0","4","False","109","109","949x159","949x132","352x853","352x813","5","0"
"English","Light","80","five","1","0","False","109","109","949x159","949x132","352x853","352x813","7","0"
"English","Light","80","five","1","1","True","143","109","949x159","949x132","352x853","352x813","7","0"
"English","Light","80","five","1","2","False","109","109","949x159","949x132","352x853","352x813","7","0"
"English","Light","80","five","1","3","False","109","109","949x159","949x132","352x853","352x813","7","0"
"English","Light","80","five","1","4","False","109","109","949x159","949x132","352x853","352x813","7","0"
"English","Light","80","five","2","0","False","109","109","949x159","949x132","352x853","352x813","9","0"
"English","Light","80","five","2","1","False","109","109","949x159","949x132","352x853","352x813","9","0"
"English","Light","80","five","2","2","True","143","109","949x159","949x132","352x853","352x813","9","0"
"English","Light","80","five","2","3","False","109","109","949x159","949x132","352x853","352x813","9","0"
"English","Light","80","five","2","4","False","109","109","949x159","949x132","352x853","352x813","9","0"
"English","Light","80","five","3","0","False","109","109","949x159","949x132","352x853","352x813","11","0"
"English","Light","80","five","3","1","False","109","109","949x159","949x132","352x853","352x813","11","0"
"English","Light","80","five","3","2","False","109","109","949x159","949x132","352x853","352x813","11","0"
"English","Light","80","five","3","3","True","143","109","949x159","949x132","352x853","352x813","11","0"
"English","Light","80","five","3","4","False","109","109","949x159","949x132","352x853","352x813","11","0"
"English","Light","80","five","4","0","False","109","109","949x159","949x132","352x853","352x813","13","0"
"English","Light","80","five","4","1","False","109","109","949x159","949x132","352x853","352x813","13","0"
"English","Light","80","five","4","2","False","109","109","949x159","949x132","352x853","352x813","13","0"
"English","Light","80","five","4","3","False","109","109","949x159","949x132","352x853","352x813","13","0"
"English","Light","80","five","4","4","True","143","109","949x159","949x132","352x853","352x813","13","0"
"English","Light","80","wrapped","0","0","True","143","109","576x247","576x220","352x853","352x813","5","0"
"English","Light","80","wrapped","0","1","False","109","109","576x247","576x220","352x853","352x813","5","0"
"English","Light","80","wrapped","0","2","False","109","109","576x247","576x220","352x853","352x813","5","0"
"English","Light","80","wrapped","0","3","False","109","109","576x247","576x220","352x853","352x813","5","0"
"English","Light","80","wrapped","0","4","False","109","109","576x247","576x220","352x853","352x813","5","0"
"English","Light","80","wrapped","1","0","False","109","109","576x247","576x220","352x853","352x813","7","0"
"English","Light","80","wrapped","1","1","True","143","109","576x247","576x220","352x853","352x813","7","0"
"English","Light","80","wrapped","1","2","False","109","109","576x247","576x220","352x853","352x813","7","0"
"English","Light","80","wrapped","1","3","False","109","109","576x247","576x220","352x853","352x813","7","0"
"English","Light","80","wrapped","1","4","False","109","109","576x247","576x220","352x853","352x813","7","0"
"English","Light","80","wrapped","2","0","False","109","109","576x247","576x220","352x853","352x813","9","0"
"English","Light","80","wrapped","2","1","False","109","109","576x247","576x220","352x853","352x813","9","0"
"English","Light","80","wrapped","2","2","True","143","109","576x247","576x220","352x853","352x813","9","0"
"English","Light","80","wrapped","2","3","False","109","109","576x247","576x220","352x853","352x813","9","0"
"English","Light","80","wrapped","2","4","False","109","109","576x247","576x220","352x853","352x813","9","0"
"English","Light","80","wrapped","3","0","False","109","109","576x247","576x220","352x853","352x813","11","0"
"English","Light","80","wrapped","3","1","False","109","109","576x247","576x220","352x853","352x813","11","0"
"English","Light","80","wrapped","3","2","False","109","109","576x247","576x220","352x853","352x813","11","0"
"English","Light","80","wrapped","3","3","True","143","109","576x247","576x220","352x853","352x813","11","0"
"English","Light","80","wrapped","3","4","False","109","109","576x247","576x220","352x853","352x813","11","0"
"English","Light","80","wrapped","4","0","False","109","109","576x247","576x220","352x853","352x813","13","0"
"English","Light","80","wrapped","4","1","False","109","109","576x247","576x220","352x853","352x813","13","0"
"English","Light","80","wrapped","4","2","False","109","109","576x247","576x220","352x853","352x813","13","0"
"English","Light","80","wrapped","4","3","False","109","109","576x247","576x220","352x853","352x813","13","0"
"English","Light","80","wrapped","4","4","True","143","109","576x247","576x220","352x853","352x813","13","0"
"English","Light","80","mixed","0","0","True","143","109","949x159","949x132","352x902","352x862","5","0"
"English","Light","80","mixed","0","1","False","109","109","949x159","949x132","352x902","352x862","5","0"
"English","Light","80","mixed","0","2","False","109","109","949x159","949x132","352x902","352x862","5","0"
"English","Light","80","mixed","0","3","False","109","109","949x159","949x132","352x902","352x862","5","0"
"English","Light","80","mixed","0","4","False","109","109","949x159","949x132","352x902","352x862","5","0"
"English","Light","80","mixed","1","0","False","109","109","949x159","949x132","352x912","352x872","7","0"
"English","Light","80","mixed","1","1","True","143","109","949x159","949x132","352x912","352x872","7","0"
"English","Light","80","mixed","1","2","False","109","109","949x159","949x132","352x912","352x872","7","0"
"English","Light","80","mixed","1","3","False","109","109","949x159","949x132","352x912","352x872","7","0"
"English","Light","80","mixed","1","4","False","109","109","949x159","949x132","352x912","352x872","7","0"
"English","Light","80","mixed","2","0","False","109","109","949x159","949x132","352x834","352x794","9","0"
"English","Light","80","mixed","2","1","False","109","109","949x159","949x132","352x834","352x794","9","0"
"English","Light","80","mixed","2","2","True","143","109","949x159","949x132","352x834","352x794","9","0"
"English","Light","80","mixed","2","3","False","109","109","949x159","949x132","352x834","352x794","9","0"
"English","Light","80","mixed","2","4","False","109","109","949x159","949x132","352x834","352x794","9","0"
"English","Light","80","mixed","3","0","False","109","109","949x159","949x132","352x902","352x862","11","0"
"English","Light","80","mixed","3","1","False","109","109","949x159","949x132","352x902","352x862","11","0"
"English","Light","80","mixed","3","2","False","109","109","949x159","949x132","352x902","352x862","11","0"
"English","Light","80","mixed","3","3","True","143","109","949x159","949x132","352x902","352x862","11","0"
"English","Light","80","mixed","3","4","False","109","109","949x159","949x132","352x902","352x862","11","0"
"English","Light","80","mixed","4","0","False","109","109","949x132","949x132","352x846","352x846","13","0"
"English","Light","80","mixed","4","1","False","109","109","949x132","949x132","352x846","352x846","13","0"
"English","Light","80","mixed","4","2","False","109","109","949x132","949x132","352x846","352x846","13","0"
"English","Light","80","mixed","4","3","False","109","109","949x132","949x132","352x846","352x846","13","0"
"English","Light","80","mixed","4","4","True","109","109","949x132","949x132","352x846","352x846","13","0"
"English","Light","100","one","0","0","True","143","109","254x199","254x165","440x589","440x539","5","0"
"English","Light","100","three","0","0","True","143","109","720x199","720x165","440x886","440x836","5","0"
"English","Light","100","three","0","1","False","109","109","720x199","720x165","440x886","440x836","5","0"
"English","Light","100","three","0","2","False","109","109","720x199","720x165","440x886","440x836","5","0"
"English","Light","100","three","1","0","False","109","109","720x199","720x165","440x886","440x836","7","0"
"English","Light","100","three","1","1","True","143","109","720x199","720x165","440x886","440x836","7","0"
"English","Light","100","three","1","2","False","109","109","720x199","720x165","440x886","440x836","7","0"
"English","Light","100","three","2","0","False","109","109","720x199","720x165","440x886","440x836","9","0"
"English","Light","100","three","2","1","False","109","109","720x199","720x165","440x886","440x836","9","0"
"English","Light","100","three","2","2","True","143","109","720x199","720x165","440x886","440x836","9","0"
"English","Light","100","five","0","0","True","143","109","1186x199","1186x165","440x1066","440x1016","5","0"
"English","Light","100","five","0","1","False","109","109","1186x199","1186x165","440x1066","440x1016","5","0"
"English","Light","100","five","0","2","False","109","109","1186x199","1186x165","440x1066","440x1016","5","0"
"English","Light","100","five","0","3","False","109","109","1186x199","1186x165","440x1066","440x1016","5","0"
"English","Light","100","five","0","4","False","109","109","1186x199","1186x165","440x1066","440x1016","5","0"
"English","Light","100","five","1","0","False","109","109","1186x199","1186x165","440x1066","440x1016","7","0"
"English","Light","100","five","1","1","True","143","109","1186x199","1186x165","440x1066","440x1016","7","0"
"English","Light","100","five","1","2","False","109","109","1186x199","1186x165","440x1066","440x1016","7","0"
"English","Light","100","five","1","3","False","109","109","1186x199","1186x165","440x1066","440x1016","7","0"
"English","Light","100","five","1","4","False","109","109","1186x199","1186x165","440x1066","440x1016","7","0"
"English","Light","100","five","2","0","False","109","109","1186x199","1186x165","440x1066","440x1016","9","0"
"English","Light","100","five","2","1","False","109","109","1186x199","1186x165","440x1066","440x1016","9","0"
"English","Light","100","five","2","2","True","143","109","1186x199","1186x165","440x1066","440x1016","9","0"
"English","Light","100","five","2","3","False","109","109","1186x199","1186x165","440x1066","440x1016","9","0"
"English","Light","100","five","2","4","False","109","109","1186x199","1186x165","440x1066","440x1016","9","0"
"English","Light","100","five","3","0","False","109","109","1186x199","1186x165","440x1066","440x1016","11","0"
"English","Light","100","five","3","1","False","109","109","1186x199","1186x165","440x1066","440x1016","11","0"
"English","Light","100","five","3","2","False","109","109","1186x199","1186x165","440x1066","440x1016","11","0"
"English","Light","100","five","3","3","True","143","109","1186x199","1186x165","440x1066","440x1016","11","0"
"English","Light","100","five","3","4","False","109","109","1186x199","1186x165","440x1066","440x1016","11","0"
"English","Light","100","five","4","0","False","109","109","1186x199","1186x165","440x1066","440x1016","13","0"
"English","Light","100","five","4","1","False","109","109","1186x199","1186x165","440x1066","440x1016","13","0"
"English","Light","100","five","4","2","False","109","109","1186x199","1186x165","440x1066","440x1016","13","0"
"English","Light","100","five","4","3","False","109","109","1186x199","1186x165","440x1066","440x1016","13","0"
"English","Light","100","five","4","4","True","143","109","1186x199","1186x165","440x1066","440x1016","13","0"
"English","Light","100","wrapped","0","0","True","143","109","720x309","720x275","440x1066","440x1016","5","0"
"English","Light","100","wrapped","0","1","False","109","109","720x309","720x275","440x1066","440x1016","5","0"
"English","Light","100","wrapped","0","2","False","109","109","720x309","720x275","440x1066","440x1016","5","0"
"English","Light","100","wrapped","0","3","False","109","109","720x309","720x275","440x1066","440x1016","5","0"
"English","Light","100","wrapped","0","4","False","109","109","720x309","720x275","440x1066","440x1016","5","0"
"English","Light","100","wrapped","1","0","False","109","109","720x309","720x275","440x1066","440x1016","7","0"
"English","Light","100","wrapped","1","1","True","143","109","720x309","720x275","440x1066","440x1016","7","0"
"English","Light","100","wrapped","1","2","False","109","109","720x309","720x275","440x1066","440x1016","7","0"
"English","Light","100","wrapped","1","3","False","109","109","720x309","720x275","440x1066","440x1016","7","0"
"English","Light","100","wrapped","1","4","False","109","109","720x309","720x275","440x1066","440x1016","7","0"
"English","Light","100","wrapped","2","0","False","109","109","720x309","720x275","440x1066","440x1016","9","0"
"English","Light","100","wrapped","2","1","False","109","109","720x309","720x275","440x1066","440x1016","9","0"
"English","Light","100","wrapped","2","2","True","143","109","720x309","720x275","440x1066","440x1016","9","0"
"English","Light","100","wrapped","2","3","False","109","109","720x309","720x275","440x1066","440x1016","9","0"
"English","Light","100","wrapped","2","4","False","109","109","720x309","720x275","440x1066","440x1016","9","0"
"English","Light","100","wrapped","3","0","False","109","109","720x309","720x275","440x1066","440x1016","11","0"
"English","Light","100","wrapped","3","1","False","109","109","720x309","720x275","440x1066","440x1016","11","0"
"English","Light","100","wrapped","3","2","False","109","109","720x309","720x275","440x1066","440x1016","11","0"
"English","Light","100","wrapped","3","3","True","143","109","720x309","720x275","440x1066","440x1016","11","0"
"English","Light","100","wrapped","3","4","False","109","109","720x309","720x275","440x1066","440x1016","11","0"
"English","Light","100","wrapped","4","0","False","109","109","720x309","720x275","440x1066","440x1016","13","0"
"English","Light","100","wrapped","4","1","False","109","109","720x309","720x275","440x1066","440x1016","13","0"
"English","Light","100","wrapped","4","2","False","109","109","720x309","720x275","440x1066","440x1016","13","0"
"English","Light","100","wrapped","4","3","False","109","109","720x309","720x275","440x1066","440x1016","13","0"
"English","Light","100","wrapped","4","4","True","143","109","720x309","720x275","440x1066","440x1016","13","0"
"English","Light","100","mixed","0","0","True","143","109","1186x199","1186x165","440x1128","440x1078","5","0"
"English","Light","100","mixed","0","1","False","109","109","1186x199","1186x165","440x1128","440x1078","5","0"
"English","Light","100","mixed","0","2","False","109","109","1186x199","1186x165","440x1128","440x1078","5","0"
"English","Light","100","mixed","0","3","False","109","109","1186x199","1186x165","440x1128","440x1078","5","0"
"English","Light","100","mixed","0","4","False","109","109","1186x199","1186x165","440x1128","440x1078","5","0"
"English","Light","100","mixed","1","0","False","109","109","1186x199","1186x165","440x1140","440x1090","7","0"
"English","Light","100","mixed","1","1","True","143","109","1186x199","1186x165","440x1140","440x1090","7","0"
"English","Light","100","mixed","1","2","False","109","109","1186x199","1186x165","440x1140","440x1090","7","0"
"English","Light","100","mixed","1","3","False","109","109","1186x199","1186x165","440x1140","440x1090","7","0"
"English","Light","100","mixed","1","4","False","109","109","1186x199","1186x165","440x1140","440x1090","7","0"
"English","Light","100","mixed","2","0","False","109","109","1186x199","1186x165","440x1042","440x992","9","0"
"English","Light","100","mixed","2","1","False","109","109","1186x199","1186x165","440x1042","440x992","9","0"
"English","Light","100","mixed","2","2","True","143","109","1186x199","1186x165","440x1042","440x992","9","0"
"English","Light","100","mixed","2","3","False","109","109","1186x199","1186x165","440x1042","440x992","9","0"
"English","Light","100","mixed","2","4","False","109","109","1186x199","1186x165","440x1042","440x992","9","0"
"English","Light","100","mixed","3","0","False","109","109","1186x199","1186x165","440x1128","440x1078","11","0"
"English","Light","100","mixed","3","1","False","109","109","1186x199","1186x165","440x1128","440x1078","11","0"
"English","Light","100","mixed","3","2","False","109","109","1186x199","1186x165","440x1128","440x1078","11","0"
"English","Light","100","mixed","3","3","True","143","109","1186x199","1186x165","440x1128","440x1078","11","0"
"English","Light","100","mixed","3","4","False","109","109","1186x199","1186x165","440x1128","440x1078","11","0"
"English","Light","100","mixed","4","0","False","109","109","1186x165","1186x165","440x1058","440x1058","13","0"
"English","Light","100","mixed","4","1","False","109","109","1186x165","1186x165","440x1058","440x1058","13","0"
"English","Light","100","mixed","4","2","False","109","109","1186x165","1186x165","440x1058","440x1058","13","0"
"English","Light","100","mixed","4","3","False","109","109","1186x165","1186x165","440x1058","440x1058","13","0"
"English","Light","100","mixed","4","4","True","109","109","1186x165","1186x165","440x1058","440x1058","13","0"
"English","Light","150","one","0","0","True","143","109","381x298","381x248","660x884","660x808","5","0"
"English","Light","150","three","0","0","True","143","109","1080x298","1080x248","660x1329","660x1254","5","0"
"English","Light","150","three","0","1","False","109","109","1080x298","1080x248","660x1329","660x1254","5","0"
"English","Light","150","three","0","2","False","109","109","1080x298","1080x248","660x1329","660x1254","5","0"
"English","Light","150","three","1","0","False","109","109","1080x298","1080x248","660x1329","660x1254","7","0"
"English","Light","150","three","1","1","True","143","109","1080x298","1080x248","660x1329","660x1254","7","0"
"English","Light","150","three","1","2","False","109","109","1080x298","1080x248","660x1329","660x1254","7","0"
"English","Light","150","three","2","0","False","109","109","1080x298","1080x248","660x1329","660x1254","9","0"
"English","Light","150","three","2","1","False","109","109","1080x298","1080x248","660x1329","660x1254","9","0"
"English","Light","150","three","2","2","True","143","109","1080x298","1080x248","660x1329","660x1254","9","0"
"English","Light","150","five","0","0","True","143","109","1779x298","1779x248","660x1599","660x1524","5","0"
"English","Light","150","five","0","1","False","109","109","1779x298","1779x248","660x1599","660x1524","5","0"
"English","Light","150","five","0","2","False","109","109","1779x298","1779x248","660x1599","660x1524","5","0"
"English","Light","150","five","0","3","False","109","109","1779x298","1779x248","660x1599","660x1524","5","0"
"English","Light","150","five","0","4","False","109","109","1779x298","1779x248","660x1599","660x1524","5","0"
"English","Light","150","five","1","0","False","109","109","1779x298","1779x248","660x1599","660x1524","7","0"
"English","Light","150","five","1","1","True","143","109","1779x298","1779x248","660x1599","660x1524","7","0"
"English","Light","150","five","1","2","False","109","109","1779x298","1779x248","660x1599","660x1524","7","0"
"English","Light","150","five","1","3","False","109","109","1779x298","1779x248","660x1599","660x1524","7","0"
"English","Light","150","five","1","4","False","109","109","1779x298","1779x248","660x1599","660x1524","7","0"
"English","Light","150","five","2","0","False","109","109","1779x298","1779x248","660x1599","660x1524","9","0"
"English","Light","150","five","2","1","False","109","109","1779x298","1779x248","660x1599","660x1524","9","0"
"English","Light","150","five","2","2","True","143","109","1779x298","1779x248","660x1599","660x1524","9","0"
"English","Light","150","five","2","3","False","109","109","1779x298","1779x248","660x1599","660x1524","9","0"
"English","Light","150","five","2","4","False","109","109","1779x298","1779x248","660x1599","660x1524","9","0"
"English","Light","150","five","3","0","False","109","109","1779x298","1779x248","660x1599","660x1524","11","0"
"English","Light","150","five","3","1","False","109","109","1779x298","1779x248","660x1599","660x1524","11","0"
"English","Light","150","five","3","2","False","109","109","1779x298","1779x248","660x1599","660x1524","11","0"
"English","Light","150","five","3","3","True","143","109","1779x298","1779x248","660x1599","660x1524","11","0"
"English","Light","150","five","3","4","False","109","109","1779x298","1779x248","660x1599","660x1524","11","0"
"English","Light","150","five","4","0","False","109","109","1779x298","1779x248","660x1599","660x1524","13","0"
"English","Light","150","five","4","1","False","109","109","1779x298","1779x248","660x1599","660x1524","13","0"
"English","Light","150","five","4","2","False","109","109","1779x298","1779x248","660x1599","660x1524","13","0"
"English","Light","150","five","4","3","False","109","109","1779x298","1779x248","660x1599","660x1524","13","0"
"English","Light","150","five","4","4","True","143","109","1779x298","1779x248","660x1599","660x1524","13","0"
"English","Light","150","wrapped","0","0","True","143","109","730x628","730x578","660x1599","660x1524","5","0"
"English","Light","150","wrapped","0","1","False","109","109","730x628","730x578","660x1599","660x1524","5","0"
"English","Light","150","wrapped","0","2","False","109","109","730x628","730x578","660x1599","660x1524","5","0"
"English","Light","150","wrapped","0","3","False","109","109","730x628","730x578","660x1599","660x1524","5","0"
"English","Light","150","wrapped","0","4","False","109","109","730x628","730x578","660x1599","660x1524","5","0"
"English","Light","150","wrapped","1","0","False","109","109","730x628","730x578","660x1599","660x1524","7","0"
"English","Light","150","wrapped","1","1","True","143","109","730x628","730x578","660x1599","660x1524","7","0"
"English","Light","150","wrapped","1","2","False","109","109","730x628","730x578","660x1599","660x1524","7","0"
"English","Light","150","wrapped","1","3","False","109","109","730x628","730x578","660x1599","660x1524","7","0"
"English","Light","150","wrapped","1","4","False","109","109","730x628","730x578","660x1599","660x1524","7","0"
"English","Light","150","wrapped","2","0","False","109","109","730x628","730x578","660x1599","660x1524","9","0"
"English","Light","150","wrapped","2","1","False","109","109","730x628","730x578","660x1599","660x1524","9","0"
"English","Light","150","wrapped","2","2","True","143","109","730x628","730x578","660x1599","660x1524","9","0"
"English","Light","150","wrapped","2","3","False","109","109","730x628","730x578","660x1599","660x1524","9","0"
"English","Light","150","wrapped","2","4","False","109","109","730x628","730x578","660x1599","660x1524","9","0"
"English","Light","150","wrapped","3","0","False","109","109","730x628","730x578","660x1599","660x1524","11","0"
"English","Light","150","wrapped","3","1","False","109","109","730x628","730x578","660x1599","660x1524","11","0"
"English","Light","150","wrapped","3","2","False","109","109","730x628","730x578","660x1599","660x1524","11","0"
"English","Light","150","wrapped","3","3","True","143","109","730x628","730x578","660x1599","660x1524","11","0"
"English","Light","150","wrapped","3","4","False","109","109","730x628","730x578","660x1599","660x1524","11","0"
"English","Light","150","wrapped","4","0","False","109","109","730x628","730x578","660x1599","660x1524","13","0"
"English","Light","150","wrapped","4","1","False","109","109","730x628","730x578","660x1599","660x1524","13","0"
"English","Light","150","wrapped","4","2","False","109","109","730x628","730x578","660x1599","660x1524","13","0"
"English","Light","150","wrapped","4","3","False","109","109","730x628","730x578","660x1599","660x1524","13","0"
"English","Light","150","wrapped","4","4","True","143","109","730x628","730x578","660x1599","660x1524","13","0"
"English","Light","150","mixed","0","0","True","143","109","1779x298","1779x248","660x1692","660x1617","5","0"
"English","Light","150","mixed","0","1","False","109","109","1779x298","1779x248","660x1692","660x1617","5","0"
"English","Light","150","mixed","0","2","False","109","109","1779x298","1779x248","660x1692","660x1617","5","0"
"English","Light","150","mixed","0","3","False","109","109","1779x298","1779x248","660x1692","660x1617","5","0"
"English","Light","150","mixed","0","4","False","109","109","1779x298","1779x248","660x1692","660x1617","5","0"
"English","Light","150","mixed","1","0","False","109","109","1779x298","1779x248","660x1710","660x1635","7","0"
"English","Light","150","mixed","1","1","True","143","109","1779x298","1779x248","660x1710","660x1635","7","0"
"English","Light","150","mixed","1","2","False","109","109","1779x298","1779x248","660x1710","660x1635","7","0"
"English","Light","150","mixed","1","3","False","109","109","1779x298","1779x248","660x1710","660x1635","7","0"
"English","Light","150","mixed","1","4","False","109","109","1779x298","1779x248","660x1710","660x1635","7","0"
"English","Light","150","mixed","2","0","False","109","109","1779x298","1779x248","660x1563","660x1488","9","0"
"English","Light","150","mixed","2","1","False","109","109","1779x298","1779x248","660x1563","660x1488","9","0"
"English","Light","150","mixed","2","2","True","143","109","1779x298","1779x248","660x1563","660x1488","9","0"
"English","Light","150","mixed","2","3","False","109","109","1779x298","1779x248","660x1563","660x1488","9","0"
"English","Light","150","mixed","2","4","False","109","109","1779x298","1779x248","660x1563","660x1488","9","0"
"English","Light","150","mixed","3","0","False","109","109","1779x298","1779x248","660x1692","660x1617","11","0"
"English","Light","150","mixed","3","1","False","109","109","1779x298","1779x248","660x1692","660x1617","11","0"
"English","Light","150","mixed","3","2","False","109","109","1779x298","1779x248","660x1692","660x1617","11","0"
"English","Light","150","mixed","3","3","True","143","109","1779x298","1779x248","660x1692","660x1617","11","0"
"English","Light","150","mixed","3","4","False","109","109","1779x298","1779x248","660x1692","660x1617","11","0"
"English","Light","150","mixed","4","0","False","109","109","1779x248","1779x248","660x1587","660x1587","13","0"
"English","Light","150","mixed","4","1","False","109","109","1779x248","1779x248","660x1587","660x1587","13","0"
"English","Light","150","mixed","4","2","False","109","109","1779x248","1779x248","660x1587","660x1587","13","0"
"English","Light","150","mixed","4","3","False","109","109","1779x248","1779x248","660x1587","660x1587","13","0"
"English","Light","150","mixed","4","4","True","109","109","1779x248","1779x248","660x1587","660x1587","13","0"
"Korean","Dark","80","one","0","0","True","143","109","203x159","203x132","352x471","352x431","5","0"
"Korean","Dark","80","three","0","0","True","143","109","576x159","576x132","352x709","352x669","5","0"
"Korean","Dark","80","three","0","1","False","109","109","576x159","576x132","352x709","352x669","5","0"
"Korean","Dark","80","three","0","2","False","109","109","576x159","576x132","352x709","352x669","5","0"
"Korean","Dark","80","three","1","0","False","109","109","576x159","576x132","352x709","352x669","7","0"
"Korean","Dark","80","three","1","1","True","143","109","576x159","576x132","352x709","352x669","7","0"
"Korean","Dark","80","three","1","2","False","109","109","576x159","576x132","352x709","352x669","7","0"
"Korean","Dark","80","three","2","0","False","109","109","576x159","576x132","352x709","352x669","9","0"
"Korean","Dark","80","three","2","1","False","109","109","576x159","576x132","352x709","352x669","9","0"
"Korean","Dark","80","three","2","2","True","143","109","576x159","576x132","352x709","352x669","9","0"
"Korean","Dark","80","five","0","0","True","143","109","949x159","949x132","352x853","352x813","5","0"
"Korean","Dark","80","five","0","1","False","109","109","949x159","949x132","352x853","352x813","5","0"
"Korean","Dark","80","five","0","2","False","109","109","949x159","949x132","352x853","352x813","5","0"
"Korean","Dark","80","five","0","3","False","109","109","949x159","949x132","352x853","352x813","5","0"
"Korean","Dark","80","five","0","4","False","109","109","949x159","949x132","352x853","352x813","5","0"
"Korean","Dark","80","five","1","0","False","109","109","949x159","949x132","352x853","352x813","7","0"
"Korean","Dark","80","five","1","1","True","143","109","949x159","949x132","352x853","352x813","7","0"
"Korean","Dark","80","five","1","2","False","109","109","949x159","949x132","352x853","352x813","7","0"
"Korean","Dark","80","five","1","3","False","109","109","949x159","949x132","352x853","352x813","7","0"
"Korean","Dark","80","five","1","4","False","109","109","949x159","949x132","352x853","352x813","7","0"
"Korean","Dark","80","five","2","0","False","109","109","949x159","949x132","352x853","352x813","9","0"
"Korean","Dark","80","five","2","1","False","109","109","949x159","949x132","352x853","352x813","9","0"
"Korean","Dark","80","five","2","2","True","143","109","949x159","949x132","352x853","352x813","9","0"
"Korean","Dark","80","five","2","3","False","109","109","949x159","949x132","352x853","352x813","9","0"
"Korean","Dark","80","five","2","4","False","109","109","949x159","949x132","352x853","352x813","9","0"
"Korean","Dark","80","five","3","0","False","109","109","949x159","949x132","352x853","352x813","11","0"
"Korean","Dark","80","five","3","1","False","109","109","949x159","949x132","352x853","352x813","11","0"
"Korean","Dark","80","five","3","2","False","109","109","949x159","949x132","352x853","352x813","11","0"
"Korean","Dark","80","five","3","3","True","143","109","949x159","949x132","352x853","352x813","11","0"
"Korean","Dark","80","five","3","4","False","109","109","949x159","949x132","352x853","352x813","11","0"
"Korean","Dark","80","five","4","0","False","109","109","949x159","949x132","352x853","352x813","13","0"
"Korean","Dark","80","five","4","1","False","109","109","949x159","949x132","352x853","352x813","13","0"
"Korean","Dark","80","five","4","2","False","109","109","949x159","949x132","352x853","352x813","13","0"
"Korean","Dark","80","five","4","3","False","109","109","949x159","949x132","352x853","352x813","13","0"
"Korean","Dark","80","five","4","4","True","143","109","949x159","949x132","352x853","352x813","13","0"
"Korean","Dark","80","wrapped","0","0","True","143","109","576x247","576x220","352x853","352x813","5","0"
"Korean","Dark","80","wrapped","0","1","False","109","109","576x247","576x220","352x853","352x813","5","0"
"Korean","Dark","80","wrapped","0","2","False","109","109","576x247","576x220","352x853","352x813","5","0"
"Korean","Dark","80","wrapped","0","3","False","109","109","576x247","576x220","352x853","352x813","5","0"
"Korean","Dark","80","wrapped","0","4","False","109","109","576x247","576x220","352x853","352x813","5","0"
"Korean","Dark","80","wrapped","1","0","False","109","109","576x247","576x220","352x853","352x813","7","0"
"Korean","Dark","80","wrapped","1","1","True","143","109","576x247","576x220","352x853","352x813","7","0"
"Korean","Dark","80","wrapped","1","2","False","109","109","576x247","576x220","352x853","352x813","7","0"
"Korean","Dark","80","wrapped","1","3","False","109","109","576x247","576x220","352x853","352x813","7","0"
"Korean","Dark","80","wrapped","1","4","False","109","109","576x247","576x220","352x853","352x813","7","0"
"Korean","Dark","80","wrapped","2","0","False","109","109","576x247","576x220","352x853","352x813","9","0"
"Korean","Dark","80","wrapped","2","1","False","109","109","576x247","576x220","352x853","352x813","9","0"
"Korean","Dark","80","wrapped","2","2","True","143","109","576x247","576x220","352x853","352x813","9","0"
"Korean","Dark","80","wrapped","2","3","False","109","109","576x247","576x220","352x853","352x813","9","0"
"Korean","Dark","80","wrapped","2","4","False","109","109","576x247","576x220","352x853","352x813","9","0"
"Korean","Dark","80","wrapped","3","0","False","109","109","576x247","576x220","352x853","352x813","11","0"
"Korean","Dark","80","wrapped","3","1","False","109","109","576x247","576x220","352x853","352x813","11","0"
"Korean","Dark","80","wrapped","3","2","False","109","109","576x247","576x220","352x853","352x813","11","0"
"Korean","Dark","80","wrapped","3","3","True","143","109","576x247","576x220","352x853","352x813","11","0"
"Korean","Dark","80","wrapped","3","4","False","109","109","576x247","576x220","352x853","352x813","11","0"
"Korean","Dark","80","wrapped","4","0","False","109","109","576x247","576x220","352x853","352x813","13","0"
"Korean","Dark","80","wrapped","4","1","False","109","109","576x247","576x220","352x853","352x813","13","0"
"Korean","Dark","80","wrapped","4","2","False","109","109","576x247","576x220","352x853","352x813","13","0"
"Korean","Dark","80","wrapped","4","3","False","109","109","576x247","576x220","352x853","352x813","13","0"
"Korean","Dark","80","wrapped","4","4","True","143","109","576x247","576x220","352x853","352x813","13","0"
"Korean","Dark","80","mixed","0","0","True","143","109","949x159","949x132","352x902","352x862","5","0"
"Korean","Dark","80","mixed","0","1","False","109","109","949x159","949x132","352x902","352x862","5","0"
"Korean","Dark","80","mixed","0","2","False","109","109","949x159","949x132","352x902","352x862","5","0"
"Korean","Dark","80","mixed","0","3","False","109","109","949x159","949x132","352x902","352x862","5","0"
"Korean","Dark","80","mixed","0","4","False","109","109","949x159","949x132","352x902","352x862","5","0"
"Korean","Dark","80","mixed","1","0","False","109","109","949x159","949x132","352x912","352x872","7","0"
"Korean","Dark","80","mixed","1","1","True","143","109","949x159","949x132","352x912","352x872","7","0"
"Korean","Dark","80","mixed","1","2","False","109","109","949x159","949x132","352x912","352x872","7","0"
"Korean","Dark","80","mixed","1","3","False","109","109","949x159","949x132","352x912","352x872","7","0"
"Korean","Dark","80","mixed","1","4","False","109","109","949x159","949x132","352x912","352x872","7","0"
"Korean","Dark","80","mixed","2","0","False","109","109","949x159","949x132","352x834","352x794","9","0"
"Korean","Dark","80","mixed","2","1","False","109","109","949x159","949x132","352x834","352x794","9","0"
"Korean","Dark","80","mixed","2","2","True","143","109","949x159","949x132","352x834","352x794","9","0"
"Korean","Dark","80","mixed","2","3","False","109","109","949x159","949x132","352x834","352x794","9","0"
"Korean","Dark","80","mixed","2","4","False","109","109","949x159","949x132","352x834","352x794","9","0"
"Korean","Dark","80","mixed","3","0","False","109","109","949x159","949x132","352x902","352x862","11","0"
"Korean","Dark","80","mixed","3","1","False","109","109","949x159","949x132","352x902","352x862","11","0"
"Korean","Dark","80","mixed","3","2","False","109","109","949x159","949x132","352x902","352x862","11","0"
"Korean","Dark","80","mixed","3","3","True","143","109","949x159","949x132","352x902","352x862","11","0"
"Korean","Dark","80","mixed","3","4","False","109","109","949x159","949x132","352x902","352x862","11","0"
"Korean","Dark","80","mixed","4","0","False","109","109","949x132","949x132","352x846","352x846","13","0"
"Korean","Dark","80","mixed","4","1","False","109","109","949x132","949x132","352x846","352x846","13","0"
"Korean","Dark","80","mixed","4","2","False","109","109","949x132","949x132","352x846","352x846","13","0"
"Korean","Dark","80","mixed","4","3","False","109","109","949x132","949x132","352x846","352x846","13","0"
"Korean","Dark","80","mixed","4","4","True","109","109","949x132","949x132","352x846","352x846","13","0"
"Korean","Dark","100","one","0","0","True","143","109","254x199","254x165","440x589","440x539","5","0"
"Korean","Dark","100","three","0","0","True","143","109","720x199","720x165","440x886","440x836","5","0"
"Korean","Dark","100","three","0","1","False","109","109","720x199","720x165","440x886","440x836","5","0"
"Korean","Dark","100","three","0","2","False","109","109","720x199","720x165","440x886","440x836","5","0"
"Korean","Dark","100","three","1","0","False","109","109","720x199","720x165","440x886","440x836","7","0"
"Korean","Dark","100","three","1","1","True","143","109","720x199","720x165","440x886","440x836","7","0"
"Korean","Dark","100","three","1","2","False","109","109","720x199","720x165","440x886","440x836","7","0"
"Korean","Dark","100","three","2","0","False","109","109","720x199","720x165","440x886","440x836","9","0"
"Korean","Dark","100","three","2","1","False","109","109","720x199","720x165","440x886","440x836","9","0"
"Korean","Dark","100","three","2","2","True","143","109","720x199","720x165","440x886","440x836","9","0"
"Korean","Dark","100","five","0","0","True","143","109","1186x199","1186x165","440x1066","440x1016","5","0"
"Korean","Dark","100","five","0","1","False","109","109","1186x199","1186x165","440x1066","440x1016","5","0"
"Korean","Dark","100","five","0","2","False","109","109","1186x199","1186x165","440x1066","440x1016","5","0"
"Korean","Dark","100","five","0","3","False","109","109","1186x199","1186x165","440x1066","440x1016","5","0"
"Korean","Dark","100","five","0","4","False","109","109","1186x199","1186x165","440x1066","440x1016","5","0"
"Korean","Dark","100","five","1","0","False","109","109","1186x199","1186x165","440x1066","440x1016","7","0"
"Korean","Dark","100","five","1","1","True","143","109","1186x199","1186x165","440x1066","440x1016","7","0"
"Korean","Dark","100","five","1","2","False","109","109","1186x199","1186x165","440x1066","440x1016","7","0"
"Korean","Dark","100","five","1","3","False","109","109","1186x199","1186x165","440x1066","440x1016","7","0"
"Korean","Dark","100","five","1","4","False","109","109","1186x199","1186x165","440x1066","440x1016","7","0"
"Korean","Dark","100","five","2","0","False","109","109","1186x199","1186x165","440x1066","440x1016","9","0"
"Korean","Dark","100","five","2","1","False","109","109","1186x199","1186x165","440x1066","440x1016","9","0"
"Korean","Dark","100","five","2","2","True","143","109","1186x199","1186x165","440x1066","440x1016","9","0"
"Korean","Dark","100","five","2","3","False","109","109","1186x199","1186x165","440x1066","440x1016","9","0"
"Korean","Dark","100","five","2","4","False","109","109","1186x199","1186x165","440x1066","440x1016","9","0"
"Korean","Dark","100","five","3","0","False","109","109","1186x199","1186x165","440x1066","440x1016","11","0"
"Korean","Dark","100","five","3","1","False","109","109","1186x199","1186x165","440x1066","440x1016","11","0"
"Korean","Dark","100","five","3","2","False","109","109","1186x199","1186x165","440x1066","440x1016","11","0"
"Korean","Dark","100","five","3","3","True","143","109","1186x199","1186x165","440x1066","440x1016","11","0"
"Korean","Dark","100","five","3","4","False","109","109","1186x199","1186x165","440x1066","440x1016","11","0"
"Korean","Dark","100","five","4","0","False","109","109","1186x199","1186x165","440x1066","440x1016","13","0"
"Korean","Dark","100","five","4","1","False","109","109","1186x199","1186x165","440x1066","440x1016","13","0"
"Korean","Dark","100","five","4","2","False","109","109","1186x199","1186x165","440x1066","440x1016","13","0"
"Korean","Dark","100","five","4","3","False","109","109","1186x199","1186x165","440x1066","440x1016","13","0"
"Korean","Dark","100","five","4","4","True","143","109","1186x199","1186x165","440x1066","440x1016","13","0"
"Korean","Dark","100","wrapped","0","0","True","143","109","720x309","720x275","440x1066","440x1016","5","0"
"Korean","Dark","100","wrapped","0","1","False","109","109","720x309","720x275","440x1066","440x1016","5","0"
"Korean","Dark","100","wrapped","0","2","False","109","109","720x309","720x275","440x1066","440x1016","5","0"
"Korean","Dark","100","wrapped","0","3","False","109","109","720x309","720x275","440x1066","440x1016","5","0"
"Korean","Dark","100","wrapped","0","4","False","109","109","720x309","720x275","440x1066","440x1016","5","0"
"Korean","Dark","100","wrapped","1","0","False","109","109","720x309","720x275","440x1066","440x1016","7","0"
"Korean","Dark","100","wrapped","1","1","True","143","109","720x309","720x275","440x1066","440x1016","7","0"
"Korean","Dark","100","wrapped","1","2","False","109","109","720x309","720x275","440x1066","440x1016","7","0"
"Korean","Dark","100","wrapped","1","3","False","109","109","720x309","720x275","440x1066","440x1016","7","0"
"Korean","Dark","100","wrapped","1","4","False","109","109","720x309","720x275","440x1066","440x1016","7","0"
"Korean","Dark","100","wrapped","2","0","False","109","109","720x309","720x275","440x1066","440x1016","9","0"
"Korean","Dark","100","wrapped","2","1","False","109","109","720x309","720x275","440x1066","440x1016","9","0"
"Korean","Dark","100","wrapped","2","2","True","143","109","720x309","720x275","440x1066","440x1016","9","0"
"Korean","Dark","100","wrapped","2","3","False","109","109","720x309","720x275","440x1066","440x1016","9","0"
"Korean","Dark","100","wrapped","2","4","False","109","109","720x309","720x275","440x1066","440x1016","9","0"
"Korean","Dark","100","wrapped","3","0","False","109","109","720x309","720x275","440x1066","440x1016","11","0"
"Korean","Dark","100","wrapped","3","1","False","109","109","720x309","720x275","440x1066","440x1016","11","0"
"Korean","Dark","100","wrapped","3","2","False","109","109","720x309","720x275","440x1066","440x1016","11","0"
"Korean","Dark","100","wrapped","3","3","True","143","109","720x309","720x275","440x1066","440x1016","11","0"
"Korean","Dark","100","wrapped","3","4","False","109","109","720x309","720x275","440x1066","440x1016","11","0"
"Korean","Dark","100","wrapped","4","0","False","109","109","720x309","720x275","440x1066","440x1016","13","0"
"Korean","Dark","100","wrapped","4","1","False","109","109","720x309","720x275","440x1066","440x1016","13","0"
"Korean","Dark","100","wrapped","4","2","False","109","109","720x309","720x275","440x1066","440x1016","13","0"
"Korean","Dark","100","wrapped","4","3","False","109","109","720x309","720x275","440x1066","440x1016","13","0"
"Korean","Dark","100","wrapped","4","4","True","143","109","720x309","720x275","440x1066","440x1016","13","0"
"Korean","Dark","100","mixed","0","0","True","143","109","1186x199","1186x165","440x1128","440x1078","5","0"
"Korean","Dark","100","mixed","0","1","False","109","109","1186x199","1186x165","440x1128","440x1078","5","0"
"Korean","Dark","100","mixed","0","2","False","109","109","1186x199","1186x165","440x1128","440x1078","5","0"
"Korean","Dark","100","mixed","0","3","False","109","109","1186x199","1186x165","440x1128","440x1078","5","0"
"Korean","Dark","100","mixed","0","4","False","109","109","1186x199","1186x165","440x1128","440x1078","5","0"
"Korean","Dark","100","mixed","1","0","False","109","109","1186x199","1186x165","440x1140","440x1090","7","0"
"Korean","Dark","100","mixed","1","1","True","143","109","1186x199","1186x165","440x1140","440x1090","7","0"
"Korean","Dark","100","mixed","1","2","False","109","109","1186x199","1186x165","440x1140","440x1090","7","0"
"Korean","Dark","100","mixed","1","3","False","109","109","1186x199","1186x165","440x1140","440x1090","7","0"
"Korean","Dark","100","mixed","1","4","False","109","109","1186x199","1186x165","440x1140","440x1090","7","0"
"Korean","Dark","100","mixed","2","0","False","109","109","1186x199","1186x165","440x1042","440x992","9","0"
"Korean","Dark","100","mixed","2","1","False","109","109","1186x199","1186x165","440x1042","440x992","9","0"
"Korean","Dark","100","mixed","2","2","True","143","109","1186x199","1186x165","440x1042","440x992","9","0"
"Korean","Dark","100","mixed","2","3","False","109","109","1186x199","1186x165","440x1042","440x992","9","0"
"Korean","Dark","100","mixed","2","4","False","109","109","1186x199","1186x165","440x1042","440x992","9","0"
"Korean","Dark","100","mixed","3","0","False","109","109","1186x199","1186x165","440x1128","440x1078","11","0"
"Korean","Dark","100","mixed","3","1","False","109","109","1186x199","1186x165","440x1128","440x1078","11","0"
"Korean","Dark","100","mixed","3","2","False","109","109","1186x199","1186x165","440x1128","440x1078","11","0"
"Korean","Dark","100","mixed","3","3","True","143","109","1186x199","1186x165","440x1128","440x1078","11","0"
"Korean","Dark","100","mixed","3","4","False","109","109","1186x199","1186x165","440x1128","440x1078","11","0"
"Korean","Dark","100","mixed","4","0","False","109","109","1186x165","1186x165","440x1058","440x1058","13","0"
"Korean","Dark","100","mixed","4","1","False","109","109","1186x165","1186x165","440x1058","440x1058","13","0"
"Korean","Dark","100","mixed","4","2","False","109","109","1186x165","1186x165","440x1058","440x1058","13","0"
"Korean","Dark","100","mixed","4","3","False","109","109","1186x165","1186x165","440x1058","440x1058","13","0"
"Korean","Dark","100","mixed","4","4","True","109","109","1186x165","1186x165","440x1058","440x1058","13","0"
"Korean","Dark","150","one","0","0","True","143","109","381x298","381x248","660x884","660x808","5","0"
"Korean","Dark","150","three","0","0","True","143","109","1080x298","1080x248","660x1329","660x1254","5","0"
"Korean","Dark","150","three","0","1","False","109","109","1080x298","1080x248","660x1329","660x1254","5","0"
"Korean","Dark","150","three","0","2","False","109","109","1080x298","1080x248","660x1329","660x1254","5","0"
"Korean","Dark","150","three","1","0","False","109","109","1080x298","1080x248","660x1329","660x1254","7","0"
"Korean","Dark","150","three","1","1","True","143","109","1080x298","1080x248","660x1329","660x1254","7","0"
"Korean","Dark","150","three","1","2","False","109","109","1080x298","1080x248","660x1329","660x1254","7","0"
"Korean","Dark","150","three","2","0","False","109","109","1080x298","1080x248","660x1329","660x1254","9","0"
"Korean","Dark","150","three","2","1","False","109","109","1080x298","1080x248","660x1329","660x1254","9","0"
"Korean","Dark","150","three","2","2","True","143","109","1080x298","1080x248","660x1329","660x1254","9","0"
"Korean","Dark","150","five","0","0","True","143","109","1779x298","1779x248","660x1599","660x1524","5","0"
"Korean","Dark","150","five","0","1","False","109","109","1779x298","1779x248","660x1599","660x1524","5","0"
"Korean","Dark","150","five","0","2","False","109","109","1779x298","1779x248","660x1599","660x1524","5","0"
"Korean","Dark","150","five","0","3","False","109","109","1779x298","1779x248","660x1599","660x1524","5","0"
"Korean","Dark","150","five","0","4","False","109","109","1779x298","1779x248","660x1599","660x1524","5","0"
"Korean","Dark","150","five","1","0","False","109","109","1779x298","1779x248","660x1599","660x1524","7","0"
"Korean","Dark","150","five","1","1","True","143","109","1779x298","1779x248","660x1599","660x1524","7","0"
"Korean","Dark","150","five","1","2","False","109","109","1779x298","1779x248","660x1599","660x1524","7","0"
"Korean","Dark","150","five","1","3","False","109","109","1779x298","1779x248","660x1599","660x1524","7","0"
"Korean","Dark","150","five","1","4","False","109","109","1779x298","1779x248","660x1599","660x1524","7","0"
"Korean","Dark","150","five","2","0","False","109","109","1779x298","1779x248","660x1599","660x1524","9","0"
"Korean","Dark","150","five","2","1","False","109","109","1779x298","1779x248","660x1599","660x1524","9","0"
"Korean","Dark","150","five","2","2","True","143","109","1779x298","1779x248","660x1599","660x1524","9","0"
"Korean","Dark","150","five","2","3","False","109","109","1779x298","1779x248","660x1599","660x1524","9","0"
"Korean","Dark","150","five","2","4","False","109","109","1779x298","1779x248","660x1599","660x1524","9","0"
"Korean","Dark","150","five","3","0","False","109","109","1779x298","1779x248","660x1599","660x1524","11","0"
"Korean","Dark","150","five","3","1","False","109","109","1779x298","1779x248","660x1599","660x1524","11","0"
"Korean","Dark","150","five","3","2","False","109","109","1779x298","1779x248","660x1599","660x1524","11","0"
"Korean","Dark","150","five","3","3","True","143","109","1779x298","1779x248","660x1599","660x1524","11","0"
"Korean","Dark","150","five","3","4","False","109","109","1779x298","1779x248","660x1599","660x1524","11","0"
"Korean","Dark","150","five","4","0","False","109","109","1779x298","1779x248","660x1599","660x1524","13","0"
"Korean","Dark","150","five","4","1","False","109","109","1779x298","1779x248","660x1599","660x1524","13","0"
"Korean","Dark","150","five","4","2","False","109","109","1779x298","1779x248","660x1599","660x1524","13","0"
"Korean","Dark","150","five","4","3","False","109","109","1779x298","1779x248","660x1599","660x1524","13","0"
"Korean","Dark","150","five","4","4","True","143","109","1779x298","1779x248","660x1599","660x1524","13","0"
"Korean","Dark","150","wrapped","0","0","True","143","109","730x628","730x578","660x1599","660x1524","5","0"
"Korean","Dark","150","wrapped","0","1","False","109","109","730x628","730x578","660x1599","660x1524","5","0"
"Korean","Dark","150","wrapped","0","2","False","109","109","730x628","730x578","660x1599","660x1524","5","0"
"Korean","Dark","150","wrapped","0","3","False","109","109","730x628","730x578","660x1599","660x1524","5","0"
"Korean","Dark","150","wrapped","0","4","False","109","109","730x628","730x578","660x1599","660x1524","5","0"
"Korean","Dark","150","wrapped","1","0","False","109","109","730x628","730x578","660x1599","660x1524","7","0"
"Korean","Dark","150","wrapped","1","1","True","143","109","730x628","730x578","660x1599","660x1524","7","0"
"Korean","Dark","150","wrapped","1","2","False","109","109","730x628","730x578","660x1599","660x1524","7","0"
"Korean","Dark","150","wrapped","1","3","False","109","109","730x628","730x578","660x1599","660x1524","7","0"
"Korean","Dark","150","wrapped","1","4","False","109","109","730x628","730x578","660x1599","660x1524","7","0"
"Korean","Dark","150","wrapped","2","0","False","109","109","730x628","730x578","660x1599","660x1524","9","0"
"Korean","Dark","150","wrapped","2","1","False","109","109","730x628","730x578","660x1599","660x1524","9","0"
"Korean","Dark","150","wrapped","2","2","True","143","109","730x628","730x578","660x1599","660x1524","9","0"
"Korean","Dark","150","wrapped","2","3","False","109","109","730x628","730x578","660x1599","660x1524","9","0"
"Korean","Dark","150","wrapped","2","4","False","109","109","730x628","730x578","660x1599","660x1524","9","0"
"Korean","Dark","150","wrapped","3","0","False","109","109","730x628","730x578","660x1599","660x1524","11","0"
"Korean","Dark","150","wrapped","3","1","False","109","109","730x628","730x578","660x1599","660x1524","11","0"
"Korean","Dark","150","wrapped","3","2","False","109","109","730x628","730x578","660x1599","660x1524","11","0"
"Korean","Dark","150","wrapped","3","3","True","143","109","730x628","730x578","660x1599","660x1524","11","0"
"Korean","Dark","150","wrapped","3","4","False","109","109","730x628","730x578","660x1599","660x1524","11","0"
"Korean","Dark","150","wrapped","4","0","False","109","109","730x628","730x578","660x1599","660x1524","13","0"
"Korean","Dark","150","wrapped","4","1","False","109","109","730x628","730x578","660x1599","660x1524","13","0"
"Korean","Dark","150","wrapped","4","2","False","109","109","730x628","730x578","660x1599","660x1524","13","0"
"Korean","Dark","150","wrapped","4","3","False","109","109","730x628","730x578","660x1599","660x1524","13","0"
"Korean","Dark","150","wrapped","4","4","True","143","109","730x628","730x578","660x1599","660x1524","13","0"
"Korean","Dark","150","mixed","0","0","True","143","109","1779x298","1779x248","660x1692","660x1617","5","0"
"Korean","Dark","150","mixed","0","1","False","109","109","1779x298","1779x248","660x1692","660x1617","5","0"
"Korean","Dark","150","mixed","0","2","False","109","109","1779x298","1779x248","660x1692","660x1617","5","0"
"Korean","Dark","150","mixed","0","3","False","109","109","1779x298","1779x248","660x1692","660x1617","5","0"
"Korean","Dark","150","mixed","0","4","False","109","109","1779x298","1779x248","660x1692","660x1617","5","0"
"Korean","Dark","150","mixed","1","0","False","109","109","1779x298","1779x248","660x1710","660x1635","7","0"
"Korean","Dark","150","mixed","1","1","True","143","109","1779x298","1779x248","660x1710","660x1635","7","0"
"Korean","Dark","150","mixed","1","2","False","109","109","1779x298","1779x248","660x1710","660x1635","7","0"
"Korean","Dark","150","mixed","1","3","False","109","109","1779x298","1779x248","660x1710","660x1635","7","0"
"Korean","Dark","150","mixed","1","4","False","109","109","1779x298","1779x248","660x1710","660x1635","7","0"
"Korean","Dark","150","mixed","2","0","False","109","109","1779x298","1779x248","660x1563","660x1488","9","0"
"Korean","Dark","150","mixed","2","1","False","109","109","1779x298","1779x248","660x1563","660x1488","9","0"
"Korean","Dark","150","mixed","2","2","True","143","109","1779x298","1779x248","660x1563","660x1488","9","0"
"Korean","Dark","150","mixed","2","3","False","109","109","1779x298","1779x248","660x1563","660x1488","9","0"
"Korean","Dark","150","mixed","2","4","False","109","109","1779x298","1779x248","660x1563","660x1488","9","0"
"Korean","Dark","150","mixed","3","0","False","109","109","1779x298","1779x248","660x1692","660x1617","11","0"
"Korean","Dark","150","mixed","3","1","False","109","109","1779x298","1779x248","660x1692","660x1617","11","0"
"Korean","Dark","150","mixed","3","2","False","109","109","1779x298","1779x248","660x1692","660x1617","11","0"
"Korean","Dark","150","mixed","3","3","True","143","109","1779x298","1779x248","660x1692","660x1617","11","0"
"Korean","Dark","150","mixed","3","4","False","109","109","1779x298","1779x248","660x1692","660x1617","11","0"
"Korean","Dark","150","mixed","4","0","False","109","109","1779x248","1779x248","660x1587","660x1587","13","0"
"Korean","Dark","150","mixed","4","1","False","109","109","1779x248","1779x248","660x1587","660x1587","13","0"
"Korean","Dark","150","mixed","4","2","False","109","109","1779x248","1779x248","660x1587","660x1587","13","0"
"Korean","Dark","150","mixed","4","3","False","109","109","1779x248","1779x248","660x1587","660x1587","13","0"
"Korean","Dark","150","mixed","4","4","True","109","109","1779x248","1779x248","660x1587","660x1587","13","0"
"Korean","Light","80","one","0","0","True","143","109","203x159","203x132","352x471","352x431","5","0"
"Korean","Light","80","three","0","0","True","143","109","576x159","576x132","352x709","352x669","5","0"
"Korean","Light","80","three","0","1","False","109","109","576x159","576x132","352x709","352x669","5","0"
"Korean","Light","80","three","0","2","False","109","109","576x159","576x132","352x709","352x669","5","0"
"Korean","Light","80","three","1","0","False","109","109","576x159","576x132","352x709","352x669","7","0"
"Korean","Light","80","three","1","1","True","143","109","576x159","576x132","352x709","352x669","7","0"
"Korean","Light","80","three","1","2","False","109","109","576x159","576x132","352x709","352x669","7","0"
"Korean","Light","80","three","2","0","False","109","109","576x159","576x132","352x709","352x669","9","0"
"Korean","Light","80","three","2","1","False","109","109","576x159","576x132","352x709","352x669","9","0"
"Korean","Light","80","three","2","2","True","143","109","576x159","576x132","352x709","352x669","9","0"
"Korean","Light","80","five","0","0","True","143","109","949x159","949x132","352x853","352x813","5","0"
"Korean","Light","80","five","0","1","False","109","109","949x159","949x132","352x853","352x813","5","0"
"Korean","Light","80","five","0","2","False","109","109","949x159","949x132","352x853","352x813","5","0"
"Korean","Light","80","five","0","3","False","109","109","949x159","949x132","352x853","352x813","5","0"
"Korean","Light","80","five","0","4","False","109","109","949x159","949x132","352x853","352x813","5","0"
"Korean","Light","80","five","1","0","False","109","109","949x159","949x132","352x853","352x813","7","0"
"Korean","Light","80","five","1","1","True","143","109","949x159","949x132","352x853","352x813","7","0"
"Korean","Light","80","five","1","2","False","109","109","949x159","949x132","352x853","352x813","7","0"
"Korean","Light","80","five","1","3","False","109","109","949x159","949x132","352x853","352x813","7","0"
"Korean","Light","80","five","1","4","False","109","109","949x159","949x132","352x853","352x813","7","0"
"Korean","Light","80","five","2","0","False","109","109","949x159","949x132","352x853","352x813","9","0"
"Korean","Light","80","five","2","1","False","109","109","949x159","949x132","352x853","352x813","9","0"
"Korean","Light","80","five","2","2","True","143","109","949x159","949x132","352x853","352x813","9","0"
"Korean","Light","80","five","2","3","False","109","109","949x159","949x132","352x853","352x813","9","0"
"Korean","Light","80","five","2","4","False","109","109","949x159","949x132","352x853","352x813","9","0"
"Korean","Light","80","five","3","0","False","109","109","949x159","949x132","352x853","352x813","11","0"
"Korean","Light","80","five","3","1","False","109","109","949x159","949x132","352x853","352x813","11","0"
"Korean","Light","80","five","3","2","False","109","109","949x159","949x132","352x853","352x813","11","0"
"Korean","Light","80","five","3","3","True","143","109","949x159","949x132","352x853","352x813","11","0"
"Korean","Light","80","five","3","4","False","109","109","949x159","949x132","352x853","352x813","11","0"
"Korean","Light","80","five","4","0","False","109","109","949x159","949x132","352x853","352x813","13","0"
"Korean","Light","80","five","4","1","False","109","109","949x159","949x132","352x853","352x813","13","0"
"Korean","Light","80","five","4","2","False","109","109","949x159","949x132","352x853","352x813","13","0"
"Korean","Light","80","five","4","3","False","109","109","949x159","949x132","352x853","352x813","13","0"
"Korean","Light","80","five","4","4","True","143","109","949x159","949x132","352x853","352x813","13","0"
"Korean","Light","80","wrapped","0","0","True","143","109","576x247","576x220","352x853","352x813","5","0"
"Korean","Light","80","wrapped","0","1","False","109","109","576x247","576x220","352x853","352x813","5","0"
"Korean","Light","80","wrapped","0","2","False","109","109","576x247","576x220","352x853","352x813","5","0"
"Korean","Light","80","wrapped","0","3","False","109","109","576x247","576x220","352x853","352x813","5","0"
"Korean","Light","80","wrapped","0","4","False","109","109","576x247","576x220","352x853","352x813","5","0"
"Korean","Light","80","wrapped","1","0","False","109","109","576x247","576x220","352x853","352x813","7","0"
"Korean","Light","80","wrapped","1","1","True","143","109","576x247","576x220","352x853","352x813","7","0"
"Korean","Light","80","wrapped","1","2","False","109","109","576x247","576x220","352x853","352x813","7","0"
"Korean","Light","80","wrapped","1","3","False","109","109","576x247","576x220","352x853","352x813","7","0"
"Korean","Light","80","wrapped","1","4","False","109","109","576x247","576x220","352x853","352x813","7","0"
"Korean","Light","80","wrapped","2","0","False","109","109","576x247","576x220","352x853","352x813","9","0"
"Korean","Light","80","wrapped","2","1","False","109","109","576x247","576x220","352x853","352x813","9","0"
"Korean","Light","80","wrapped","2","2","True","143","109","576x247","576x220","352x853","352x813","9","0"
"Korean","Light","80","wrapped","2","3","False","109","109","576x247","576x220","352x853","352x813","9","0"
"Korean","Light","80","wrapped","2","4","False","109","109","576x247","576x220","352x853","352x813","9","0"
"Korean","Light","80","wrapped","3","0","False","109","109","576x247","576x220","352x853","352x813","11","0"
"Korean","Light","80","wrapped","3","1","False","109","109","576x247","576x220","352x853","352x813","11","0"
"Korean","Light","80","wrapped","3","2","False","109","109","576x247","576x220","352x853","352x813","11","0"
"Korean","Light","80","wrapped","3","3","True","143","109","576x247","576x220","352x853","352x813","11","0"
"Korean","Light","80","wrapped","3","4","False","109","109","576x247","576x220","352x853","352x813","11","0"
"Korean","Light","80","wrapped","4","0","False","109","109","576x247","576x220","352x853","352x813","13","0"
"Korean","Light","80","wrapped","4","1","False","109","109","576x247","576x220","352x853","352x813","13","0"
"Korean","Light","80","wrapped","4","2","False","109","109","576x247","576x220","352x853","352x813","13","0"
"Korean","Light","80","wrapped","4","3","False","109","109","576x247","576x220","352x853","352x813","13","0"
"Korean","Light","80","wrapped","4","4","True","143","109","576x247","576x220","352x853","352x813","13","0"
"Korean","Light","80","mixed","0","0","True","143","109","949x159","949x132","352x902","352x862","5","0"
"Korean","Light","80","mixed","0","1","False","109","109","949x159","949x132","352x902","352x862","5","0"
"Korean","Light","80","mixed","0","2","False","109","109","949x159","949x132","352x902","352x862","5","0"
"Korean","Light","80","mixed","0","3","False","109","109","949x159","949x132","352x902","352x862","5","0"
"Korean","Light","80","mixed","0","4","False","109","109","949x159","949x132","352x902","352x862","5","0"
"Korean","Light","80","mixed","1","0","False","109","109","949x159","949x132","352x912","352x872","7","0"
"Korean","Light","80","mixed","1","1","True","143","109","949x159","949x132","352x912","352x872","7","0"
"Korean","Light","80","mixed","1","2","False","109","109","949x159","949x132","352x912","352x872","7","0"
"Korean","Light","80","mixed","1","3","False","109","109","949x159","949x132","352x912","352x872","7","0"
"Korean","Light","80","mixed","1","4","False","109","109","949x159","949x132","352x912","352x872","7","0"
"Korean","Light","80","mixed","2","0","False","109","109","949x159","949x132","352x834","352x794","9","0"
"Korean","Light","80","mixed","2","1","False","109","109","949x159","949x132","352x834","352x794","9","0"
"Korean","Light","80","mixed","2","2","True","143","109","949x159","949x132","352x834","352x794","9","0"
"Korean","Light","80","mixed","2","3","False","109","109","949x159","949x132","352x834","352x794","9","0"
"Korean","Light","80","mixed","2","4","False","109","109","949x159","949x132","352x834","352x794","9","0"
"Korean","Light","80","mixed","3","0","False","109","109","949x159","949x132","352x902","352x862","11","0"
"Korean","Light","80","mixed","3","1","False","109","109","949x159","949x132","352x902","352x862","11","0"
"Korean","Light","80","mixed","3","2","False","109","109","949x159","949x132","352x902","352x862","11","0"
"Korean","Light","80","mixed","3","3","True","143","109","949x159","949x132","352x902","352x862","11","0"
"Korean","Light","80","mixed","3","4","False","109","109","949x159","949x132","352x902","352x862","11","0"
"Korean","Light","80","mixed","4","0","False","109","109","949x132","949x132","352x846","352x846","13","0"
"Korean","Light","80","mixed","4","1","False","109","109","949x132","949x132","352x846","352x846","13","0"
"Korean","Light","80","mixed","4","2","False","109","109","949x132","949x132","352x846","352x846","13","0"
"Korean","Light","80","mixed","4","3","False","109","109","949x132","949x132","352x846","352x846","13","0"
"Korean","Light","80","mixed","4","4","True","109","109","949x132","949x132","352x846","352x846","13","0"
"Korean","Light","100","one","0","0","True","143","109","254x199","254x165","440x589","440x539","5","0"
"Korean","Light","100","three","0","0","True","143","109","720x199","720x165","440x886","440x836","5","0"
"Korean","Light","100","three","0","1","False","109","109","720x199","720x165","440x886","440x836","5","0"
"Korean","Light","100","three","0","2","False","109","109","720x199","720x165","440x886","440x836","5","0"
"Korean","Light","100","three","1","0","False","109","109","720x199","720x165","440x886","440x836","7","0"
"Korean","Light","100","three","1","1","True","143","109","720x199","720x165","440x886","440x836","7","0"
"Korean","Light","100","three","1","2","False","109","109","720x199","720x165","440x886","440x836","7","0"
"Korean","Light","100","three","2","0","False","109","109","720x199","720x165","440x886","440x836","9","0"
"Korean","Light","100","three","2","1","False","109","109","720x199","720x165","440x886","440x836","9","0"
"Korean","Light","100","three","2","2","True","143","109","720x199","720x165","440x886","440x836","9","0"
"Korean","Light","100","five","0","0","True","143","109","1186x199","1186x165","440x1066","440x1016","5","0"
"Korean","Light","100","five","0","1","False","109","109","1186x199","1186x165","440x1066","440x1016","5","0"
"Korean","Light","100","five","0","2","False","109","109","1186x199","1186x165","440x1066","440x1016","5","0"
"Korean","Light","100","five","0","3","False","109","109","1186x199","1186x165","440x1066","440x1016","5","0"
"Korean","Light","100","five","0","4","False","109","109","1186x199","1186x165","440x1066","440x1016","5","0"
"Korean","Light","100","five","1","0","False","109","109","1186x199","1186x165","440x1066","440x1016","7","0"
"Korean","Light","100","five","1","1","True","143","109","1186x199","1186x165","440x1066","440x1016","7","0"
"Korean","Light","100","five","1","2","False","109","109","1186x199","1186x165","440x1066","440x1016","7","0"
"Korean","Light","100","five","1","3","False","109","109","1186x199","1186x165","440x1066","440x1016","7","0"
"Korean","Light","100","five","1","4","False","109","109","1186x199","1186x165","440x1066","440x1016","7","0"
"Korean","Light","100","five","2","0","False","109","109","1186x199","1186x165","440x1066","440x1016","9","0"
"Korean","Light","100","five","2","1","False","109","109","1186x199","1186x165","440x1066","440x1016","9","0"
"Korean","Light","100","five","2","2","True","143","109","1186x199","1186x165","440x1066","440x1016","9","0"
"Korean","Light","100","five","2","3","False","109","109","1186x199","1186x165","440x1066","440x1016","9","0"
"Korean","Light","100","five","2","4","False","109","109","1186x199","1186x165","440x1066","440x1016","9","0"
"Korean","Light","100","five","3","0","False","109","109","1186x199","1186x165","440x1066","440x1016","11","0"
"Korean","Light","100","five","3","1","False","109","109","1186x199","1186x165","440x1066","440x1016","11","0"
"Korean","Light","100","five","3","2","False","109","109","1186x199","1186x165","440x1066","440x1016","11","0"
"Korean","Light","100","five","3","3","True","143","109","1186x199","1186x165","440x1066","440x1016","11","0"
"Korean","Light","100","five","3","4","False","109","109","1186x199","1186x165","440x1066","440x1016","11","0"
"Korean","Light","100","five","4","0","False","109","109","1186x199","1186x165","440x1066","440x1016","13","0"
"Korean","Light","100","five","4","1","False","109","109","1186x199","1186x165","440x1066","440x1016","13","0"
"Korean","Light","100","five","4","2","False","109","109","1186x199","1186x165","440x1066","440x1016","13","0"
"Korean","Light","100","five","4","3","False","109","109","1186x199","1186x165","440x1066","440x1016","13","0"
"Korean","Light","100","five","4","4","True","143","109","1186x199","1186x165","440x1066","440x1016","13","0"
"Korean","Light","100","wrapped","0","0","True","143","109","720x309","720x275","440x1066","440x1016","5","0"
"Korean","Light","100","wrapped","0","1","False","109","109","720x309","720x275","440x1066","440x1016","5","0"
"Korean","Light","100","wrapped","0","2","False","109","109","720x309","720x275","440x1066","440x1016","5","0"
"Korean","Light","100","wrapped","0","3","False","109","109","720x309","720x275","440x1066","440x1016","5","0"
"Korean","Light","100","wrapped","0","4","False","109","109","720x309","720x275","440x1066","440x1016","5","0"
"Korean","Light","100","wrapped","1","0","False","109","109","720x309","720x275","440x1066","440x1016","7","0"
"Korean","Light","100","wrapped","1","1","True","143","109","720x309","720x275","440x1066","440x1016","7","0"
"Korean","Light","100","wrapped","1","2","False","109","109","720x309","720x275","440x1066","440x1016","7","0"
"Korean","Light","100","wrapped","1","3","False","109","109","720x309","720x275","440x1066","440x1016","7","0"
"Korean","Light","100","wrapped","1","4","False","109","109","720x309","720x275","440x1066","440x1016","7","0"
"Korean","Light","100","wrapped","2","0","False","109","109","720x309","720x275","440x1066","440x1016","9","0"
"Korean","Light","100","wrapped","2","1","False","109","109","720x309","720x275","440x1066","440x1016","9","0"
"Korean","Light","100","wrapped","2","2","True","143","109","720x309","720x275","440x1066","440x1016","9","0"
"Korean","Light","100","wrapped","2","3","False","109","109","720x309","720x275","440x1066","440x1016","9","0"
"Korean","Light","100","wrapped","2","4","False","109","109","720x309","720x275","440x1066","440x1016","9","0"
"Korean","Light","100","wrapped","3","0","False","109","109","720x309","720x275","440x1066","440x1016","11","0"
"Korean","Light","100","wrapped","3","1","False","109","109","720x309","720x275","440x1066","440x1016","11","0"
"Korean","Light","100","wrapped","3","2","False","109","109","720x309","720x275","440x1066","440x1016","11","0"
"Korean","Light","100","wrapped","3","3","True","143","109","720x309","720x275","440x1066","440x1016","11","0"
"Korean","Light","100","wrapped","3","4","False","109","109","720x309","720x275","440x1066","440x1016","11","0"
"Korean","Light","100","wrapped","4","0","False","109","109","720x309","720x275","440x1066","440x1016","13","0"
"Korean","Light","100","wrapped","4","1","False","109","109","720x309","720x275","440x1066","440x1016","13","0"
"Korean","Light","100","wrapped","4","2","False","109","109","720x309","720x275","440x1066","440x1016","13","0"
"Korean","Light","100","wrapped","4","3","False","109","109","720x309","720x275","440x1066","440x1016","13","0"
"Korean","Light","100","wrapped","4","4","True","143","109","720x309","720x275","440x1066","440x1016","13","0"
"Korean","Light","100","mixed","0","0","True","143","109","1186x199","1186x165","440x1128","440x1078","5","0"
"Korean","Light","100","mixed","0","1","False","109","109","1186x199","1186x165","440x1128","440x1078","5","0"
"Korean","Light","100","mixed","0","2","False","109","109","1186x199","1186x165","440x1128","440x1078","5","0"
"Korean","Light","100","mixed","0","3","False","109","109","1186x199","1186x165","440x1128","440x1078","5","0"
"Korean","Light","100","mixed","0","4","False","109","109","1186x199","1186x165","440x1128","440x1078","5","0"
"Korean","Light","100","mixed","1","0","False","109","109","1186x199","1186x165","440x1140","440x1090","7","0"
"Korean","Light","100","mixed","1","1","True","143","109","1186x199","1186x165","440x1140","440x1090","7","0"
"Korean","Light","100","mixed","1","2","False","109","109","1186x199","1186x165","440x1140","440x1090","7","0"
"Korean","Light","100","mixed","1","3","False","109","109","1186x199","1186x165","440x1140","440x1090","7","0"
"Korean","Light","100","mixed","1","4","False","109","109","1186x199","1186x165","440x1140","440x1090","7","0"
"Korean","Light","100","mixed","2","0","False","109","109","1186x199","1186x165","440x1042","440x992","9","0"
"Korean","Light","100","mixed","2","1","False","109","109","1186x199","1186x165","440x1042","440x992","9","0"
"Korean","Light","100","mixed","2","2","True","143","109","1186x199","1186x165","440x1042","440x992","9","0"
"Korean","Light","100","mixed","2","3","False","109","109","1186x199","1186x165","440x1042","440x992","9","0"
"Korean","Light","100","mixed","2","4","False","109","109","1186x199","1186x165","440x1042","440x992","9","0"
"Korean","Light","100","mixed","3","0","False","109","109","1186x199","1186x165","440x1128","440x1078","11","0"
"Korean","Light","100","mixed","3","1","False","109","109","1186x199","1186x165","440x1128","440x1078","11","0"
"Korean","Light","100","mixed","3","2","False","109","109","1186x199","1186x165","440x1128","440x1078","11","0"
"Korean","Light","100","mixed","3","3","True","143","109","1186x199","1186x165","440x1128","440x1078","11","0"
"Korean","Light","100","mixed","3","4","False","109","109","1186x199","1186x165","440x1128","440x1078","11","0"
"Korean","Light","100","mixed","4","0","False","109","109","1186x165","1186x165","440x1058","440x1058","13","0"
"Korean","Light","100","mixed","4","1","False","109","109","1186x165","1186x165","440x1058","440x1058","13","0"
"Korean","Light","100","mixed","4","2","False","109","109","1186x165","1186x165","440x1058","440x1058","13","0"
"Korean","Light","100","mixed","4","3","False","109","109","1186x165","1186x165","440x1058","440x1058","13","0"
"Korean","Light","100","mixed","4","4","True","109","109","1186x165","1186x165","440x1058","440x1058","13","0"
"Korean","Light","150","one","0","0","True","143","109","381x298","381x248","660x884","660x808","5","0"
"Korean","Light","150","three","0","0","True","143","109","1080x298","1080x248","660x1329","660x1254","5","0"
"Korean","Light","150","three","0","1","False","109","109","1080x298","1080x248","660x1329","660x1254","5","0"
"Korean","Light","150","three","0","2","False","109","109","1080x298","1080x248","660x1329","660x1254","5","0"
"Korean","Light","150","three","1","0","False","109","109","1080x298","1080x248","660x1329","660x1254","7","0"
"Korean","Light","150","three","1","1","True","143","109","1080x298","1080x248","660x1329","660x1254","7","0"
"Korean","Light","150","three","1","2","False","109","109","1080x298","1080x248","660x1329","660x1254","7","0"
"Korean","Light","150","three","2","0","False","109","109","1080x298","1080x248","660x1329","660x1254","9","0"
"Korean","Light","150","three","2","1","False","109","109","1080x298","1080x248","660x1329","660x1254","9","0"
"Korean","Light","150","three","2","2","True","143","109","1080x298","1080x248","660x1329","660x1254","9","0"
"Korean","Light","150","five","0","0","True","143","109","1779x298","1779x248","660x1599","660x1524","5","0"
"Korean","Light","150","five","0","1","False","109","109","1779x298","1779x248","660x1599","660x1524","5","0"
"Korean","Light","150","five","0","2","False","109","109","1779x298","1779x248","660x1599","660x1524","5","0"
"Korean","Light","150","five","0","3","False","109","109","1779x298","1779x248","660x1599","660x1524","5","0"
"Korean","Light","150","five","0","4","False","109","109","1779x298","1779x248","660x1599","660x1524","5","0"
"Korean","Light","150","five","1","0","False","109","109","1779x298","1779x248","660x1599","660x1524","7","0"
"Korean","Light","150","five","1","1","True","143","109","1779x298","1779x248","660x1599","660x1524","7","0"
"Korean","Light","150","five","1","2","False","109","109","1779x298","1779x248","660x1599","660x1524","7","0"
"Korean","Light","150","five","1","3","False","109","109","1779x298","1779x248","660x1599","660x1524","7","0"
"Korean","Light","150","five","1","4","False","109","109","1779x298","1779x248","660x1599","660x1524","7","0"
"Korean","Light","150","five","2","0","False","109","109","1779x298","1779x248","660x1599","660x1524","9","0"
"Korean","Light","150","five","2","1","False","109","109","1779x298","1779x248","660x1599","660x1524","9","0"
"Korean","Light","150","five","2","2","True","143","109","1779x298","1779x248","660x1599","660x1524","9","0"
"Korean","Light","150","five","2","3","False","109","109","1779x298","1779x248","660x1599","660x1524","9","0"
"Korean","Light","150","five","2","4","False","109","109","1779x298","1779x248","660x1599","660x1524","9","0"
"Korean","Light","150","five","3","0","False","109","109","1779x298","1779x248","660x1599","660x1524","11","0"
"Korean","Light","150","five","3","1","False","109","109","1779x298","1779x248","660x1599","660x1524","11","0"
"Korean","Light","150","five","3","2","False","109","109","1779x298","1779x248","660x1599","660x1524","11","0"
"Korean","Light","150","five","3","3","True","143","109","1779x298","1779x248","660x1599","660x1524","11","0"
"Korean","Light","150","five","3","4","False","109","109","1779x298","1779x248","660x1599","660x1524","11","0"
"Korean","Light","150","five","4","0","False","109","109","1779x298","1779x248","660x1599","660x1524","13","0"
"Korean","Light","150","five","4","1","False","109","109","1779x298","1779x248","660x1599","660x1524","13","0"
"Korean","Light","150","five","4","2","False","109","109","1779x298","1779x248","660x1599","660x1524","13","0"
"Korean","Light","150","five","4","3","False","109","109","1779x298","1779x248","660x1599","660x1524","13","0"
"Korean","Light","150","five","4","4","True","143","109","1779x298","1779x248","660x1599","660x1524","13","0"
"Korean","Light","150","wrapped","0","0","True","143","109","730x628","730x578","660x1599","660x1524","5","0"
"Korean","Light","150","wrapped","0","1","False","109","109","730x628","730x578","660x1599","660x1524","5","0"
"Korean","Light","150","wrapped","0","2","False","109","109","730x628","730x578","660x1599","660x1524","5","0"
"Korean","Light","150","wrapped","0","3","False","109","109","730x628","730x578","660x1599","660x1524","5","0"
"Korean","Light","150","wrapped","0","4","False","109","109","730x628","730x578","660x1599","660x1524","5","0"
"Korean","Light","150","wrapped","1","0","False","109","109","730x628","730x578","660x1599","660x1524","7","0"
"Korean","Light","150","wrapped","1","1","True","143","109","730x628","730x578","660x1599","660x1524","7","0"
"Korean","Light","150","wrapped","1","2","False","109","109","730x628","730x578","660x1599","660x1524","7","0"
"Korean","Light","150","wrapped","1","3","False","109","109","730x628","730x578","660x1599","660x1524","7","0"
"Korean","Light","150","wrapped","1","4","False","109","109","730x628","730x578","660x1599","660x1524","7","0"
"Korean","Light","150","wrapped","2","0","False","109","109","730x628","730x578","660x1599","660x1524","9","0"
"Korean","Light","150","wrapped","2","1","False","109","109","730x628","730x578","660x1599","660x1524","9","0"
"Korean","Light","150","wrapped","2","2","True","143","109","730x628","730x578","660x1599","660x1524","9","0"
"Korean","Light","150","wrapped","2","3","False","109","109","730x628","730x578","660x1599","660x1524","9","0"
"Korean","Light","150","wrapped","2","4","False","109","109","730x628","730x578","660x1599","660x1524","9","0"
"Korean","Light","150","wrapped","3","0","False","109","109","730x628","730x578","660x1599","660x1524","11","0"
"Korean","Light","150","wrapped","3","1","False","109","109","730x628","730x578","660x1599","660x1524","11","0"
"Korean","Light","150","wrapped","3","2","False","109","109","730x628","730x578","660x1599","660x1524","11","0"
"Korean","Light","150","wrapped","3","3","True","143","109","730x628","730x578","660x1599","660x1524","11","0"
"Korean","Light","150","wrapped","3","4","False","109","109","730x628","730x578","660x1599","660x1524","11","0"
"Korean","Light","150","wrapped","4","0","False","109","109","730x628","730x578","660x1599","660x1524","13","0"
"Korean","Light","150","wrapped","4","1","False","109","109","730x628","730x578","660x1599","660x1524","13","0"
"Korean","Light","150","wrapped","4","2","False","109","109","730x628","730x578","660x1599","660x1524","13","0"
"Korean","Light","150","wrapped","4","3","False","109","109","730x628","730x578","660x1599","660x1524","13","0"
"Korean","Light","150","wrapped","4","4","True","143","109","730x628","730x578","660x1599","660x1524","13","0"
"Korean","Light","150","mixed","0","0","True","143","109","1779x298","1779x248","660x1692","660x1617","5","0"
"Korean","Light","150","mixed","0","1","False","109","109","1779x298","1779x248","660x1692","660x1617","5","0"
"Korean","Light","150","mixed","0","2","False","109","109","1779x298","1779x248","660x1692","660x1617","5","0"
"Korean","Light","150","mixed","0","3","False","109","109","1779x298","1779x248","660x1692","660x1617","5","0"
"Korean","Light","150","mixed","0","4","False","109","109","1779x298","1779x248","660x1692","660x1617","5","0"
"Korean","Light","150","mixed","1","0","False","109","109","1779x298","1779x248","660x1710","660x1635","7","0"
"Korean","Light","150","mixed","1","1","True","143","109","1779x298","1779x248","660x1710","660x1635","7","0"
"Korean","Light","150","mixed","1","2","False","109","109","1779x298","1779x248","660x1710","660x1635","7","0"
"Korean","Light","150","mixed","1","3","False","109","109","1779x298","1779x248","660x1710","660x1635","7","0"
"Korean","Light","150","mixed","1","4","False","109","109","1779x298","1779x248","660x1710","660x1635","7","0"
"Korean","Light","150","mixed","2","0","False","109","109","1779x298","1779x248","660x1563","660x1488","9","0"
"Korean","Light","150","mixed","2","1","False","109","109","1779x298","1779x248","660x1563","660x1488","9","0"
"Korean","Light","150","mixed","2","2","True","143","109","1779x298","1779x248","660x1563","660x1488","9","0"
"Korean","Light","150","mixed","2","3","False","109","109","1779x298","1779x248","660x1563","660x1488","9","0"
"Korean","Light","150","mixed","2","4","False","109","109","1779x298","1779x248","660x1563","660x1488","9","0"
"Korean","Light","150","mixed","3","0","False","109","109","1779x298","1779x248","660x1692","660x1617","11","0"
"Korean","Light","150","mixed","3","1","False","109","109","1779x298","1779x248","660x1692","660x1617","11","0"
"Korean","Light","150","mixed","3","2","False","109","109","1779x298","1779x248","660x1692","660x1617","11","0"
"Korean","Light","150","mixed","3","3","True","143","109","1779x298","1779x248","660x1692","660x1617","11","0"
"Korean","Light","150","mixed","3","4","False","109","109","1779x298","1779x248","660x1692","660x1617","11","0"
"Korean","Light","150","mixed","4","0","False","109","109","1779x248","1779x248","660x1587","660x1587","13","0"
"Korean","Light","150","mixed","4","1","False","109","109","1779x248","1779x248","660x1587","660x1587","13","0"
"Korean","Light","150","mixed","4","2","False","109","109","1779x248","1779x248","660x1587","660x1587","13","0"
"Korean","Light","150","mixed","4","3","False","109","109","1779x248","1779x248","660x1587","660x1587","13","0"
"Korean","Light","150","mixed","4","4","True","109","109","1779x248","1779x248","660x1587","660x1587","13","0"
