"Order","Artifact","Phase","SampleCount","UiProbeCount","DurationMilliseconds","CpuMilliseconds","CpuOneCorePercent","ProcessCyclesDelta","UiThreadCyclesDelta","RefreshSnapshotCallsDelta","UiDueP95Milliseconds","UiDueMaxMilliseconds","UiQueueP95Milliseconds","UiQueueMaxMilliseconds","MedianPrivateWorkingSetBytes","MedianPrivateBytes","AllocatedBytesApproxDelta","HandleCountStart","HandleCountEnd","HandlesBefore","HandlesAfter","CountersBefore","CountersAfter","CounterDeltas","UiBefore","UiAfter","ThreadCpuMillisecondsDiagnostic"
"1","optimized","warmup","20","40","20000.9589","796.875","3.98418397829916","4259336523","30814711","0","1.0794650000000046","1.1729000000013912","0.11922499999964183","0.18979999999965003","24391680","30683136","1139448","497","493","{""Total"":497,""ByType"":{""ALPC Port"":9,""Desktop"":1,""Directory"":2,""EtwRegistration"":110,""Event"":130,""File"":141,""IRTimer"":4,""IoCompletion"":12,""Key"":19,""Mutant"":2,""SchedulerSharedData"":1,""Section"":21,""Semaphore"":16,""Thread"":17,""Timer"":1,""TpWorkerFactory"":2,""WaitCompletionPacket"":7,""WindowStation"":2}}","{""Total"":493,""ByType"":{""ALPC Port"":9,""Desktop"":1,""Directory"":2,""EtwRegistration"":110,""Event"":128,""File"":141,""IRTimer"":4,""IoCompletion"":10,""Key"":19,""Mutant"":2,""SchedulerSharedData"":1,""Section"":21,""Semaphore"":16,""Thread"":17,""Timer"":1,""TpWorkerFactory"":2,""WaitCompletionPacket"":7,""WindowStation"":2}}","{""CodexStarts"":2,""CodexQuotaRequests"":2,""ClaudeLiveRequests"":2,""CursorUsageRequests"":1,""CursorHttpRequests"":3,""ClaudeAuthCalls"":2,""ClaudeHistoryReadCalls"":4,""Changed"":12,""SyntheticRequestMilliseconds"":130.1142,""ObservationAcceptedSnapshots"":5,""ObservationIgnoredSnapshots"":2,""ObservationLoadAttempts"":5,""ObservationSaveAttempts"":5,""ObservationSavedFiles"":5,""ObservationEpochWrites"":6,""ObservationFailures"":0,""ObservationPublishedRevisions"":8}","{""CodexStarts"":2,""CodexQuotaRequests"":2,""ClaudeLiveRequests"":2,""CursorUsageRequests"":1,""CursorHttpRequests"":3,""ClaudeAuthCalls"":2,""ClaudeHistoryReadCalls"":24,""Changed"":12,""SyntheticRequestMilliseconds"":130.1142,""ObservationAcceptedSnapshots"":5,""ObservationIgnoredSnapshots"":2,""ObservationLoadAttempts"":5,""ObservationSaveAttempts"":5,""ObservationSavedFiles"":5,""ObservationEpochWrites"":6,""ObservationFailures"":0,""ObservationPublishedRevisions"":8}","{""CodexStarts"":0.0,""CodexQuotaRequests"":0.0,""ClaudeLiveRequests"":0.0,""CursorUsageRequests"":0.0,""CursorHttpRequests"":0.0,""ClaudeAuthCalls"":0.0,""ClaudeHistoryReadCalls"":20.0,""Changed"":0.0,""SyntheticRequestMilliseconds"":0.0,""ObservationAcceptedSnapshots"":0.0,""ObservationIgnoredSnapshots"":0.0,""ObservationLoadAttempts"":0.0,""ObservationSaveAttempts"":0.0,""ObservationSavedFiles"":0.0,""ObservationEpochWrites"":0.0,""ObservationFailures"":0.0,""ObservationPublishedRevisions"":0.0}","{""Observations"":16,""AccountRows"":0,""RowAvatars"":0,""SelectedAvatars"":0,""WidgetAvatars"":0,""FlyoutDetailRows"":0,""TrayIcons"":2}","{""Observations"":26,""AccountRows"":0,""RowAvatars"":0,""SelectedAvatars"":0,""WidgetAvatars"":0,""FlyoutDetailRows"":0,""TrayIcons"":2}","{""ui"":0,""thread-36216"":781.25,""thread-42032"":15.625,""rest"":0}"
"1","optimized","tray-idle","30","60","30000.6028","234.375","0.7812343023987505","1539399475","23156652","0","0.3919900000055349","0.7606000000014319","0.06204000000507221","0.0878999999986263","25546752","31920128","1630656","493","494","{""Total"":493,""ByType"":{""ALPC Port"":9,""Desktop"":1,""Directory"":2,""EtwRegistration"":110,""Event"":128,""File"":141,""IRTimer"":4,""IoCompletion"":10,""Key"":19,""Mutant"":2,""SchedulerSharedData"":1,""Section"":21,""Semaphore"":16,""Thread"":17,""Timer"":1,""TpWorkerFactory"":2,""WaitCompletionPacket"":7,""WindowStation"":2}}","{""Total"":494,""ByType"":{""ALPC Port"":8,""Desktop"":1,""Directory"":2,""EtwRegistration"":110,""Event"":129,""File"":141,""IRTimer"":4,""IoCompletion"":10,""Key"":19,""Mutant"":2,""SchedulerSharedData"":1,""Section"":21,""Semaphore"":16,""Thread"":18,""Timer"":1,""TpWorkerFactory"":2,""WaitCompletionPacket"":7,""WindowStation"":2}}","{""CodexStarts"":2,""CodexQuotaRequests"":2,""ClaudeLiveRequests"":2,""CursorUsageRequests"":1,""CursorHttpRequests"":3,""ClaudeAuthCalls"":2,""ClaudeHistoryReadCalls"":24,""Changed"":12,""SyntheticRequestMilliseconds"":130.1142,""ObservationAcceptedSnapshots"":5,""ObservationIgnoredSnapshots"":2,""ObservationLoadAttempts"":5,""ObservationSaveAttempts"":5,""ObservationSavedFiles"":5,""ObservationEpochWrites"":6,""ObservationFailures"":0,""ObservationPublishedRevisions"":8}","{""CodexStarts"":2,""CodexQuotaRequests"":2,""ClaudeLiveRequests"":2,""CursorUsageRequests"":1,""CursorHttpRequests"":3,""ClaudeAuthCalls"":2,""ClaudeHistoryReadCalls"":54,""Changed"":12,""SyntheticRequestMilliseconds"":130.1142,""ObservationAcceptedSnapshots"":5,""ObservationIgnoredSnapshots"":2,""ObservationLoadAttempts"":5,""ObservationSaveAttempts"":5,""ObservationSavedFiles"":5,""ObservationEpochWrites"":6,""ObservationFailures"":0,""ObservationPublishedRevisions"":8}","{""CodexStarts"":0.0,""CodexQuotaRequests"":0.0,""ClaudeLiveRequests"":0.0,""CursorUsageRequests"":0.0,""CursorHttpRequests"":0.0,""ClaudeAuthCalls"":0.0,""ClaudeHistoryReadCalls"":30.0,""Changed"":0.0,""SyntheticRequestMilliseconds"":0.0,""ObservationAcceptedSnapshots"":0.0,""ObservationIgnoredSnapshots"":0.0,""ObservationLoadAttempts"":0.0,""ObservationSaveAttempts"":0.0,""ObservationSavedFiles"":0.0,""ObservationEpochWrites"":0.0,""ObservationFailures"":0.0,""ObservationPublishedRevisions"":0.0}","{""Observations"":26,""AccountRows"":0,""RowAvatars"":0,""SelectedAvatars"":0,""WidgetAvatars"":0,""FlyoutDetailRows"":0,""TrayIcons"":2}","{""Observations"":41,""AccountRows"":0,""RowAvatars"":0,""SelectedAvatars"":0,""WidgetAvatars"":0,""FlyoutDetailRows"":0,""TrayIcons"":2}","{""ui"":15.625,""thread-36216"":234.375,""rest"":0}"
"1","optimized","widget-before-flyout","30","60","30000.6427","1531.25","5.104057320745332","7622713625","247119537","12","0.7284850000032748","1.6160000000018044","0.08229999999712162","0.27700000000186265","72417280","115120128","5033144","745","753","{""Total"":745,""ByType"":{""ALPC Port"":11,""Desktop"":1,""Directory"":2,""EtwRegistration"":155,""Event"":217,""File"":154,""IRTimer"":6,""IoCompletion"":13,""Key"":58,""Mutant"":18,""SchedulerSharedData"":1,""Section"":35,""Semaphore"":16,""Thread"":21,""Timer"":1,""TpWorkerFactory"":3,""WaitCompletionPacket"":31,""WindowStation"":2}}","{""Total"":753,""ByType"":{""ALPC Port"":12,""Desktop"":1,""Directory"":2,""EtwRegistration"":158,""Event"":220,""File"":154,""IRTimer"":6,""IoCompletion"":13,""Key"":58,""Mutant"":18,""SchedulerSharedData"":1,""Section"":35,""Semaphore"":16,""Thread"":22,""Timer"":1,""TpWorkerFactory"":3,""WaitCompletionPacket"":31,""WindowStation"":2}}","{""CodexStarts"":2,""CodexQuotaRequests"":2,""ClaudeLiveRequests"":2,""CursorUsageRequests"":1,""CursorHttpRequests"":3,""ClaudeAuthCalls"":2,""ClaudeHistoryReadCalls"":54,""Changed"":12,""SyntheticRequestMilliseconds"":130.1142,""ObservationAcceptedSnapshots"":5,""ObservationIgnoredSnapshots"":2,""ObservationLoadAttempts"":5,""ObservationSaveAttempts"":5,""ObservationSavedFiles"":5,""ObservationEpochWrites"":6,""ObservationFailures"":0,""ObservationPublishedRevisions"":8}","{""CodexStarts"":4,""CodexQuotaRequests"":4,""ClaudeLiveRequests"":4,""CursorUsageRequests"":2,""CursorHttpRequests"":6,""ClaudeAuthCalls"":2,""ClaudeHistoryReadCalls"":86,""Changed"":21,""SyntheticRequestMilliseconds"":239.927,""ObservationAcceptedSnapshots"":10,""ObservationIgnoredSnapshots"":4,""ObservationLoadAttempts"":5,""ObservationSaveAttempts"":10,""ObservationSavedFiles"":10,""ObservationEpochWrites"":6,""ObservationFailures"":0,""ObservationPublishedRevisions"":13}","{""CodexStarts"":2.0,""CodexQuotaRequests"":2.0,""ClaudeLiveRequests"":2.0,""CursorUsageRequests"":1.0,""CursorHttpRequests"":3.0,""ClaudeAuthCalls"":0.0,""ClaudeHistoryReadCalls"":32.0,""Changed"":9.0,""SyntheticRequestMilliseconds"":109.81279999999998,""ObservationAcceptedSnapshots"":5.0,""ObservationIgnoredSnapshots"":2.0,""ObservationLoadAttempts"":0.0,""ObservationSaveAttempts"":5.0,""ObservationSavedFiles"":5.0,""ObservationEpochWrites"":0.0,""ObservationFailures"":0.0,""ObservationPublishedRevisions"":5.0}","{""Observations"":42,""AccountRows"":0,""RowAvatars"":0,""SelectedAvatars"":0,""WidgetAvatars"":5,""FlyoutDetailRows"":0,""TrayIcons"":2}","{""Observations"":69,""AccountRows"":0,""RowAvatars"":0,""SelectedAvatars"":0,""WidgetAvatars"":5,""FlyoutDetailRows"":0,""TrayIcons"":3}","{""ui"":78.125,""thread-18180"":15.625,""rest"":0}"
"1","optimized","flyout-visible","30","60","29999.1268","1312.5","4.375127345373266","6410418965","47014144","0","0.543594999997731","0.8473000000085449","0.0771349999908125","0.09979999999632128","77107200","149123072","2241376","770","769","{""Total"":770,""ByType"":{""ALPC Port"":13,""Desktop"":1,""Directory"":2,""EtwRegistration"":164,""Event"":221,""File"":156,""IRTimer"":6,""IoCompletion"":13,""Key"":63,""Mutant"":18,""SchedulerSharedData"":1,""Section"":37,""Semaphore"":16,""Thread"":22,""Timer"":1,""TpWorkerFactory"":3,""WaitCompletionPacket"":31,""WindowStation"":2}}","{""Total"":769,""ByType"":{""ALPC Port"":9,""Desktop"":1,""Directory"":2,""EtwRegistration"":164,""Event"":223,""File"":156,""IRTimer"":6,""IoCompletion"":13,""Key"":63,""Mutant"":18,""SchedulerSharedData"":1,""Section"":37,""Semaphore"":16,""Thread"":23,""Timer"":1,""TpWorkerFactory"":3,""WaitCompletionPacket"":31,""WindowStation"":2}}","{""CodexStarts"":4,""CodexQuotaRequests"":4,""ClaudeLiveRequests"":4,""CursorUsageRequests"":2,""CursorHttpRequests"":6,""ClaudeAuthCalls"":2,""ClaudeHistoryReadCalls"":86,""Changed"":21,""SyntheticRequestMilliseconds"":239.927,""ObservationAcceptedSnapshots"":10,""ObservationIgnoredSnapshots"":4,""ObservationLoadAttempts"":5,""ObservationSaveAttempts"":10,""ObservationSavedFiles"":10,""ObservationEpochWrites"":6,""ObservationFailures"":0,""ObservationPublishedRevisions"":13}","{""CodexStarts"":4,""CodexQuotaRequests"":4,""ClaudeLiveRequests"":4,""CursorUsageRequests"":2,""CursorHttpRequests"":6,""ClaudeAuthCalls"":2,""ClaudeHistoryReadCalls"":116,""Changed"":21,""SyntheticRequestMilliseconds"":239.927,""ObservationAcceptedSnapshots"":10,""ObservationIgnoredSnapshots"":4,""ObservationLoadAttempts"":5,""ObservationSaveAttempts"":10,""ObservationSavedFiles"":10,""ObservationEpochWrites"":6,""ObservationFailures"":0,""ObservationPublishedRevisions"":13}","{""CodexStarts"":0.0,""CodexQuotaRequests"":0.0,""ClaudeLiveRequests"":0.0,""CursorUsageRequests"":0.0,""CursorHttpRequests"":0.0,""ClaudeAuthCalls"":0.0,""ClaudeHistoryReadCalls"":30.0,""Changed"":0.0,""SyntheticRequestMilliseconds"":0.0,""ObservationAcceptedSnapshots"":0.0,""ObservationIgnoredSnapshots"":0.0,""ObservationLoadAttempts"":0.0,""ObservationSaveAttempts"":0.0,""ObservationSavedFiles"":0.0,""ObservationEpochWrites"":0.0,""ObservationFailures"":0.0,""ObservationPublishedRevisions"":0.0}","{""Observations"":71,""AccountRows"":5,""RowAvatars"":5,""SelectedAvatars"":1,""WidgetAvatars"":5,""FlyoutDetailRows"":6,""TrayIcons"":3}","{""Observations"":86,""AccountRows"":5,""RowAvatars"":5,""SelectedAvatars"":1,""WidgetAvatars"":5,""FlyoutDetailRows"":6,""TrayIcons"":3}","{""ui"":0,""thread-27704"":1312.5,""rest"":0}"
"1","optimized","tray-after-flyout","30","60","30000.029499999997","203.125","0.677082667535377","1337315452","46761287","12","0.673034999999072","0.8426000000035856","0.06841499999936786","0.08770000000367872","79532032","150331392","3727808","769","768","{""Total"":769,""ByType"":{""ALPC Port"":9,""Desktop"":1,""Directory"":2,""EtwRegistration"":164,""Event"":223,""File"":156,""IRTimer"":6,""IoCompletion"":13,""Key"":63,""Mutant"":18,""SchedulerSharedData"":1,""Section"":37,""Semaphore"":16,""Thread"":23,""Timer"":1,""TpWorkerFactory"":3,""WaitCompletionPacket"":31,""WindowStation"":2}}","{""Total"":768,""ByType"":{""ALPC Port"":9,""Desktop"":1,""Directory"":2,""EtwRegistration"":164,""Event"":223,""File"":156,""IRTimer"":6,""IoCompletion"":13,""Key"":63,""Mutant"":18,""SchedulerSharedData"":1,""Section"":37,""Semaphore"":16,""Thread"":23,""TpWorkerFactory"":3,""WaitCompletionPacket"":31,""WindowStation"":2}}","{""CodexStarts"":4,""CodexQuotaRequests"":4,""ClaudeLiveRequests"":4,""CursorUsageRequests"":2,""CursorHttpRequests"":6,""ClaudeAuthCalls"":2,""ClaudeHistoryReadCalls"":116,""Changed"":21,""SyntheticRequestMilliseconds"":239.927,""ObservationAcceptedSnapshots"":10,""ObservationIgnoredSnapshots"":4,""ObservationLoadAttempts"":5,""ObservationSaveAttempts"":10,""ObservationSavedFiles"":10,""ObservationEpochWrites"":6,""ObservationFailures"":0,""ObservationPublishedRevisions"":13}","{""CodexStarts"":6,""CodexQuotaRequests"":6,""ClaudeLiveRequests"":6,""CursorUsageRequests"":3,""CursorHttpRequests"":9,""ClaudeAuthCalls"":2,""ClaudeHistoryReadCalls"":148,""Changed"":30,""SyntheticRequestMilliseconds"":351.0643,""ObservationAcceptedSnapshots"":15,""ObservationIgnoredSnapshots"":6,""ObservationLoadAttempts"":5,""ObservationSaveAttempts"":15,""ObservationSavedFiles"":15,""ObservationEpochWrites"":6,""ObservationFailures"":0,""ObservationPublishedRevisions"":18}","{""CodexStarts"":2.0,""CodexQuotaRequests"":2.0,""ClaudeLiveRequests"":2.0,""CursorUsageRequests"":1.0,""CursorHttpRequests"":3.0,""ClaudeAuthCalls"":0.0,""ClaudeHistoryReadCalls"":32.0,""Changed"":9.0,""SyntheticRequestMilliseconds"":111.13730000000001,""ObservationAcceptedSnapshots"":5.0,""ObservationIgnoredSnapshots"":2.0,""ObservationLoadAttempts"":0.0,""ObservationSaveAttempts"":5.0,""ObservationSavedFiles"":5.0,""ObservationEpochWrites"":0.0,""ObservationFailures"":0.0,""ObservationPublishedRevisions"":5.0}","{""Observations"":86,""AccountRows"":5,""RowAvatars"":5,""SelectedAvatars"":1,""WidgetAvatars"":5,""FlyoutDetailRows"":6,""TrayIcons"":3}","{""Observations"":113,""AccountRows"":5,""RowAvatars"":5,""SelectedAvatars"":1,""WidgetAvatars"":5,""FlyoutDetailRows"":6,""TrayIcons"":4}","{""ui"":0,""rest"":0}"
"1","optimized","widget-visible","30","60","29999.750000000007","156.25","0.5208376736472803","842557079","33555183","0","0.7969150000062655","0.940600000001723","0.06291999998938991","0.08559999999124557","82759680","154015744","2284176","771","776","{""Total"":771,""ByType"":{""ALPC Port"":9,""Desktop"":1,""Directory"":2,""EtwRegistration"":164,""Event"":225,""File"":156,""IRTimer"":6,""IoCompletion"":13,""Key"":63,""Mutant"":18,""SchedulerSharedData"":1,""Section"":37,""Semaphore"":16,""Thread"":24,""TpWorkerFactory"":3,""WaitCompletionPacket"":31,""WindowStation"":2}}","{""Total"":776,""ByType"":{""ALPC Port"":9,""Desktop"":1,""Directory"":2,""EtwRegistration"":164,""Event"":228,""File"":156,""IRTimer"":6,""IoCompletion"":14,""Key"":63,""Mutant"":18,""SchedulerSharedData"":1,""Section"":37,""Semaphore"":16,""Thread"":25,""TpWorkerFactory"":3,""WaitCompletionPacket"":31,""WindowStation"":2}}","{""CodexStarts"":6,""CodexQuotaRequests"":6,""ClaudeLiveRequests"":6,""CursorUsageRequests"":3,""CursorHttpRequests"":9,""ClaudeAuthCalls"":2,""ClaudeHistoryReadCalls"":148,""Changed"":30,""SyntheticRequestMilliseconds"":351.0643,""ObservationAcceptedSnapshots"":15,""ObservationIgnoredSnapshots"":6,""ObservationLoadAttempts"":5,""ObservationSaveAttempts"":15,""ObservationSavedFiles"":15,""ObservationEpochWrites"":6,""ObservationFailures"":0,""ObservationPublishedRevisions"":18}","{""CodexStarts"":6,""CodexQuotaRequests"":6,""ClaudeLiveRequests"":6,""CursorUsageRequests"":3,""CursorHttpRequests"":9,""ClaudeAuthCalls"":2,""ClaudeHistoryReadCalls"":178,""Changed"":30,""SyntheticRequestMilliseconds"":351.0643,""ObservationAcceptedSnapshots"":15,""ObservationIgnoredSnapshots"":6,""ObservationLoadAttempts"":5,""ObservationSaveAttempts"":15,""ObservationSavedFiles"":15,""ObservationEpochWrites"":6,""ObservationFailures"":0,""ObservationPublishedRevisions"":18}","{""CodexStarts"":0.0,""CodexQuotaRequests"":0.0,""ClaudeLiveRequests"":0.0,""CursorUsageRequests"":0.0,""CursorHttpRequests"":0.0,""ClaudeAuthCalls"":0.0,""ClaudeHistoryReadCalls"":30.0,""Changed"":0.0,""SyntheticRequestMilliseconds"":0.0,""ObservationAcceptedSnapshots"":0.0,""ObservationIgnoredSnapshots"":0.0,""ObservationLoadAttempts"":0.0,""ObservationSaveAttempts"":0.0,""ObservationSavedFiles"":0.0,""ObservationEpochWrites"":0.0,""ObservationFailures"":0.0,""ObservationPublishedRevisions"":0.0}","{""Observations"":114,""AccountRows"":5,""RowAvatars"":5,""SelectedAvatars"":1,""WidgetAvatars"":5,""FlyoutDetailRows"":6,""TrayIcons"":4}","{""Observations"":129,""AccountRows"":5,""RowAvatars"":5,""SelectedAvatars"":1,""WidgetAvatars"":5,""FlyoutDetailRows"":6,""TrayIcons"":4}","{""ui"":0,""thread-42032"":15.625,""rest"":0}"
"1","optimized","post-refresh-widget","30","60","30000.08779999999","656.25","2.187493597935404","3411583253","47287159","1","0.5756350000156087","0.9478999999992084","0.06325500000384636","0.08410000000731088","96491520","166559744","2772928","779","774","{""Total"":780,""ByType"":{""ALPC Port"":9,""Desktop"":1,""Directory"":2,""EtwRegistration"":164,""Event"":230,""File"":157,""IRTimer"":6,""IoCompletion"":14,""Key"":63,""Mutant"":18,""SchedulerSharedData"":1,""Section"":37,""Semaphore"":16,""Thread"":26,""TpWorkerFactory"":3,""WaitCompletionPacket"":31,""WindowStation"":2}}","{""Total"":774,""ByType"":{""ALPC Port"":9,""Desktop"":1,""Directory"":2,""EtwRegistration"":164,""Event"":227,""File"":156,""IRTimer"":6,""IoCompletion"":13,""Key"":63,""Mutant"":18,""SchedulerSharedData"":1,""Section"":37,""Semaphore"":16,""Thread"":25,""TpWorkerFactory"":3,""WaitCompletionPacket"":31,""WindowStation"":2}}","{""CodexStarts"":8,""CodexQuotaRequests"":8,""ClaudeLiveRequests"":8,""CursorUsageRequests"":4,""CursorHttpRequests"":12,""ClaudeAuthCalls"":4,""ClaudeHistoryReadCalls"":182,""Changed"":41,""SyntheticRequestMilliseconds"":480.8748,""ObservationAcceptedSnapshots"":22,""ObservationIgnoredSnapshots"":8,""ObservationLoadAttempts"":5,""ObservationSaveAttempts"":22,""ObservationSavedFiles"":22,""ObservationEpochWrites"":6,""ObservationFailures"":0,""ObservationPublishedRevisions"":25}","{""CodexStarts"":8,""CodexQuotaRequests"":8,""ClaudeLiveRequests"":8,""CursorUsageRequests"":4,""CursorHttpRequests"":12,""ClaudeAuthCalls"":4,""ClaudeHistoryReadCalls"":212,""Changed"":41,""SyntheticRequestMilliseconds"":480.8748,""ObservationAcceptedSnapshots"":22,""ObservationIgnoredSnapshots"":8,""ObservationLoadAttempts"":5,""ObservationSaveAttempts"":22,""ObservationSavedFiles"":22,""ObservationEpochWrites"":6,""ObservationFailures"":0,""ObservationPublishedRevisions"":25}","{""CodexStarts"":0.0,""CodexQuotaRequests"":0.0,""ClaudeLiveRequests"":0.0,""CursorUsageRequests"":0.0,""CursorHttpRequests"":0.0,""ClaudeAuthCalls"":0.0,""ClaudeHistoryReadCalls"":30.0,""Changed"":0.0,""SyntheticRequestMilliseconds"":0.0,""ObservationAcceptedSnapshots"":0.0,""ObservationIgnoredSnapshots"":0.0,""ObservationLoadAttempts"":0.0,""ObservationSaveAttempts"":0.0,""ObservationSavedFiles"":0.0,""ObservationEpochWrites"":0.0,""ObservationFailures"":0.0,""ObservationPublishedRevisions"":0.0}","{""Observations"":143,""AccountRows"":5,""RowAvatars"":5,""SelectedAvatars"":1,""WidgetAvatars"":5,""FlyoutDetailRows"":6,""TrayIcons"":5}","{""Observations"":159,""AccountRows"":5,""RowAvatars"":5,""SelectedAvatars"":1,""WidgetAvatars"":5,""FlyoutDetailRows"":6,""TrayIcons"":5}","{""ui"":0,""rest"":0}"
"1","optimized","tray-after-refresh","30","60","30001.283599999995","46.875","0.15624331486936782","459778982","38107344","11","0.4681150000178601","0.8237000000081025","0.07237499999610007","0.10949999999138527","92786688","162643968","3797256","777","786","{""Total"":777,""ByType"":{""ALPC Port"":9,""Desktop"":1,""Directory"":2,""EtwRegistration"":164,""Event"":229,""File"":156,""IRTimer"":6,""IoCompletion"":13,""Key"":63,""Mutant"":18,""SchedulerSharedData"":1,""Section"":37,""Semaphore"":16,""Thread"":26,""TpWorkerFactory"":3,""WaitCompletionPacket"":31,""WindowStation"":2}}","{""Total"":786,""ByType"":{""ALPC Port"":9,""Desktop"":1,""Directory"":2,""EtwRegistration"":164,""Event"":235,""File"":156,""IRTimer"":6,""IoCompletion"":14,""Key"":63,""Mutant"":18,""SchedulerSharedData"":1,""Section"":37,""Semaphore"":16,""Thread"":28,""TpWorkerFactory"":3,""WaitCompletionPacket"":31,""WindowStation"":2}}","{""CodexStarts"":8,""CodexQuotaRequests"":8,""ClaudeLiveRequests"":8,""CursorUsageRequests"":4,""CursorHttpRequests"":12,""ClaudeAuthCalls"":4,""ClaudeHistoryReadCalls"":212,""Changed"":41,""SyntheticRequestMilliseconds"":480.8748,""ObservationAcceptedSnapshots"":22,""ObservationIgnoredSnapshots"":8,""ObservationLoadAttempts"":5,""ObservationSaveAttempts"":22,""ObservationSavedFiles"":22,""ObservationEpochWrites"":6,""ObservationFailures"":0,""ObservationPublishedRevisions"":25}","{""CodexStarts"":10,""CodexQuotaRequests"":10,""ClaudeLiveRequests"":10,""CursorUsageRequests"":5,""CursorHttpRequests"":15,""ClaudeAuthCalls"":4,""ClaudeHistoryReadCalls"":244,""Changed"":50,""SyntheticRequestMilliseconds"":590.0436,""ObservationAcceptedSnapshots"":27,""ObservationIgnoredSnapshots"":10,""ObservationLoadAttempts"":5,""ObservationSaveAttempts"":27,""ObservationSavedFiles"":27,""ObservationEpochWrites"":6,""ObservationFailures"":0,""ObservationPublishedRevisions"":30}","{""CodexStarts"":2.0,""CodexQuotaRequests"":2.0,""ClaudeLiveRequests"":2.0,""CursorUsageRequests"":1.0,""CursorHttpRequests"":3.0,""ClaudeAuthCalls"":0.0,""ClaudeHistoryReadCalls"":32.0,""Changed"":9.0,""SyntheticRequestMilliseconds"":109.16879999999998,""ObservationAcceptedSnapshots"":5.0,""ObservationIgnoredSnapshots"":2.0,""ObservationLoadAttempts"":0.0,""ObservationSaveAttempts"":5.0,""ObservationSavedFiles"":5.0,""ObservationEpochWrites"":0.0,""ObservationFailures"":0.0,""ObservationPublishedRevisions"":5.0}","{""Observations"":160,""AccountRows"":5,""RowAvatars"":5,""SelectedAvatars"":1,""WidgetAvatars"":5,""FlyoutDetailRows"":6,""TrayIcons"":5}","{""Observations"":186,""AccountRows"":5,""RowAvatars"":5,""SelectedAvatars"":1,""WidgetAvatars"":5,""FlyoutDetailRows"":6,""TrayIcons"":6}","{""ui"":15.625,""thread-21692"":31.25,""thread-46916"":15.625,""rest"":0}"
"1","optimized","widget-after-churn","30","60","29999.615900000037","15.625","0.05208400018214893","304119891","40319155","1","0.5729749999954947","0.826600000000326","0.07394000001222593","0.07950000005075708","113899520","209807360","2534168","751","746","{""Total"":751,""ByType"":{""ALPC Port"":9,""Desktop"":1,""Directory"":2,""EtwRegistration"":164,""Event"":215,""File"":156,""IRTimer"":6,""IoCompletion"":14,""Key"":58,""Mutant"":18,""SchedulerSharedData"":1,""Section"":37,""Semaphore"":16,""Thread"":18,""TpWorkerFactory"":3,""WaitCompletionPacket"":31,""WindowStation"":2}}","{""Total"":746,""ByType"":{""ALPC Port"":9,""Desktop"":1,""Directory"":2,""EtwRegistration"":164,""Event"":212,""File"":156,""IRTimer"":6,""IoCompletion"":13,""Key"":58,""Mutant"":18,""SchedulerSharedData"":1,""Section"":37,""Semaphore"":16,""Thread"":17,""TpWorkerFactory"":3,""WaitCompletionPacket"":31,""WindowStation"":2}}","{""CodexStarts"":10,""CodexQuotaRequests"":10,""ClaudeLiveRequests"":10,""CursorUsageRequests"":5,""CursorHttpRequests"":15,""ClaudeAuthCalls"":4,""ClaudeHistoryReadCalls"":250,""Changed"":60,""SyntheticRequestMilliseconds"":590.0436,""ObservationAcceptedSnapshots"":27,""ObservationIgnoredSnapshots"":10,""ObservationLoadAttempts"":5,""ObservationSaveAttempts"":27,""ObservationSavedFiles"":27,""ObservationEpochWrites"":6,""ObservationFailures"":0,""ObservationPublishedRevisions"":30}","{""CodexStarts"":10,""CodexQuotaRequests"":10,""ClaudeLiveRequests"":10,""CursorUsageRequests"":5,""CursorHttpRequests"":15,""ClaudeAuthCalls"":4,""ClaudeHistoryReadCalls"":280,""Changed"":60,""SyntheticRequestMilliseconds"":590.0436,""ObservationAcceptedSnapshots"":27,""ObservationIgnoredSnapshots"":10,""ObservationLoadAttempts"":5,""ObservationSaveAttempts"":27,""ObservationSavedFiles"":27,""ObservationEpochWrites"":6,""ObservationFailures"":0,""ObservationPublishedRevisions"":30}","{""CodexStarts"":0.0,""CodexQuotaRequests"":0.0,""ClaudeLiveRequests"":0.0,""CursorUsageRequests"":0.0,""CursorHttpRequests"":0.0,""ClaudeAuthCalls"":0.0,""ClaudeHistoryReadCalls"":30.0,""Changed"":0.0,""SyntheticRequestMilliseconds"":0.0,""ObservationAcceptedSnapshots"":0.0,""ObservationIgnoredSnapshots"":0.0,""ObservationLoadAttempts"":0.0,""ObservationSaveAttempts"":0.0,""ObservationSavedFiles"":0.0,""ObservationEpochWrites"":0.0,""ObservationFailures"":0.0,""ObservationPublishedRevisions"":0.0}","{""Observations"":205,""AccountRows"":5,""RowAvatars"":28,""SelectedAvatars"":8,""WidgetAvatars"":5,""FlyoutDetailRows"":64,""TrayIcons"":16}","{""Observations"":221,""AccountRows"":5,""RowAvatars"":28,""SelectedAvatars"":8,""WidgetAvatars"":5,""FlyoutDetailRows"":64,""TrayIcons"":16}","{""ui"":15.625,""rest"":0}"
"2","fixed","warmup","20","40","20001.3215","562.5","2.8123141763407986","2696375545","33517663","0","0.7509550000017952","0.9095000000015716","0.09803500000034542","0.49350000000004","21473280","28059648","1130344","490","488","{""Total"":490,""ByType"":{""ALPC Port"":9,""Desktop"":1,""Directory"":2,""EtwRegistration"":110,""Event"":128,""File"":139,""IRTimer"":4,""IoCompletion"":11,""Key"":19,""Mutant"":2,""SchedulerSharedData"":1,""Section"":19,""Semaphore"":16,""Thread"":17,""Timer"":1,""TpWorkerFactory"":2,""WaitCompletionPacket"":7,""WindowStation"":2}}","{""Total"":488,""ByType"":{""ALPC Port"":9,""Desktop"":1,""Directory"":2,""EtwRegistration"":110,""Event"":127,""File"":139,""IRTimer"":4,""IoCompletion"":10,""Key"":19,""Mutant"":2,""SchedulerSharedData"":1,""Section"":19,""Semaphore"":16,""Thread"":17,""Timer"":1,""TpWorkerFactory"":2,""WaitCompletionPacket"":7,""WindowStation"":2}}","{""CodexStarts"":2,""CodexQuotaRequests"":2,""ClaudeLiveRequests"":2,""CursorUsageRequests"":1,""CursorHttpRequests"":3,""ClaudeAuthCalls"":2,""ClaudeHistoryReadCalls"":4,""Changed"":12,""SyntheticRequestMilliseconds"":127.8446,""ObservationAcceptedSnapshots"":5,""ObservationIgnoredSnapshots"":2,""ObservationLoadAttempts"":5,""ObservationSaveAttempts"":5,""ObservationSavedFiles"":5,""ObservationEpochWrites"":6,""ObservationFailures"":0,""ObservationPublishedRevisions"":8}","{""CodexStarts"":2,""CodexQuotaRequests"":2,""ClaudeLiveRequests"":2,""CursorUsageRequests"":1,""CursorHttpRequests"":3,""ClaudeAuthCalls"":2,""ClaudeHistoryReadCalls"":24,""Changed"":12,""SyntheticRequestMilliseconds"":127.8446,""ObservationAcceptedSnapshots"":5,""ObservationIgnoredSnapshots"":2,""ObservationLoadAttempts"":5,""ObservationSaveAttempts"":5,""ObservationSavedFiles"":5,""ObservationEpochWrites"":6,""ObservationFailures"":0,""ObservationPublishedRevisions"":8}","{""CodexStarts"":0.0,""CodexQuotaRequests"":0.0,""ClaudeLiveRequests"":0.0,""CursorUsageRequests"":0.0,""CursorHttpRequests"":0.0,""ClaudeAuthCalls"":0.0,""ClaudeHistoryReadCalls"":20.0,""Changed"":0.0,""SyntheticRequestMilliseconds"":0.0,""ObservationAcceptedSnapshots"":0.0,""ObservationIgnoredSnapshots"":0.0,""ObservationLoadAttempts"":0.0,""ObservationSaveAttempts"":0.0,""ObservationSavedFiles"":0.0,""ObservationEpochWrites"":0.0,""ObservationFailures"":0.0,""ObservationPublishedRevisions"":0.0}","{""Observations"":16,""AccountRows"":0,""RowAvatars"":0,""SelectedAvatars"":0,""WidgetAvatars"":0,""FlyoutDetailRows"":0,""TrayIcons"":2}","{""Observations"":26,""AccountRows"":0,""RowAvatars"":0,""SelectedAvatars"":0,""WidgetAvatars"":0,""FlyoutDetailRows"":0,""TrayIcons"":2}","{""ui"":0,""thread-45628"":562.5,""rest"":0}"
"2","fixed","tray-idle","30","60","29999.4497","93.75","0.31250573239681795","861907446","22374669","0","0.46774499999992253","0.9385000000038417","0.07238999999972293","0.10489999999845168","23236608","29585408","1626352","488","489","{""Total"":488,""ByType"":{""ALPC Port"":9,""Desktop"":1,""Directory"":2,""EtwRegistration"":110,""Event"":127,""File"":139,""IRTimer"":4,""IoCompletion"":10,""Key"":19,""Mutant"":2,""SchedulerSharedData"":1,""Section"":19,""Semaphore"":16,""Thread"":17,""Timer"":1,""TpWorkerFactory"":2,""WaitCompletionPacket"":7,""WindowStation"":2}}","{""Total"":489,""ByType"":{""ALPC Port"":8,""Desktop"":1,""Directory"":2,""EtwRegistration"":110,""Event"":128,""File"":139,""IRTimer"":4,""IoCompletion"":10,""Key"":19,""Mutant"":2,""SchedulerSharedData"":1,""Section"":19,""Semaphore"":16,""Thread"":18,""Timer"":1,""TpWorkerFactory"":2,""WaitCompletionPacket"":7,""WindowStation"":2}}","{""CodexStarts"":2,""CodexQuotaRequests"":2,""ClaudeLiveRequests"":2,""CursorUsageRequests"":1,""CursorHttpRequests"":3,""ClaudeAuthCalls"":2,""ClaudeHistoryReadCalls"":24,""Changed"":12,""SyntheticRequestMilliseconds"":127.8446,""ObservationAcceptedSnapshots"":5,""ObservationIgnoredSnapshots"":2,""ObservationLoadAttempts"":5,""ObservationSaveAttempts"":5,""ObservationSavedFiles"":5,""ObservationEpochWrites"":6,""ObservationFailures"":0,""ObservationPublishedRevisions"":8}","{""CodexStarts"":2,""CodexQuotaRequests"":2,""ClaudeLiveRequests"":2,""CursorUsageRequests"":1,""CursorHttpRequests"":3,""ClaudeAuthCalls"":2,""ClaudeHistoryReadCalls"":54,""Changed"":12,""SyntheticRequestMilliseconds"":127.8446,""ObservationAcceptedSnapshots"":5,""ObservationIgnoredSnapshots"":2,""ObservationLoadAttempts"":5,""ObservationSaveAttempts"":5,""ObservationSavedFiles"":5,""ObservationEpochWrites"":6,""ObservationFailures"":0,""ObservationPublishedRevisions"":8}","{""CodexStarts"":0.0,""CodexQuotaRequests"":0.0,""ClaudeLiveRequests"":0.0,""CursorUsageRequests"":0.0,""CursorHttpRequests"":0.0,""ClaudeAuthCalls"":0.0,""ClaudeHistoryReadCalls"":30.0,""Changed"":0.0,""SyntheticRequestMilliseconds"":0.0,""ObservationAcceptedSnapshots"":0.0,""ObservationIgnoredSnapshots"":0.0,""ObservationLoadAttempts"":0.0,""ObservationSaveAttempts"":0.0,""ObservationSavedFiles"":0.0,""ObservationEpochWrites"":0.0,""ObservationFailures"":0.0,""ObservationPublishedRevisions"":0.0}","{""Observations"":26,""AccountRows"":0,""RowAvatars"":0,""SelectedAvatars"":0,""WidgetAvatars"":0,""FlyoutDetailRows"":0,""TrayIcons"":2}","{""Observations"":41,""AccountRows"":0,""RowAvatars"":0,""SelectedAvatars"":0,""WidgetAvatars"":0,""FlyoutDetailRows"":0,""TrayIcons"":2}","{""ui"":0,""thread-45628"":93.75,""rest"":0}"
"2","fixed","widget-before-flyout","30","60","30000.392599999992","1421.875","4.739521308797807","7190094129","191349177","12","0.4807149999985993","0.9091999999945983","0.06974000000700471","0.0801999999966938","71643136","112779264","5177968","740","748","{""Total"":740,""ByType"":{""ALPC Port"":11,""Desktop"":1,""Directory"":2,""EtwRegistration"":155,""Event"":216,""File"":152,""IRTimer"":6,""IoCompletion"":13,""Key"":58,""Mutant"":18,""SchedulerSharedData"":1,""Section"":33,""Semaphore"":16,""Thread"":21,""Timer"":1,""TpWorkerFactory"":3,""WaitCompletionPacket"":31,""WindowStation"":2}}","{""Total"":748,""ByType"":{""ALPC Port"":12,""Desktop"":1,""Directory"":2,""EtwRegistration"":158,""Event"":219,""File"":152,""IRTimer"":6,""IoCompletion"":13,""Key"":58,""Mutant"":18,""SchedulerSharedData"":1,""Section"":33,""Semaphore"":16,""Thread"":22,""Timer"":1,""TpWorkerFactory"":3,""WaitCompletionPacket"":31,""WindowStation"":2}}","{""CodexStarts"":2,""CodexQuotaRequests"":2,""ClaudeLiveRequests"":2,""CursorUsageRequests"":1,""CursorHttpRequests"":3,""ClaudeAuthCalls"":2,""ClaudeHistoryReadCalls"":54,""Changed"":12,""SyntheticRequestMilliseconds"":127.8446,""ObservationAcceptedSnapshots"":5,""ObservationIgnoredSnapshots"":2,""ObservationLoadAttempts"":5,""ObservationSaveAttempts"":5,""ObservationSavedFiles"":5,""ObservationEpochWrites"":6,""ObservationFailures"":0,""ObservationPublishedRevisions"":8}","{""CodexStarts"":4,""CodexQuotaRequests"":4,""ClaudeLiveRequests"":4,""CursorUsageRequests"":2,""CursorHttpRequests"":6,""ClaudeAuthCalls"":2,""ClaudeHistoryReadCalls"":86,""Changed"":21,""SyntheticRequestMilliseconds"":240.4032,""ObservationAcceptedSnapshots"":10,""ObservationIgnoredSnapshots"":4,""ObservationLoadAttempts"":5,""ObservationSaveAttempts"":10,""ObservationSavedFiles"":10,""ObservationEpochWrites"":6,""ObservationFailures"":0,""ObservationPublishedRevisions"":13}","{""CodexStarts"":2.0,""CodexQuotaRequests"":2.0,""ClaudeLiveRequests"":2.0,""CursorUsageRequests"":1.0,""CursorHttpRequests"":3.0,""ClaudeAuthCalls"":0.0,""ClaudeHistoryReadCalls"":32.0,""Changed"":9.0,""SyntheticRequestMilliseconds"":112.5586,""ObservationAcceptedSnapshots"":5.0,""ObservationIgnoredSnapshots"":2.0,""ObservationLoadAttempts"":0.0,""ObservationSaveAttempts"":5.0,""ObservationSavedFiles"":5.0,""ObservationEpochWrites"":0.0,""ObservationFailures"":0.0,""ObservationPublishedRevisions"":5.0}","{""Observations"":42,""AccountRows"":0,""RowAvatars"":0,""SelectedAvatars"":0,""WidgetAvatars"":5,""FlyoutDetailRows"":0,""TrayIcons"":2}","{""Observations"":69,""AccountRows"":0,""RowAvatars"":0,""SelectedAvatars"":0,""WidgetAvatars"":5,""FlyoutDetailRows"":0,""TrayIcons"":3}","{""ui"":15.625,""thread-50052"":31.25,""rest"":0}"
"2","fixed","flyout-visible","30","60","30000.179900000006","1171.875","3.9062265756613006","5841851468","43893696","0","0.6858199999907809","0.873699999996461","0.062189999986730964","0.07480000000214204","77516800","148865024","2169688","765","761","{""Total"":765,""ByType"":{""ALPC Port"":13,""Desktop"":1,""Directory"":2,""EtwRegistration"":164,""Event"":220,""File"":154,""IRTimer"":6,""IoCompletion"":13,""Key"":63,""Mutant"":18,""SchedulerSharedData"":1,""Section"":35,""Semaphore"":16,""Thread"":22,""Timer"":1,""TpWorkerFactory"":3,""WaitCompletionPacket"":31,""WindowStation"":2}}","{""Total"":761,""ByType"":{""ALPC Port"":9,""Desktop"":1,""Directory"":2,""EtwRegistration"":164,""Event"":220,""File"":154,""IRTimer"":6,""IoCompletion"":13,""Key"":63,""Mutant"":18,""SchedulerSharedData"":1,""Section"":35,""Semaphore"":16,""Thread"":22,""Timer"":1,""TpWorkerFactory"":3,""WaitCompletionPacket"":31,""WindowStation"":2}}","{""CodexStarts"":4,""CodexQuotaRequests"":4,""ClaudeLiveRequests"":4,""CursorUsageRequests"":2,""CursorHttpRequests"":6,""ClaudeAuthCalls"":2,""ClaudeHistoryReadCalls"":86,""Changed"":21,""SyntheticRequestMilliseconds"":240.4032,""ObservationAcceptedSnapshots"":10,""ObservationIgnoredSnapshots"":4,""ObservationLoadAttempts"":5,""ObservationSaveAttempts"":10,""ObservationSavedFiles"":10,""ObservationEpochWrites"":6,""ObservationFailures"":0,""ObservationPublishedRevisions"":13}","{""CodexStarts"":4,""CodexQuotaRequests"":4,""ClaudeLiveRequests"":4,""CursorUsageRequests"":2,""CursorHttpRequests"":6,""ClaudeAuthCalls"":2,""ClaudeHistoryReadCalls"":116,""Changed"":21,""SyntheticRequestMilliseconds"":240.4032,""ObservationAcceptedSnapshots"":10,""ObservationIgnoredSnapshots"":4,""ObservationLoadAttempts"":5,""ObservationSaveAttempts"":10,""ObservationSavedFiles"":10,""ObservationEpochWrites"":6,""ObservationFailures"":0,""ObservationPublishedRevisions"":13}","{""CodexStarts"":0.0,""CodexQuotaRequests"":0.0,""ClaudeLiveRequests"":0.0,""CursorUsageRequests"":0.0,""CursorHttpRequests"":0.0,""ClaudeAuthCalls"":0.0,""ClaudeHistoryReadCalls"":30.0,""Changed"":0.0,""SyntheticRequestMilliseconds"":0.0,""ObservationAcceptedSnapshots"":0.0,""ObservationIgnoredSnapshots"":0.0,""ObservationLoadAttempts"":0.0,""ObservationSaveAttempts"":0.0,""ObservationSavedFiles"":0.0,""ObservationEpochWrites"":0.0,""ObservationFailures"":0.0,""ObservationPublishedRevisions"":0.0}","{""Observations"":71,""AccountRows"":5,""RowAvatars"":5,""SelectedAvatars"":1,""WidgetAvatars"":5,""FlyoutDetailRows"":6,""TrayIcons"":3}","{""Observations"":86,""AccountRows"":5,""RowAvatars"":5,""SelectedAvatars"":1,""WidgetAvatars"":5,""FlyoutDetailRows"":6,""TrayIcons"":3}","{""ui"":0,""thread-24484"":1171.875,""rest"":0}"
"2","fixed","tray-after-flyout","30","60","29999.84240000002","250","0.8333377111341086","1463557295","46316585","12","0.7738699999914388","0.8492999999871245","0.06331999998074025","0.10850000000209548","79439872","150159360","3704192","761","760","{""Total"":761,""ByType"":{""ALPC Port"":9,""Desktop"":1,""Directory"":2,""EtwRegistration"":164,""Event"":220,""File"":154,""IRTimer"":6,""IoCompletion"":13,""Key"":63,""Mutant"":18,""SchedulerSharedData"":1,""Section"":35,""Semaphore"":16,""Thread"":22,""Timer"":1,""TpWorkerFactory"":3,""WaitCompletionPacket"":31,""WindowStation"":2}}","{""Total"":760,""ByType"":{""ALPC Port"":9,""Desktop"":1,""Directory"":2,""EtwRegistration"":164,""Event"":220,""File"":154,""IRTimer"":6,""IoCompletion"":13,""Key"":63,""Mutant"":18,""SchedulerSharedData"":1,""Section"":35,""Semaphore"":16,""Thread"":22,""TpWorkerFactory"":3,""WaitCompletionPacket"":31,""WindowStation"":2}}","{""CodexStarts"":4,""CodexQuotaRequests"":4,""ClaudeLiveRequests"":4,""CursorUsageRequests"":2,""CursorHttpRequests"":6,""ClaudeAuthCalls"":2,""ClaudeHistoryReadCalls"":116,""Changed"":21,""SyntheticRequestMilliseconds"":240.4032,""ObservationAcceptedSnapshots"":10,""ObservationIgnoredSnapshots"":4,""ObservationLoadAttempts"":5,""ObservationSaveAttempts"":10,""ObservationSavedFiles"":10,""ObservationEpochWrites"":6,""ObservationFailures"":0,""ObservationPublishedRevisions"":13}","{""CodexStarts"":6,""CodexQuotaRequests"":6,""ClaudeLiveRequests"":6,""CursorUsageRequests"":3,""CursorHttpRequests"":9,""ClaudeAuthCalls"":2,""ClaudeHistoryReadCalls"":148,""Changed"":30,""SyntheticRequestMilliseconds"":349.0883,""ObservationAcceptedSnapshots"":15,""ObservationIgnoredSnapshots"":6,""ObservationLoadAttempts"":5,""ObservationSaveAttempts"":15,""ObservationSavedFiles"":15,""ObservationEpochWrites"":6,""ObservationFailures"":0,""ObservationPublishedRevisions"":18}","{""CodexStarts"":2.0,""CodexQuotaRequests"":2.0,""ClaudeLiveRequests"":2.0,""CursorUsageRequests"":1.0,""CursorHttpRequests"":3.0,""ClaudeAuthCalls"":0.0,""ClaudeHistoryReadCalls"":32.0,""Changed"":9.0,""SyntheticRequestMilliseconds"":108.6851,""ObservationAcceptedSnapshots"":5.0,""ObservationIgnoredSnapshots"":2.0,""ObservationLoadAttempts"":0.0,""ObservationSaveAttempts"":5.0,""ObservationSavedFiles"":5.0,""ObservationEpochWrites"":0.0,""ObservationFailures"":0.0,""ObservationPublishedRevisions"":5.0}","{""Observations"":86,""AccountRows"":5,""RowAvatars"":5,""SelectedAvatars"":1,""WidgetAvatars"":5,""FlyoutDetailRows"":6,""TrayIcons"":3}","{""Observations"":113,""AccountRows"":5,""RowAvatars"":5,""SelectedAvatars"":1,""WidgetAvatars"":5,""FlyoutDetailRows"":6,""TrayIcons"":4}","{""ui"":0,""thread-50052"":15.625,""thread-43204"":15.625,""rest"":0}"
"2","fixed","widget-visible","30","60","30000.974299999994","125","0.41665313516168045","739334457","32801352","0","0.5538949999900066","0.8077999999804888","0.07636999998212558","0.2086999999883119","82792448","153112576","2238296","763","768","{""Total"":763,""ByType"":{""ALPC Port"":9,""Desktop"":1,""Directory"":2,""EtwRegistration"":164,""Event"":222,""File"":154,""IRTimer"":6,""IoCompletion"":13,""Key"":63,""Mutant"":18,""SchedulerSharedData"":1,""Section"":35,""Semaphore"":16,""Thread"":23,""TpWorkerFactory"":3,""WaitCompletionPacket"":31,""WindowStation"":2}}","{""Total"":768,""ByType"":{""ALPC Port"":9,""Desktop"":1,""Directory"":2,""EtwRegistration"":164,""Event"":225,""File"":154,""IRTimer"":6,""IoCompletion"":14,""Key"":63,""Mutant"":18,""SchedulerSharedData"":1,""Section"":35,""Semaphore"":16,""Thread"":24,""TpWorkerFactory"":3,""WaitCompletionPacket"":31,""WindowStation"":2}}","{""CodexStarts"":6,""CodexQuotaRequests"":6,""ClaudeLiveRequests"":6,""CursorUsageRequests"":3,""CursorHttpRequests"":9,""ClaudeAuthCalls"":2,""ClaudeHistoryReadCalls"":148,""Changed"":30,""SyntheticRequestMilliseconds"":349.0883,""ObservationAcceptedSnapshots"":15,""ObservationIgnoredSnapshots"":6,""ObservationLoadAttempts"":5,""ObservationSaveAttempts"":15,""ObservationSavedFiles"":15,""ObservationEpochWrites"":6,""ObservationFailures"":0,""ObservationPublishedRevisions"":18}","{""CodexStarts"":6,""CodexQuotaRequests"":6,""ClaudeLiveRequests"":6,""CursorUsageRequests"":3,""CursorHttpRequests"":9,""ClaudeAuthCalls"":2,""ClaudeHistoryReadCalls"":178,""Changed"":30,""SyntheticRequestMilliseconds"":349.0883,""ObservationAcceptedSnapshots"":15,""ObservationIgnoredSnapshots"":6,""ObservationLoadAttempts"":5,""ObservationSaveAttempts"":15,""ObservationSavedFiles"":15,""ObservationEpochWrites"":6,""ObservationFailures"":0,""ObservationPublishedRevisions"":18}","{""CodexStarts"":0.0,""CodexQuotaRequests"":0.0,""ClaudeLiveRequests"":0.0,""CursorUsageRequests"":0.0,""CursorHttpRequests"":0.0,""ClaudeAuthCalls"":0.0,""ClaudeHistoryReadCalls"":30.0,""Changed"":0.0,""SyntheticRequestMilliseconds"":0.0,""ObservationAcceptedSnapshots"":0.0,""ObservationIgnoredSnapshots"":0.0,""ObservationLoadAttempts"":0.0,""ObservationSaveAttempts"":0.0,""ObservationSavedFiles"":0.0,""ObservationEpochWrites"":0.0,""ObservationFailures"":0.0,""ObservationPublishedRevisions"":0.0}","{""Observations"":114,""AccountRows"":5,""RowAvatars"":5,""SelectedAvatars"":1,""WidgetAvatars"":5,""FlyoutDetailRows"":6,""TrayIcons"":4}","{""Observations"":129,""AccountRows"":5,""RowAvatars"":5,""SelectedAvatars"":1,""WidgetAvatars"":5,""FlyoutDetailRows"":6,""TrayIcons"":4}","{""ui"":15.625,""rest"":0}"
"2","fixed","post-refresh-widget","30","60","29998.822399999994","500","1.6667320914570303","2593821819","47710283","1","0.6189450000005309","0.864899999985937","0.06660499999125022","0.06799999999930151","90898432","160423936","2760088","776","769","{""Total"":777,""ByType"":{""ALPC Port"":9,""Desktop"":1,""Directory"":2,""EtwRegistration"":164,""Event"":230,""File"":155,""IRTimer"":6,""IoCompletion"":15,""Key"":63,""Mutant"":18,""SchedulerSharedData"":1,""Section"":35,""Semaphore"":16,""Thread"":26,""TpWorkerFactory"":3,""WaitCompletionPacket"":31,""WindowStation"":2}}","{""Total"":769,""ByType"":{""ALPC Port"":9,""Desktop"":1,""Directory"":2,""EtwRegistration"":164,""Event"":226,""File"":154,""IRTimer"":6,""IoCompletion"":13,""Key"":63,""Mutant"":18,""SchedulerSharedData"":1,""Section"":35,""Semaphore"":16,""Thread"":25,""TpWorkerFactory"":3,""WaitCompletionPacket"":31,""WindowStation"":2}}","{""CodexStarts"":8,""CodexQuotaRequests"":8,""ClaudeLiveRequests"":8,""CursorUsageRequests"":4,""CursorHttpRequests"":12,""ClaudeAuthCalls"":4,""ClaudeHistoryReadCalls"":182,""Changed"":41,""SyntheticRequestMilliseconds"":480.1357,""ObservationAcceptedSnapshots"":22,""ObservationIgnoredSnapshots"":8,""ObservationLoadAttempts"":5,""ObservationSaveAttempts"":22,""ObservationSavedFiles"":22,""ObservationEpochWrites"":6,""ObservationFailures"":0,""ObservationPublishedRevisions"":25}","{""CodexStarts"":8,""CodexQuotaRequests"":8,""ClaudeLiveRequests"":8,""CursorUsageRequests"":4,""CursorHttpRequests"":12,""ClaudeAuthCalls"":4,""ClaudeHistoryReadCalls"":212,""Changed"":41,""SyntheticRequestMilliseconds"":480.1357,""ObservationAcceptedSnapshots"":22,""ObservationIgnoredSnapshots"":8,""ObservationLoadAttempts"":5,""ObservationSaveAttempts"":22,""ObservationSavedFiles"":22,""ObservationEpochWrites"":6,""ObservationFailures"":0,""ObservationPublishedRevisions"":25}","{""CodexStarts"":0.0,""CodexQuotaRequests"":0.0,""ClaudeLiveRequests"":0.0,""CursorUsageRequests"":0.0,""CursorHttpRequests"":0.0,""ClaudeAuthCalls"":0.0,""ClaudeHistoryReadCalls"":30.0,""Changed"":0.0,""SyntheticRequestMilliseconds"":0.0,""ObservationAcceptedSnapshots"":0.0,""ObservationIgnoredSnapshots"":0.0,""ObservationLoadAttempts"":0.0,""ObservationSaveAttempts"":0.0,""ObservationSavedFiles"":0.0,""ObservationEpochWrites"":0.0,""ObservationFailures"":0.0,""ObservationPublishedRevisions"":0.0}","{""Observations"":143,""AccountRows"":5,""RowAvatars"":5,""SelectedAvatars"":1,""WidgetAvatars"":5,""FlyoutDetailRows"":6,""TrayIcons"":5}","{""Observations"":159,""AccountRows"":5,""RowAvatars"":5,""SelectedAvatars"":1,""WidgetAvatars"":5,""FlyoutDetailRows"":6,""TrayIcons"":5}","{""ui"":0,""rest"":0}"
"2","fixed","tray-after-refresh","30","60","29999.383599999986","109.375","0.3645908244594734","446276427","40207968","11","0.5337199999979928","0.7290999999968335","0.06531999998405807","0.07970000000204891","92780544","162304000","3815416","772","782","{""Total"":772,""ByType"":{""ALPC Port"":9,""Desktop"":1,""Directory"":2,""EtwRegistration"":164,""Event"":228,""File"":154,""IRTimer"":6,""IoCompletion"":13,""Key"":63,""Mutant"":18,""SchedulerSharedData"":1,""Section"":35,""Semaphore"":16,""Thread"":26,""TpWorkerFactory"":3,""WaitCompletionPacket"":31,""WindowStation"":2}}","{""Total"":782,""ByType"":{""ALPC Port"":9,""Desktop"":1,""Directory"":2,""EtwRegistration"":164,""Event"":234,""File"":154,""IRTimer"":6,""IoCompletion"":15,""Key"":63,""Mutant"":18,""SchedulerSharedData"":1,""Section"":35,""Semaphore"":16,""Thread"":28,""TpWorkerFactory"":3,""WaitCompletionPacket"":31,""WindowStation"":2}}","{""CodexStarts"":8,""CodexQuotaRequests"":8,""ClaudeLiveRequests"":8,""CursorUsageRequests"":4,""CursorHttpRequests"":12,""ClaudeAuthCalls"":4,""ClaudeHistoryReadCalls"":212,""Changed"":41,""SyntheticRequestMilliseconds"":480.1357,""ObservationAcceptedSnapshots"":22,""ObservationIgnoredSnapshots"":8,""ObservationLoadAttempts"":5,""ObservationSaveAttempts"":22,""ObservationSavedFiles"":22,""ObservationEpochWrites"":6,""ObservationFailures"":0,""ObservationPublishedRevisions"":25}","{""CodexStarts"":10,""CodexQuotaRequests"":10,""ClaudeLiveRequests"":10,""CursorUsageRequests"":5,""CursorHttpRequests"":15,""ClaudeAuthCalls"":4,""ClaudeHistoryReadCalls"":244,""Changed"":50,""SyntheticRequestMilliseconds"":592.4411,""ObservationAcceptedSnapshots"":27,""ObservationIgnoredSnapshots"":10,""ObservationLoadAttempts"":5,""ObservationSaveAttempts"":27,""ObservationSavedFiles"":27,""ObservationEpochWrites"":6,""ObservationFailures"":0,""ObservationPublishedRevisions"":30}","{""CodexStarts"":2.0,""CodexQuotaRequests"":2.0,""ClaudeLiveRequests"":2.0,""CursorUsageRequests"":1.0,""CursorHttpRequests"":3.0,""ClaudeAuthCalls"":0.0,""ClaudeHistoryReadCalls"":32.0,""Changed"":9.0,""SyntheticRequestMilliseconds"":112.30540000000002,""ObservationAcceptedSnapshots"":5.0,""ObservationIgnoredSnapshots"":2.0,""ObservationLoadAttempts"":0.0,""ObservationSaveAttempts"":5.0,""ObservationSavedFiles"":5.0,""ObservationEpochWrites"":0.0,""ObservationFailures"":0.0,""ObservationPublishedRevisions"":5.0}","{""Observations"":160,""AccountRows"":5,""RowAvatars"":5,""SelectedAvatars"":1,""WidgetAvatars"":5,""FlyoutDetailRows"":6,""TrayIcons"":5}","{""Observations"":186,""AccountRows"":5,""RowAvatars"":5,""SelectedAvatars"":1,""WidgetAvatars"":5,""FlyoutDetailRows"":6,""TrayIcons"":6}","{""ui"":31.25,""thread-50052"":31.25,""thread-17320"":15.625,""thread-49596"":15.625,""thread-40052"":15.625,""rest"":0}"
"2","fixed","widget-after-churn","30","60","29999.813299999998","15.625","0.05208365746729497","292789244","41402297","1","0.5380849999972268","0.7657999999937601","0.06834500001277774","0.07679999998072162","106774528","201125888","2565504","748","743","{""Total"":748,""ByType"":{""ALPC Port"":9,""Desktop"":1,""Directory"":2,""EtwRegistration"":164,""Event"":215,""File"":154,""IRTimer"":6,""IoCompletion"":15,""Key"":58,""Mutant"":18,""SchedulerSharedData"":1,""Section"":35,""Semaphore"":16,""Thread"":18,""TpWorkerFactory"":3,""WaitCompletionPacket"":31,""WindowStation"":2}}","{""Total"":743,""ByType"":{""ALPC Port"":9,""Desktop"":1,""Directory"":2,""EtwRegistration"":164,""Event"":212,""File"":154,""IRTimer"":6,""IoCompletion"":13,""Key"":58,""Mutant"":18,""SchedulerSharedData"":1,""Section"":35,""Semaphore"":16,""Thread"":18,""TpWorkerFactory"":3,""WaitCompletionPacket"":31,""WindowStation"":2}}","{""CodexStarts"":10,""CodexQuotaRequests"":10,""ClaudeLiveRequests"":10,""CursorUsageRequests"":5,""CursorHttpRequests"":15,""ClaudeAuthCalls"":4,""ClaudeHistoryReadCalls"":250,""Changed"":60,""SyntheticRequestMilliseconds"":592.4411,""ObservationAcceptedSnapshots"":27,""ObservationIgnoredSnapshots"":10,""ObservationLoadAttempts"":5,""ObservationSaveAttempts"":27,""ObservationSavedFiles"":27,""ObservationEpochWrites"":6,""ObservationFailures"":0,""ObservationPublishedRevisions"":30}","{""CodexStarts"":10,""CodexQuotaRequests"":10,""ClaudeLiveRequests"":10,""CursorUsageRequests"":5,""CursorHttpRequests"":15,""ClaudeAuthCalls"":4,""ClaudeHistoryReadCalls"":280,""Changed"":60,""SyntheticRequestMilliseconds"":592.4411,""ObservationAcceptedSnapshots"":27,""ObservationIgnoredSnapshots"":10,""ObservationLoadAttempts"":5,""ObservationSaveAttempts"":27,""ObservationSavedFiles"":27,""ObservationEpochWrites"":6,""ObservationFailures"":0,""ObservationPublishedRevisions"":30}","{""CodexStarts"":0.0,""CodexQuotaRequests"":0.0,""ClaudeLiveRequests"":0.0,""CursorUsageRequests"":0.0,""CursorHttpRequests"":0.0,""ClaudeAuthCalls"":0.0,""ClaudeHistoryReadCalls"":30.0,""Changed"":0.0,""SyntheticRequestMilliseconds"":0.0,""ObservationAcceptedSnapshots"":0.0,""ObservationIgnoredSnapshots"":0.0,""ObservationLoadAttempts"":0.0,""ObservationSaveAttempts"":0.0,""ObservationSavedFiles"":0.0,""ObservationEpochWrites"":0.0,""ObservationFailures"":0.0,""ObservationPublishedRevisions"":0.0}","{""Observations"":205,""AccountRows"":5,""RowAvatars"":28,""SelectedAvatars"":8,""WidgetAvatars"":5,""FlyoutDetailRows"":64,""TrayIcons"":16}","{""Observations"":221,""AccountRows"":5,""RowAvatars"":30,""SelectedAvatars"":9,""WidgetAvatars"":5,""FlyoutDetailRows"":70,""TrayIcons"":16}","{""ui"":0,""rest"":0}"
"3","fixed","warmup","20","40","20000.5165","500","2.4999354391672832","2680093566","34646790","0","0.8286149999999224","0.9384999999999764","0.44218999999975495","0.550899999999956","21532672","27944960","1082392","494","492","{""Total"":494,""ByType"":{""ALPC Port"":9,""Desktop"":1,""Directory"":2,""EtwRegistration"":110,""Event"":131,""File"":139,""IRTimer"":4,""IoCompletion"":11,""Key"":19,""Mutant"":2,""SchedulerSharedData"":1,""Section"":19,""Semaphore"":16,""Thread"":18,""Timer"":1,""TpWorkerFactory"":2,""WaitCompletionPacket"":7,""WindowStation"":2}}","{""Total"":492,""ByType"":{""ALPC Port"":9,""Desktop"":1,""Directory"":2,""EtwRegistration"":110,""Event"":130,""File"":139,""IRTimer"":4,""IoCompletion"":10,""Key"":19,""Mutant"":2,""SchedulerSharedData"":1,""Section"":19,""Semaphore"":16,""Thread"":18,""Timer"":1,""TpWorkerFactory"":2,""WaitCompletionPacket"":7,""WindowStation"":2}}","{""CodexStarts"":2,""CodexQuotaRequests"":2,""ClaudeLiveRequests"":2,""CursorUsageRequests"":1,""CursorHttpRequests"":3,""ClaudeAuthCalls"":2,""ClaudeHistoryReadCalls"":4,""Changed"":12,""SyntheticRequestMilliseconds"":128.508,""ObservationAcceptedSnapshots"":5,""ObservationIgnoredSnapshots"":2,""ObservationLoadAttempts"":5,""ObservationSaveAttempts"":5,""ObservationSavedFiles"":5,""ObservationEpochWrites"":6,""ObservationFailures"":0,""ObservationPublishedRevisions"":8}","{""CodexStarts"":2,""CodexQuotaRequests"":2,""ClaudeLiveRequests"":2,""CursorUsageRequests"":1,""CursorHttpRequests"":3,""ClaudeAuthCalls"":2,""ClaudeHistoryReadCalls"":24,""Changed"":12,""SyntheticRequestMilliseconds"":128.508,""ObservationAcceptedSnapshots"":5,""ObservationIgnoredSnapshots"":2,""ObservationLoadAttempts"":5,""ObservationSaveAttempts"":5,""ObservationSavedFiles"":5,""ObservationEpochWrites"":6,""ObservationFailures"":0,""ObservationPublishedRevisions"":8}","{""CodexStarts"":0.0,""CodexQuotaRequests"":0.0,""ClaudeLiveRequests"":0.0,""CursorUsageRequests"":0.0,""CursorHttpRequests"":0.0,""ClaudeAuthCalls"":0.0,""ClaudeHistoryReadCalls"":20.0,""Changed"":0.0,""SyntheticRequestMilliseconds"":0.0,""ObservationAcceptedSnapshots"":0.0,""ObservationIgnoredSnapshots"":0.0,""ObservationLoadAttempts"":0.0,""ObservationSaveAttempts"":0.0,""ObservationSavedFiles"":0.0,""ObservationEpochWrites"":0.0,""ObservationFailures"":0.0,""ObservationPublishedRevisions"":0.0}","{""Observations"":16,""AccountRows"":0,""RowAvatars"":0,""SelectedAvatars"":0,""WidgetAvatars"":0,""FlyoutDetailRows"":0,""TrayIcons"":2}","{""Observations"":26,""AccountRows"":0,""RowAvatars"":0,""SelectedAvatars"":0,""WidgetAvatars"":0,""FlyoutDetailRows"":0,""TrayIcons"":2}","{""ui"":31.25,""thread-44224"":468.75,""rest"":0}"
"3","fixed","tray-idle","30","60","29999.795","78.125","0.26041844619271565","858001689","24592555","0","0.7770799999972944","2.2818000000006577","0.3508299999977678","0.5280999999959022","23355392","29528064","1666152","492","493","{""Total"":492,""ByType"":{""ALPC Port"":9,""Desktop"":1,""Directory"":2,""EtwRegistration"":110,""Event"":130,""File"":139,""IRTimer"":4,""IoCompletion"":10,""Key"":19,""Mutant"":2,""SchedulerSharedData"":1,""Section"":19,""Semaphore"":16,""Thread"":18,""Timer"":1,""TpWorkerFactory"":2,""WaitCompletionPacket"":7,""WindowStation"":2}}","{""Total"":493,""ByType"":{""ALPC Port"":8,""Desktop"":1,""Directory"":2,""EtwRegistration"":110,""Event"":131,""File"":139,""IRTimer"":4,""IoCompletion"":10,""Key"":19,""Mutant"":2,""SchedulerSharedData"":1,""Section"":19,""Semaphore"":16,""Thread"":19,""Timer"":1,""TpWorkerFactory"":2,""WaitCompletionPacket"":7,""WindowStation"":2}}","{""CodexStarts"":2,""CodexQuotaRequests"":2,""ClaudeLiveRequests"":2,""CursorUsageRequests"":1,""CursorHttpRequests"":3,""ClaudeAuthCalls"":2,""ClaudeHistoryReadCalls"":24,""Changed"":12,""SyntheticRequestMilliseconds"":128.508,""ObservationAcceptedSnapshots"":5,""ObservationIgnoredSnapshots"":2,""ObservationLoadAttempts"":5,""ObservationSaveAttempts"":5,""ObservationSavedFiles"":5,""ObservationEpochWrites"":6,""ObservationFailures"":0,""ObservationPublishedRevisions"":8}","{""CodexStarts"":2,""CodexQuotaRequests"":2,""ClaudeLiveRequests"":2,""CursorUsageRequests"":1,""CursorHttpRequests"":3,""ClaudeAuthCalls"":2,""ClaudeHistoryReadCalls"":54,""Changed"":12,""SyntheticRequestMilliseconds"":128.508,""ObservationAcceptedSnapshots"":5,""ObservationIgnoredSnapshots"":2,""ObservationLoadAttempts"":5,""ObservationSaveAttempts"":5,""ObservationSavedFiles"":5,""ObservationEpochWrites"":6,""ObservationFailures"":0,""ObservationPublishedRevisions"":8}","{""CodexStarts"":0.0,""CodexQuotaRequests"":0.0,""ClaudeLiveRequests"":0.0,""CursorUsageRequests"":0.0,""CursorHttpRequests"":0.0,""ClaudeAuthCalls"":0.0,""ClaudeHistoryReadCalls"":30.0,""Changed"":0.0,""SyntheticRequestMilliseconds"":0.0,""ObservationAcceptedSnapshots"":0.0,""ObservationIgnoredSnapshots"":0.0,""ObservationLoadAttempts"":0.0,""ObservationSaveAttempts"":0.0,""ObservationSavedFiles"":0.0,""ObservationEpochWrites"":0.0,""ObservationFailures"":0.0,""ObservationPublishedRevisions"":0.0}","{""Observations"":26,""AccountRows"":0,""RowAvatars"":0,""SelectedAvatars"":0,""WidgetAvatars"":0,""FlyoutDetailRows"":0,""TrayIcons"":2}","{""Observations"":41,""AccountRows"":0,""RowAvatars"":0,""SelectedAvatars"":0,""WidgetAvatars"":0,""FlyoutDetailRows"":0,""TrayIcons"":2}","{""ui"":15.625,""thread-44224"":78.125,""thread-52044"":15.625,""rest"":0}"
"3","fixed","widget-before-flyout","30","60","30000.161399999997","1406.25","4.687474781385677","7056212071","170300663","12","0.7352399999981571","1.0503000000026077","0.2633250000046245","0.33109999999578577","72667136","113377280","4955576","744","752","{""Total"":744,""ByType"":{""ALPC Port"":11,""Desktop"":1,""Directory"":2,""EtwRegistration"":155,""Event"":219,""File"":152,""IRTimer"":6,""IoCompletion"":13,""Key"":58,""Mutant"":18,""SchedulerSharedData"":1,""Section"":33,""Semaphore"":16,""Thread"":22,""Timer"":1,""TpWorkerFactory"":3,""WaitCompletionPacket"":31,""WindowStation"":2}}","{""Total"":752,""ByType"":{""ALPC Port"":12,""Desktop"":1,""Directory"":2,""EtwRegistration"":158,""Event"":222,""File"":152,""IRTimer"":6,""IoCompletion"":13,""Key"":58,""Mutant"":18,""SchedulerSharedData"":1,""Section"":33,""Semaphore"":16,""Thread"":23,""Timer"":1,""TpWorkerFactory"":3,""WaitCompletionPacket"":31,""WindowStation"":2}}","{""CodexStarts"":2,""CodexQuotaRequests"":2,""ClaudeLiveRequests"":2,""CursorUsageRequests"":1,""CursorHttpRequests"":3,""ClaudeAuthCalls"":2,""ClaudeHistoryReadCalls"":54,""Changed"":12,""SyntheticRequestMilliseconds"":128.508,""ObservationAcceptedSnapshots"":5,""ObservationIgnoredSnapshots"":2,""ObservationLoadAttempts"":5,""ObservationSaveAttempts"":5,""ObservationSavedFiles"":5,""ObservationEpochWrites"":6,""ObservationFailures"":0,""ObservationPublishedRevisions"":8}","{""CodexStarts"":4,""CodexQuotaRequests"":4,""ClaudeLiveRequests"":4,""CursorUsageRequests"":2,""CursorHttpRequests"":6,""ClaudeAuthCalls"":2,""ClaudeHistoryReadCalls"":86,""Changed"":21,""SyntheticRequestMilliseconds"":238.993,""ObservationAcceptedSnapshots"":10,""ObservationIgnoredSnapshots"":4,""ObservationLoadAttempts"":5,""ObservationSaveAttempts"":10,""ObservationSavedFiles"":10,""ObservationEpochWrites"":6,""ObservationFailures"":0,""ObservationPublishedRevisions"":13}","{""CodexStarts"":2.0,""CodexQuotaRequests"":2.0,""ClaudeLiveRequests"":2.0,""CursorUsageRequests"":1.0,""CursorHttpRequests"":3.0,""ClaudeAuthCalls"":0.0,""ClaudeHistoryReadCalls"":32.0,""Changed"":9.0,""SyntheticRequestMilliseconds"":110.48499999999999,""ObservationAcceptedSnapshots"":5.0,""ObservationIgnoredSnapshots"":2.0,""ObservationLoadAttempts"":0.0,""ObservationSaveAttempts"":5.0,""ObservationSavedFiles"":5.0,""ObservationEpochWrites"":0.0,""ObservationFailures"":0.0,""ObservationPublishedRevisions"":5.0}","{""Observations"":42,""AccountRows"":0,""RowAvatars"":0,""SelectedAvatars"":0,""WidgetAvatars"":5,""FlyoutDetailRows"":0,""TrayIcons"":2}","{""Observations"":69,""AccountRows"":0,""RowAvatars"":0,""SelectedAvatars"":0,""WidgetAvatars"":5,""FlyoutDetailRows"":0,""TrayIcons"":3}","{""ui"":31.25,""thread-25720"":15.625,""rest"":0}"
"3","fixed","flyout-visible","30","60","30001.103400000004","1406.25","4.687327600090868","6876820251","179614177","0","1.246184999994875","1.6627999999909662","0.6282750000027587","1.4377999999996973","85198848","149569536","2641136","769","767","{""Total"":769,""ByType"":{""ALPC Port"":13,""Desktop"":1,""Directory"":2,""EtwRegistration"":164,""Event"":223,""File"":154,""IRTimer"":6,""IoCompletion"":13,""Key"":63,""Mutant"":18,""SchedulerSharedData"":1,""Section"":35,""Semaphore"":16,""Thread"":23,""Timer"":1,""TpWorkerFactory"":3,""WaitCompletionPacket"":31,""WindowStation"":2}}","{""Total"":767,""ByType"":{""ALPC Port"":9,""Desktop"":1,""Directory"":2,""EtwRegistration"":164,""Event"":223,""File"":155,""IRTimer"":6,""IoCompletion"":13,""Key"":63,""Mutant"":18,""SchedulerSharedData"":1,""Section"":36,""Semaphore"":16,""Thread"":23,""Timer"":1,""TpWorkerFactory"":3,""WaitCompletionPacket"":31,""WindowStation"":2}}","{""CodexStarts"":4,""CodexQuotaRequests"":4,""ClaudeLiveRequests"":4,""CursorUsageRequests"":2,""CursorHttpRequests"":6,""ClaudeAuthCalls"":2,""ClaudeHistoryReadCalls"":86,""Changed"":21,""SyntheticRequestMilliseconds"":238.993,""ObservationAcceptedSnapshots"":10,""ObservationIgnoredSnapshots"":4,""ObservationLoadAttempts"":5,""ObservationSaveAttempts"":10,""ObservationSavedFiles"":10,""ObservationEpochWrites"":6,""ObservationFailures"":0,""ObservationPublishedRevisions"":13}","{""CodexStarts"":4,""CodexQuotaRequests"":4,""ClaudeLiveRequests"":4,""CursorUsageRequests"":2,""CursorHttpRequests"":6,""ClaudeAuthCalls"":2,""ClaudeHistoryReadCalls"":116,""Changed"":21,""SyntheticRequestMilliseconds"":238.993,""ObservationAcceptedSnapshots"":10,""ObservationIgnoredSnapshots"":4,""ObservationLoadAttempts"":5,""ObservationSaveAttempts"":10,""ObservationSavedFiles"":10,""ObservationEpochWrites"":6,""ObservationFailures"":0,""ObservationPublishedRevisions"":13}","{""CodexStarts"":0.0,""CodexQuotaRequests"":0.0,""ClaudeLiveRequests"":0.0,""CursorUsageRequests"":0.0,""CursorHttpRequests"":0.0,""ClaudeAuthCalls"":0.0,""ClaudeHistoryReadCalls"":30.0,""Changed"":0.0,""SyntheticRequestMilliseconds"":0.0,""ObservationAcceptedSnapshots"":0.0,""ObservationIgnoredSnapshots"":0.0,""ObservationLoadAttempts"":0.0,""ObservationSaveAttempts"":0.0,""ObservationSavedFiles"":0.0,""ObservationEpochWrites"":0.0,""ObservationFailures"":0.0,""ObservationPublishedRevisions"":0.0}","{""Observations"":71,""AccountRows"":5,""RowAvatars"":5,""SelectedAvatars"":1,""WidgetAvatars"":5,""FlyoutDetailRows"":6,""TrayIcons"":3}","{""Observations"":86,""AccountRows"":5,""RowAvatars"":5,""SelectedAvatars"":1,""WidgetAvatars"":5,""FlyoutDetailRows"":6,""TrayIcons"":3}","{""ui"":46.875,""thread-49676"":1359.375,""rest"":0}"
"3","fixed","tray-after-flyout","30","60","30000.300399999986","234.375","0.7812421771616664","1475157196","45659373","12","1.0330049999916808","1.1833999999944353","0.3676549999945563","0.4444000000075903","83871744","149671936","3703624","767","767","{""Total"":767,""ByType"":{""ALPC Port"":9,""Desktop"":1,""Directory"":2,""EtwRegistration"":164,""Event"":223,""File"":155,""IRTimer"":6,""IoCompletion"":13,""Key"":63,""Mutant"":18,""SchedulerSharedData"":1,""Section"":36,""Semaphore"":16,""Thread"":23,""Timer"":1,""TpWorkerFactory"":3,""WaitCompletionPacket"":31,""WindowStation"":2}}","{""Total"":767,""ByType"":{""ALPC Port"":9,""Desktop"":1,""Directory"":2,""EtwRegistration"":164,""Event"":224,""File"":155,""IRTimer"":6,""IoCompletion"":13,""Key"":63,""Mutant"":18,""SchedulerSharedData"":1,""Section"":36,""Semaphore"":16,""Thread"":23,""TpWorkerFactory"":3,""WaitCompletionPacket"":31,""WindowStation"":2}}","{""CodexStarts"":4,""CodexQuotaRequests"":4,""ClaudeLiveRequests"":4,""CursorUsageRequests"":2,""CursorHttpRequests"":6,""ClaudeAuthCalls"":2,""ClaudeHistoryReadCalls"":116,""Changed"":21,""SyntheticRequestMilliseconds"":238.993,""ObservationAcceptedSnapshots"":10,""ObservationIgnoredSnapshots"":4,""ObservationLoadAttempts"":5,""ObservationSaveAttempts"":10,""ObservationSavedFiles"":10,""ObservationEpochWrites"":6,""ObservationFailures"":0,""ObservationPublishedRevisions"":13}","{""CodexStarts"":6,""CodexQuotaRequests"":6,""ClaudeLiveRequests"":6,""CursorUsageRequests"":3,""CursorHttpRequests"":9,""ClaudeAuthCalls"":2,""ClaudeHistoryReadCalls"":148,""Changed"":30,""SyntheticRequestMilliseconds"":350.6495,""ObservationAcceptedSnapshots"":15,""ObservationIgnoredSnapshots"":6,""ObservationLoadAttempts"":5,""ObservationSaveAttempts"":15,""ObservationSavedFiles"":15,""ObservationEpochWrites"":6,""ObservationFailures"":0,""ObservationPublishedRevisions"":18}","{""CodexStarts"":2.0,""CodexQuotaRequests"":2.0,""ClaudeLiveRequests"":2.0,""CursorUsageRequests"":1.0,""CursorHttpRequests"":3.0,""ClaudeAuthCalls"":0.0,""ClaudeHistoryReadCalls"":32.0,""Changed"":9.0,""SyntheticRequestMilliseconds"":111.6565,""ObservationAcceptedSnapshots"":5.0,""ObservationIgnoredSnapshots"":2.0,""ObservationLoadAttempts"":0.0,""ObservationSaveAttempts"":5.0,""ObservationSavedFiles"":5.0,""ObservationEpochWrites"":0.0,""ObservationFailures"":0.0,""ObservationPublishedRevisions"":5.0}","{""Observations"":86,""AccountRows"":5,""RowAvatars"":5,""SelectedAvatars"":1,""WidgetAvatars"":5,""FlyoutDetailRows"":6,""TrayIcons"":3}","{""Observations"":113,""AccountRows"":5,""RowAvatars"":5,""SelectedAvatars"":1,""WidgetAvatars"":5,""FlyoutDetailRows"":6,""TrayIcons"":4}","{""ui"":15.625,""thread-49652"":15.625,""thread-25720"":15.625,""rest"":0}"
"3","fixed","widget-visible","30","60","29999.80309999998","93.75","0.3125020510551286","690608088","32281125","0","0.5328049999967333","0.8095000000030268","0.2271499999929799","0.3648000000102911","82853888","152952832","2178392","768","768","{""Total"":768,""ByType"":{""ALPC Port"":9,""Desktop"":1,""Directory"":2,""EtwRegistration"":164,""Event"":226,""File"":154,""IRTimer"":6,""IoCompletion"":13,""Key"":63,""Mutant"":18,""SchedulerSharedData"":1,""Section"":35,""Semaphore"":16,""Thread"":24,""TpWorkerFactory"":3,""WaitCompletionPacket"":31,""WindowStation"":2}}","{""Total"":768,""ByType"":{""ALPC Port"":9,""Desktop"":1,""Directory"":2,""EtwRegistration"":164,""Event"":226,""File"":154,""IRTimer"":6,""IoCompletion"":13,""Key"":63,""Mutant"":18,""SchedulerSharedData"":1,""Section"":35,""Semaphore"":16,""Thread"":24,""TpWorkerFactory"":3,""WaitCompletionPacket"":31,""WindowStation"":2}}","{""CodexStarts"":6,""CodexQuotaRequests"":6,""ClaudeLiveRequests"":6,""CursorUsageRequests"":3,""CursorHttpRequests"":9,""ClaudeAuthCalls"":2,""ClaudeHistoryReadCalls"":148,""Changed"":30,""SyntheticRequestMilliseconds"":350.6495,""ObservationAcceptedSnapshots"":15,""ObservationIgnoredSnapshots"":6,""ObservationLoadAttempts"":5,""ObservationSaveAttempts"":15,""ObservationSavedFiles"":15,""ObservationEpochWrites"":6,""ObservationFailures"":0,""ObservationPublishedRevisions"":18}","{""CodexStarts"":6,""CodexQuotaRequests"":6,""ClaudeLiveRequests"":6,""CursorUsageRequests"":3,""CursorHttpRequests"":9,""ClaudeAuthCalls"":2,""ClaudeHistoryReadCalls"":178,""Changed"":30,""SyntheticRequestMilliseconds"":350.6495,""ObservationAcceptedSnapshots"":15,""ObservationIgnoredSnapshots"":6,""ObservationLoadAttempts"":5,""ObservationSaveAttempts"":15,""ObservationSavedFiles"":15,""ObservationEpochWrites"":6,""ObservationFailures"":0,""ObservationPublishedRevisions"":18}","{""CodexStarts"":0.0,""CodexQuotaRequests"":0.0,""ClaudeLiveRequests"":0.0,""CursorUsageRequests"":0.0,""CursorHttpRequests"":0.0,""ClaudeAuthCalls"":0.0,""ClaudeHistoryReadCalls"":30.0,""Changed"":0.0,""SyntheticRequestMilliseconds"":0.0,""ObservationAcceptedSnapshots"":0.0,""ObservationIgnoredSnapshots"":0.0,""ObservationLoadAttempts"":0.0,""ObservationSaveAttempts"":0.0,""ObservationSavedFiles"":0.0,""ObservationEpochWrites"":0.0,""ObservationFailures"":0.0,""ObservationPublishedRevisions"":0.0}","{""Observations"":114,""AccountRows"":5,""RowAvatars"":5,""SelectedAvatars"":1,""WidgetAvatars"":5,""FlyoutDetailRows"":6,""TrayIcons"":4}","{""Observations"":129,""AccountRows"":5,""RowAvatars"":5,""SelectedAvatars"":1,""WidgetAvatars"":5,""FlyoutDetailRows"":6,""TrayIcons"":4}","{""ui"":15.625,""rest"":0}"
"3","fixed","post-refresh-widget","30","60","30000.308399999994","515.625","1.7187323314316332","2693948413","50171194","1","0.9276200000007521","2.7219999999797437","0.36731500000751105","3.047999999980675","91582464","161697792","2737360","776","771","{""Total"":777,""ByType"":{""ALPC Port"":9,""Desktop"":1,""Directory"":2,""EtwRegistration"":164,""Event"":231,""File"":155,""IRTimer"":6,""IoCompletion"":14,""Key"":63,""Mutant"":18,""SchedulerSharedData"":1,""Section"":35,""Semaphore"":16,""Thread"":26,""TpWorkerFactory"":3,""WaitCompletionPacket"":31,""WindowStation"":2}}","{""Total"":771,""ByType"":{""ALPC Port"":9,""Desktop"":1,""Directory"":2,""EtwRegistration"":164,""Event"":228,""File"":154,""IRTimer"":6,""IoCompletion"":13,""Key"":63,""Mutant"":18,""SchedulerSharedData"":1,""Section"":35,""Semaphore"":16,""Thread"":25,""TpWorkerFactory"":3,""WaitCompletionPacket"":31,""WindowStation"":2}}","{""CodexStarts"":8,""CodexQuotaRequests"":8,""ClaudeLiveRequests"":8,""CursorUsageRequests"":4,""CursorHttpRequests"":12,""ClaudeAuthCalls"":4,""ClaudeHistoryReadCalls"":182,""Changed"":41,""SyntheticRequestMilliseconds"":480.9378,""ObservationAcceptedSnapshots"":22,""ObservationIgnoredSnapshots"":8,""ObservationLoadAttempts"":5,""ObservationSaveAttempts"":22,""ObservationSavedFiles"":22,""ObservationEpochWrites"":6,""ObservationFailures"":0,""ObservationPublishedRevisions"":25}","{""CodexStarts"":8,""CodexQuotaRequests"":8,""ClaudeLiveRequests"":8,""CursorUsageRequests"":4,""CursorHttpRequests"":12,""ClaudeAuthCalls"":4,""ClaudeHistoryReadCalls"":212,""Changed"":41,""SyntheticRequestMilliseconds"":480.9378,""ObservationAcceptedSnapshots"":22,""ObservationIgnoredSnapshots"":8,""ObservationLoadAttempts"":5,""ObservationSaveAttempts"":22,""ObservationSavedFiles"":22,""ObservationEpochWrites"":6,""ObservationFailures"":0,""ObservationPublishedRevisions"":25}","{""CodexStarts"":0.0,""CodexQuotaRequests"":0.0,""ClaudeLiveRequests"":0.0,""CursorUsageRequests"":0.0,""CursorHttpRequests"":0.0,""ClaudeAuthCalls"":0.0,""ClaudeHistoryReadCalls"":30.0,""Changed"":0.0,""SyntheticRequestMilliseconds"":0.0,""ObservationAcceptedSnapshots"":0.0,""ObservationIgnoredSnapshots"":0.0,""ObservationLoadAttempts"":0.0,""ObservationSaveAttempts"":0.0,""ObservationSavedFiles"":0.0,""ObservationEpochWrites"":0.0,""ObservationFailures"":0.0,""ObservationPublishedRevisions"":0.0}","{""Observations"":143,""AccountRows"":5,""RowAvatars"":5,""SelectedAvatars"":1,""WidgetAvatars"":5,""FlyoutDetailRows"":6,""TrayIcons"":5}","{""Observations"":159,""AccountRows"":5,""RowAvatars"":5,""SelectedAvatars"":1,""WidgetAvatars"":5,""FlyoutDetailRows"":6,""TrayIcons"":5}","{""ui"":0,""rest"":0}"
"3","fixed","tray-after-refresh","30","60","30000.228899999995","109.375","0.3645805515837248","473844945","38310928","11","0.4410950000034062","1.2966000000014901","0.17538000002241458","0.23300000000745058","93669376","163115008","3856656","774","784","{""Total"":774,""ByType"":{""ALPC Port"":9,""Desktop"":1,""Directory"":2,""EtwRegistration"":164,""Event"":230,""File"":154,""IRTimer"":6,""IoCompletion"":13,""Key"":63,""Mutant"":18,""SchedulerSharedData"":1,""Section"":35,""Semaphore"":16,""Thread"":26,""TpWorkerFactory"":3,""WaitCompletionPacket"":31,""WindowStation"":2}}","{""Total"":784,""ByType"":{""ALPC Port"":9,""Desktop"":1,""Directory"":2,""EtwRegistration"":164,""Event"":236,""File"":154,""IRTimer"":6,""IoCompletion"":15,""Key"":63,""Mutant"":18,""SchedulerSharedData"":1,""Section"":35,""Semaphore"":16,""Thread"":28,""TpWorkerFactory"":3,""WaitCompletionPacket"":31,""WindowStation"":2}}","{""CodexStarts"":8,""CodexQuotaRequests"":8,""ClaudeLiveRequests"":8,""CursorUsageRequests"":4,""CursorHttpRequests"":12,""ClaudeAuthCalls"":4,""ClaudeHistoryReadCalls"":212,""Changed"":41,""SyntheticRequestMilliseconds"":480.9378,""ObservationAcceptedSnapshots"":22,""ObservationIgnoredSnapshots"":8,""ObservationLoadAttempts"":5,""ObservationSaveAttempts"":22,""ObservationSavedFiles"":22,""ObservationEpochWrites"":6,""ObservationFailures"":0,""ObservationPublishedRevisions"":25}","{""CodexStarts"":10,""CodexQuotaRequests"":10,""ClaudeLiveRequests"":10,""CursorUsageRequests"":5,""CursorHttpRequests"":15,""ClaudeAuthCalls"":4,""ClaudeHistoryReadCalls"":244,""Changed"":50,""SyntheticRequestMilliseconds"":592.2808,""ObservationAcceptedSnapshots"":27,""ObservationIgnoredSnapshots"":10,""ObservationLoadAttempts"":5,""ObservationSaveAttempts"":27,""ObservationSavedFiles"":27,""ObservationEpochWrites"":6,""ObservationFailures"":0,""ObservationPublishedRevisions"":30}","{""CodexStarts"":2.0,""CodexQuotaRequests"":2.0,""ClaudeLiveRequests"":2.0,""CursorUsageRequests"":1.0,""CursorHttpRequests"":3.0,""ClaudeAuthCalls"":0.0,""ClaudeHistoryReadCalls"":32.0,""Changed"":9.0,""SyntheticRequestMilliseconds"":111.34300000000002,""ObservationAcceptedSnapshots"":5.0,""ObservationIgnoredSnapshots"":2.0,""ObservationLoadAttempts"":0.0,""ObservationSaveAttempts"":5.0,""ObservationSavedFiles"":5.0,""ObservationEpochWrites"":0.0,""ObservationFailures"":0.0,""ObservationPublishedRevisions"":5.0}","{""Observations"":160,""AccountRows"":5,""RowAvatars"":5,""SelectedAvatars"":1,""WidgetAvatars"":5,""FlyoutDetailRows"":6,""TrayIcons"":5}","{""Observations"":186,""AccountRows"":5,""RowAvatars"":5,""SelectedAvatars"":1,""WidgetAvatars"":5,""FlyoutDetailRows"":6,""TrayIcons"":6}","{""ui"":15.625,""thread-32012"":31.25,""thread-26072"":15.625,""thread-50496"":15.625,""thread-43836"":15.625,""rest"":15.625}"
"3","fixed","widget-after-churn","30","60","30000.401599999976","15.625","0.05208263612044451","312611066","42136908","1","0.7575300000069547","1.0548999999882653","0.21916500000952507","0.4655999999959022","108507136","218294272","2539608","750","745","{""Total"":750,""ByType"":{""ALPC Port"":9,""Desktop"":1,""Directory"":2,""EtwRegistration"":164,""Event"":217,""File"":154,""IRTimer"":6,""IoCompletion"":15,""Key"":58,""Mutant"":18,""SchedulerSharedData"":1,""Section"":35,""Semaphore"":16,""Thread"":18,""TpWorkerFactory"":3,""WaitCompletionPacket"":31,""WindowStation"":2}}","{""Total"":745,""ByType"":{""ALPC Port"":9,""Desktop"":1,""Directory"":2,""EtwRegistration"":164,""Event"":214,""File"":154,""IRTimer"":6,""IoCompletion"":13,""Key"":58,""Mutant"":18,""SchedulerSharedData"":1,""Section"":35,""Semaphore"":16,""Thread"":18,""TpWorkerFactory"":3,""WaitCompletionPacket"":31,""WindowStation"":2}}","{""CodexStarts"":10,""CodexQuotaRequests"":10,""ClaudeLiveRequests"":10,""CursorUsageRequests"":5,""CursorHttpRequests"":15,""ClaudeAuthCalls"":4,""ClaudeHistoryReadCalls"":250,""Changed"":60,""SyntheticRequestMilliseconds"":592.2808,""ObservationAcceptedSnapshots"":27,""ObservationIgnoredSnapshots"":10,""ObservationLoadAttempts"":5,""ObservationSaveAttempts"":27,""ObservationSavedFiles"":27,""ObservationEpochWrites"":6,""ObservationFailures"":0,""ObservationPublishedRevisions"":30}","{""CodexStarts"":10,""CodexQuotaRequests"":10,""ClaudeLiveRequests"":10,""CursorUsageRequests"":5,""CursorHttpRequests"":15,""ClaudeAuthCalls"":4,""ClaudeHistoryReadCalls"":280,""Changed"":60,""SyntheticRequestMilliseconds"":592.2808,""ObservationAcceptedSnapshots"":27,""ObservationIgnoredSnapshots"":10,""ObservationLoadAttempts"":5,""ObservationSaveAttempts"":27,""ObservationSavedFiles"":27,""ObservationEpochWrites"":6,""ObservationFailures"":0,""ObservationPublishedRevisions"":30}","{""CodexStarts"":0.0,""CodexQuotaRequests"":0.0,""ClaudeLiveRequests"":0.0,""CursorUsageRequests"":0.0,""CursorHttpRequests"":0.0,""ClaudeAuthCalls"":0.0,""ClaudeHistoryReadCalls"":30.0,""Changed"":0.0,""SyntheticRequestMilliseconds"":0.0,""ObservationAcceptedSnapshots"":0.0,""ObservationIgnoredSnapshots"":0.0,""ObservationLoadAttempts"":0.0,""ObservationSaveAttempts"":0.0,""ObservationSavedFiles"":0.0,""ObservationEpochWrites"":0.0,""ObservationFailures"":0.0,""ObservationPublishedRevisions"":0.0}","{""Observations"":205,""AccountRows"":5,""RowAvatars"":28,""SelectedAvatars"":8,""WidgetAvatars"":5,""FlyoutDetailRows"":64,""TrayIcons"":16}","{""Observations"":221,""AccountRows"":5,""RowAvatars"":30,""SelectedAvatars"":9,""WidgetAvatars"":5,""FlyoutDetailRows"":70,""TrayIcons"":16}","{""ui"":15.625,""rest"":0}"
"4","optimized","warmup","20","40","20001.0176","562.5","2.8123569072805576","2899778664","34378458","0","0.7932100000012723","1.014699999999948","0.36194500000063917","0.5258000000000038","21360640","27787264","1110704","495","491","{""Total"":495,""ByType"":{""ALPC Port"":9,""Desktop"":1,""Directory"":2,""EtwRegistration"":110,""Event"":132,""File"":139,""IRTimer"":4,""IoCompletion"":12,""Key"":19,""Mutant"":2,""SchedulerSharedData"":1,""Section"":19,""Semaphore"":16,""Thread"":17,""Timer"":1,""TpWorkerFactory"":2,""WaitCompletionPacket"":7,""WindowStation"":2}}","{""Total"":491,""ByType"":{""ALPC Port"":9,""Desktop"":1,""Directory"":2,""EtwRegistration"":110,""Event"":130,""File"":139,""IRTimer"":4,""IoCompletion"":10,""Key"":19,""Mutant"":2,""SchedulerSharedData"":1,""Section"":19,""Semaphore"":16,""Thread"":17,""Timer"":1,""TpWorkerFactory"":2,""WaitCompletionPacket"":7,""WindowStation"":2}}","{""CodexStarts"":2,""CodexQuotaRequests"":2,""ClaudeLiveRequests"":2,""CursorUsageRequests"":1,""CursorHttpRequests"":3,""ClaudeAuthCalls"":2,""ClaudeHistoryReadCalls"":4,""Changed"":12,""SyntheticRequestMilliseconds"":129.8407,""ObservationAcceptedSnapshots"":5,""ObservationIgnoredSnapshots"":2,""ObservationLoadAttempts"":5,""ObservationSaveAttempts"":5,""ObservationSavedFiles"":5,""ObservationEpochWrites"":6,""ObservationFailures"":0,""ObservationPublishedRevisions"":8}","{""CodexStarts"":2,""CodexQuotaRequests"":2,""ClaudeLiveRequests"":2,""CursorUsageRequests"":1,""CursorHttpRequests"":3,""ClaudeAuthCalls"":2,""ClaudeHistoryReadCalls"":24,""Changed"":12,""SyntheticRequestMilliseconds"":129.8407,""ObservationAcceptedSnapshots"":5,""ObservationIgnoredSnapshots"":2,""ObservationLoadAttempts"":5,""ObservationSaveAttempts"":5,""ObservationSavedFiles"":5,""ObservationEpochWrites"":6,""ObservationFailures"":0,""ObservationPublishedRevisions"":8}","{""CodexStarts"":0.0,""CodexQuotaRequests"":0.0,""ClaudeLiveRequests"":0.0,""CursorUsageRequests"":0.0,""CursorHttpRequests"":0.0,""ClaudeAuthCalls"":0.0,""ClaudeHistoryReadCalls"":20.0,""Changed"":0.0,""SyntheticRequestMilliseconds"":0.0,""ObservationAcceptedSnapshots"":0.0,""ObservationIgnoredSnapshots"":0.0,""ObservationLoadAttempts"":0.0,""ObservationSaveAttempts"":0.0,""ObservationSavedFiles"":0.0,""ObservationEpochWrites"":0.0,""ObservationFailures"":0.0,""ObservationPublishedRevisions"":0.0}","{""Observations"":16,""AccountRows"":0,""RowAvatars"":0,""SelectedAvatars"":0,""WidgetAvatars"":0,""FlyoutDetailRows"":0,""TrayIcons"":2}","{""Observations"":26,""AccountRows"":0,""RowAvatars"":0,""SelectedAvatars"":0,""WidgetAvatars"":0,""FlyoutDetailRows"":0,""TrayIcons"":2}","{""ui"":31.25,""thread-33804"":515.625,""thread-17236"":15.625,""rest"":0}"
"4","optimized","tray-idle","30","60","30000.057699999998","78.125","0.26041616579957444","912752708","25458997","0","0.70078000000085","0.8807999999989988","0.1796549999988201","0.36929999999847496","23064576","29339648","1620720","491","492","{""Total"":491,""ByType"":{""ALPC Port"":9,""Desktop"":1,""Directory"":2,""EtwRegistration"":110,""Event"":130,""File"":139,""IRTimer"":4,""IoCompletion"":10,""Key"":19,""Mutant"":2,""SchedulerSharedData"":1,""Section"":19,""Semaphore"":16,""Thread"":17,""Timer"":1,""TpWorkerFactory"":2,""WaitCompletionPacket"":7,""WindowStation"":2}}","{""Total"":492,""ByType"":{""ALPC Port"":8,""Desktop"":1,""Directory"":2,""EtwRegistration"":110,""Event"":131,""File"":139,""IRTimer"":4,""IoCompletion"":10,""Key"":19,""Mutant"":2,""SchedulerSharedData"":1,""Section"":19,""Semaphore"":16,""Thread"":18,""Timer"":1,""TpWorkerFactory"":2,""WaitCompletionPacket"":7,""WindowStation"":2}}","{""CodexStarts"":2,""CodexQuotaRequests"":2,""ClaudeLiveRequests"":2,""CursorUsageRequests"":1,""CursorHttpRequests"":3,""ClaudeAuthCalls"":2,""ClaudeHistoryReadCalls"":24,""Changed"":12,""SyntheticRequestMilliseconds"":129.8407,""ObservationAcceptedSnapshots"":5,""ObservationIgnoredSnapshots"":2,""ObservationLoadAttempts"":5,""ObservationSaveAttempts"":5,""ObservationSavedFiles"":5,""ObservationEpochWrites"":6,""ObservationFailures"":0,""ObservationPublishedRevisions"":8}","{""CodexStarts"":2,""CodexQuotaRequests"":2,""ClaudeLiveRequests"":2,""CursorUsageRequests"":1,""CursorHttpRequests"":3,""ClaudeAuthCalls"":2,""ClaudeHistoryReadCalls"":54,""Changed"":12,""SyntheticRequestMilliseconds"":129.8407,""ObservationAcceptedSnapshots"":5,""ObservationIgnoredSnapshots"":2,""ObservationLoadAttempts"":5,""ObservationSaveAttempts"":5,""ObservationSavedFiles"":5,""ObservationEpochWrites"":6,""ObservationFailures"":0,""ObservationPublishedRevisions"":8}","{""CodexStarts"":0.0,""CodexQuotaRequests"":0.0,""ClaudeLiveRequests"":0.0,""CursorUsageRequests"":0.0,""CursorHttpRequests"":0.0,""ClaudeAuthCalls"":0.0,""ClaudeHistoryReadCalls"":30.0,""Changed"":0.0,""SyntheticRequestMilliseconds"":0.0,""ObservationAcceptedSnapshots"":0.0,""ObservationIgnoredSnapshots"":0.0,""ObservationLoadAttempts"":0.0,""ObservationSaveAttempts"":0.0,""ObservationSavedFiles"":0.0,""ObservationEpochWrites"":0.0,""ObservationFailures"":0.0,""ObservationPublishedRevisions"":0.0}","{""Observations"":26,""AccountRows"":0,""RowAvatars"":0,""SelectedAvatars"":0,""WidgetAvatars"":0,""FlyoutDetailRows"":0,""TrayIcons"":2}","{""Observations"":41,""AccountRows"":0,""RowAvatars"":0,""SelectedAvatars"":0,""WidgetAvatars"":0,""FlyoutDetailRows"":0,""TrayIcons"":2}","{""ui"":0,""thread-33804"":78.125,""rest"":0}"
"4","optimized","widget-before-flyout","30","60","30000.559599999997","1468.75","4.895742011425681","7149850053","178291761","12","0.617344999990746","0.8713999999963562","0.16072999998941664","0.4801000000006752","70254592","109080576","4972976","743","751","{""Total"":743,""ByType"":{""ALPC Port"":11,""Desktop"":1,""Directory"":2,""EtwRegistration"":155,""Event"":219,""File"":152,""IRTimer"":6,""IoCompletion"":13,""Key"":58,""Mutant"":18,""SchedulerSharedData"":1,""Section"":33,""Semaphore"":16,""Thread"":21,""Timer"":1,""TpWorkerFactory"":3,""WaitCompletionPacket"":31,""WindowStation"":2}}","{""Total"":751,""ByType"":{""ALPC Port"":12,""Desktop"":1,""Directory"":2,""EtwRegistration"":158,""Event"":222,""File"":152,""IRTimer"":6,""IoCompletion"":13,""Key"":58,""Mutant"":18,""SchedulerSharedData"":1,""Section"":33,""Semaphore"":16,""Thread"":22,""Timer"":1,""TpWorkerFactory"":3,""WaitCompletionPacket"":31,""WindowStation"":2}}","{""CodexStarts"":2,""CodexQuotaRequests"":2,""ClaudeLiveRequests"":2,""CursorUsageRequests"":1,""CursorHttpRequests"":3,""ClaudeAuthCalls"":2,""ClaudeHistoryReadCalls"":54,""Changed"":12,""SyntheticRequestMilliseconds"":129.8407,""ObservationAcceptedSnapshots"":5,""ObservationIgnoredSnapshots"":2,""ObservationLoadAttempts"":5,""ObservationSaveAttempts"":5,""ObservationSavedFiles"":5,""ObservationEpochWrites"":6,""ObservationFailures"":0,""ObservationPublishedRevisions"":8}","{""CodexStarts"":4,""CodexQuotaRequests"":4,""ClaudeLiveRequests"":4,""CursorUsageRequests"":2,""CursorHttpRequests"":6,""ClaudeAuthCalls"":2,""ClaudeHistoryReadCalls"":86,""Changed"":21,""SyntheticRequestMilliseconds"":241.0158,""ObservationAcceptedSnapshots"":10,""ObservationIgnoredSnapshots"":4,""ObservationLoadAttempts"":5,""ObservationSaveAttempts"":10,""ObservationSavedFiles"":10,""ObservationEpochWrites"":6,""ObservationFailures"":0,""ObservationPublishedRevisions"":13}","{""CodexStarts"":2.0,""CodexQuotaRequests"":2.0,""ClaudeLiveRequests"":2.0,""CursorUsageRequests"":1.0,""CursorHttpRequests"":3.0,""ClaudeAuthCalls"":0.0,""ClaudeHistoryReadCalls"":32.0,""Changed"":9.0,""SyntheticRequestMilliseconds"":111.17510000000001,""ObservationAcceptedSnapshots"":5.0,""ObservationIgnoredSnapshots"":2.0,""ObservationLoadAttempts"":0.0,""ObservationSaveAttempts"":5.0,""ObservationSavedFiles"":5.0,""ObservationEpochWrites"":0.0,""ObservationFailures"":0.0,""ObservationPublishedRevisions"":5.0}","{""Observations"":42,""AccountRows"":0,""RowAvatars"":0,""SelectedAvatars"":0,""WidgetAvatars"":5,""FlyoutDetailRows"":0,""TrayIcons"":2}","{""Observations"":69,""AccountRows"":0,""RowAvatars"":0,""SelectedAvatars"":0,""WidgetAvatars"":5,""FlyoutDetailRows"":0,""TrayIcons"":3}","{""ui"":31.25,""thread-26336"":31.25,""thread-49840"":15.625,""thread-39624"":15.625,""rest"":0}"
"4","optimized","flyout-visible","30","60","29999.110299999997","1265.625","4.218875117773076","6001357684","44524170","0","0.7947049999915178","0.892199999987497","0.12532999999530148","0.17349999998987187","82231296","148869120","2234304","768","767","{""Total"":768,""ByType"":{""ALPC Port"":13,""Desktop"":1,""Directory"":2,""EtwRegistration"":164,""Event"":223,""File"":154,""IRTimer"":6,""IoCompletion"":13,""Key"":63,""Mutant"":18,""SchedulerSharedData"":1,""Section"":35,""Semaphore"":16,""Thread"":22,""Timer"":1,""TpWorkerFactory"":3,""WaitCompletionPacket"":31,""WindowStation"":2}}","{""Total"":767,""ByType"":{""ALPC Port"":9,""Desktop"":1,""Directory"":2,""EtwRegistration"":164,""Event"":225,""File"":154,""IRTimer"":6,""IoCompletion"":13,""Key"":63,""Mutant"":18,""SchedulerSharedData"":1,""Section"":35,""Semaphore"":16,""Thread"":23,""Timer"":1,""TpWorkerFactory"":3,""WaitCompletionPacket"":31,""WindowStation"":2}}","{""CodexStarts"":4,""CodexQuotaRequests"":4,""ClaudeLiveRequests"":4,""CursorUsageRequests"":2,""CursorHttpRequests"":6,""ClaudeAuthCalls"":2,""ClaudeHistoryReadCalls"":86,""Changed"":21,""SyntheticRequestMilliseconds"":241.0158,""ObservationAcceptedSnapshots"":10,""ObservationIgnoredSnapshots"":4,""ObservationLoadAttempts"":5,""ObservationSaveAttempts"":10,""ObservationSavedFiles"":10,""ObservationEpochWrites"":6,""ObservationFailures"":0,""ObservationPublishedRevisions"":13}","{""CodexStarts"":4,""CodexQuotaRequests"":4,""ClaudeLiveRequests"":4,""CursorUsageRequests"":2,""CursorHttpRequests"":6,""ClaudeAuthCalls"":2,""ClaudeHistoryReadCalls"":116,""Changed"":21,""SyntheticRequestMilliseconds"":241.0158,""ObservationAcceptedSnapshots"":10,""ObservationIgnoredSnapshots"":4,""ObservationLoadAttempts"":5,""ObservationSaveAttempts"":10,""ObservationSavedFiles"":10,""ObservationEpochWrites"":6,""ObservationFailures"":0,""ObservationPublishedRevisions"":13}","{""CodexStarts"":0.0,""CodexQuotaRequests"":0.0,""ClaudeLiveRequests"":0.0,""CursorUsageRequests"":0.0,""CursorHttpRequests"":0.0,""ClaudeAuthCalls"":0.0,""ClaudeHistoryReadCalls"":30.0,""Changed"":0.0,""SyntheticRequestMilliseconds"":0.0,""ObservationAcceptedSnapshots"":0.0,""ObservationIgnoredSnapshots"":0.0,""ObservationLoadAttempts"":0.0,""ObservationSaveAttempts"":0.0,""ObservationSavedFiles"":0.0,""ObservationEpochWrites"":0.0,""ObservationFailures"":0.0,""ObservationPublishedRevisions"":0.0}","{""Observations"":71,""AccountRows"":5,""RowAvatars"":5,""SelectedAvatars"":1,""WidgetAvatars"":5,""FlyoutDetailRows"":6,""TrayIcons"":3}","{""Observations"":86,""AccountRows"":5,""RowAvatars"":5,""SelectedAvatars"":1,""WidgetAvatars"":5,""FlyoutDetailRows"":6,""TrayIcons"":3}","{""ui"":0,""thread-29108"":1234.375,""thread-17236"":31.25,""rest"":0}"
"4","optimized","tray-after-flyout","30","60","29999.39309999999","296.875","0.989603353009165","1491753504","48766696","12","0.5737399999896294","0.824399999997695","0.20012500000302674","1.0126999999920372","84858880","150116352","3748952","767","766","{""Total"":767,""ByType"":{""ALPC Port"":9,""Desktop"":1,""Directory"":2,""EtwRegistration"":164,""Event"":225,""File"":154,""IRTimer"":6,""IoCompletion"":13,""Key"":63,""Mutant"":18,""SchedulerSharedData"":1,""Section"":35,""Semaphore"":16,""Thread"":23,""Timer"":1,""TpWorkerFactory"":3,""WaitCompletionPacket"":31,""WindowStation"":2}}","{""Total"":766,""ByType"":{""ALPC Port"":9,""Desktop"":1,""Directory"":2,""EtwRegistration"":164,""Event"":225,""File"":154,""IRTimer"":6,""IoCompletion"":13,""Key"":63,""Mutant"":18,""SchedulerSharedData"":1,""Section"":35,""Semaphore"":16,""Thread"":23,""TpWorkerFactory"":3,""WaitCompletionPacket"":31,""WindowStation"":2}}","{""CodexStarts"":4,""CodexQuotaRequests"":4,""ClaudeLiveRequests"":4,""CursorUsageRequests"":2,""CursorHttpRequests"":6,""ClaudeAuthCalls"":2,""ClaudeHistoryReadCalls"":116,""Changed"":21,""SyntheticRequestMilliseconds"":241.0158,""ObservationAcceptedSnapshots"":10,""ObservationIgnoredSnapshots"":4,""ObservationLoadAttempts"":5,""ObservationSaveAttempts"":10,""ObservationSavedFiles"":10,""ObservationEpochWrites"":6,""ObservationFailures"":0,""ObservationPublishedRevisions"":13}","{""CodexStarts"":6,""CodexQuotaRequests"":6,""ClaudeLiveRequests"":6,""CursorUsageRequests"":3,""CursorHttpRequests"":9,""ClaudeAuthCalls"":2,""ClaudeHistoryReadCalls"":148,""Changed"":30,""SyntheticRequestMilliseconds"":351.245,""ObservationAcceptedSnapshots"":15,""ObservationIgnoredSnapshots"":6,""ObservationLoadAttempts"":5,""ObservationSaveAttempts"":15,""ObservationSavedFiles"":15,""ObservationEpochWrites"":6,""ObservationFailures"":0,""ObservationPublishedRevisions"":18}","{""CodexStarts"":2.0,""CodexQuotaRequests"":2.0,""ClaudeLiveRequests"":2.0,""CursorUsageRequests"":1.0,""CursorHttpRequests"":3.0,""ClaudeAuthCalls"":0.0,""ClaudeHistoryReadCalls"":32.0,""Changed"":9.0,""SyntheticRequestMilliseconds"":110.22919999999999,""ObservationAcceptedSnapshots"":5.0,""ObservationIgnoredSnapshots"":2.0,""ObservationLoadAttempts"":0.0,""ObservationSaveAttempts"":5.0,""ObservationSavedFiles"":5.0,""ObservationEpochWrites"":0.0,""ObservationFailures"":0.0,""ObservationPublishedRevisions"":5.0}","{""Observations"":86,""AccountRows"":5,""RowAvatars"":5,""SelectedAvatars"":1,""WidgetAvatars"":5,""FlyoutDetailRows"":6,""TrayIcons"":3}","{""Observations"":113,""AccountRows"":5,""RowAvatars"":5,""SelectedAvatars"":1,""WidgetAvatars"":5,""FlyoutDetailRows"":6,""TrayIcons"":4}","{""ui"":0,""thread-51940"":31.25,""thread-17236"":15.625,""thread-6576"":15.625,""rest"":0}"
"4","optimized","widget-visible","30","60","29999.963399999986","125","0.41666717500062034","734480636","33912644","0","0.4921149999863699","0.7669999999925494","0.16648999998142233","0.3024999999906868","86700032","154445824","2251712","769","774","{""Total"":769,""ByType"":{""ALPC Port"":9,""Desktop"":1,""Directory"":2,""EtwRegistration"":164,""Event"":227,""File"":154,""IRTimer"":6,""IoCompletion"":13,""Key"":63,""Mutant"":18,""SchedulerSharedData"":1,""Section"":35,""Semaphore"":16,""Thread"":24,""TpWorkerFactory"":3,""WaitCompletionPacket"":31,""WindowStation"":2}}","{""Total"":774,""ByType"":{""ALPC Port"":9,""Desktop"":1,""Directory"":2,""EtwRegistration"":164,""Event"":230,""File"":154,""IRTimer"":6,""IoCompletion"":14,""Key"":63,""Mutant"":18,""SchedulerSharedData"":1,""Section"":35,""Semaphore"":16,""Thread"":25,""TpWorkerFactory"":3,""WaitCompletionPacket"":31,""WindowStation"":2}}","{""CodexStarts"":6,""CodexQuotaRequests"":6,""ClaudeLiveRequests"":6,""CursorUsageRequests"":3,""CursorHttpRequests"":9,""ClaudeAuthCalls"":2,""ClaudeHistoryReadCalls"":148,""Changed"":30,""SyntheticRequestMilliseconds"":351.245,""ObservationAcceptedSnapshots"":15,""ObservationIgnoredSnapshots"":6,""ObservationLoadAttempts"":5,""ObservationSaveAttempts"":15,""ObservationSavedFiles"":15,""ObservationEpochWrites"":6,""ObservationFailures"":0,""ObservationPublishedRevisions"":18}","{""CodexStarts"":6,""CodexQuotaRequests"":6,""ClaudeLiveRequests"":6,""CursorUsageRequests"":3,""CursorHttpRequests"":9,""ClaudeAuthCalls"":2,""ClaudeHistoryReadCalls"":178,""Changed"":30,""SyntheticRequestMilliseconds"":351.245,""ObservationAcceptedSnapshots"":15,""ObservationIgnoredSnapshots"":6,""ObservationLoadAttempts"":5,""ObservationSaveAttempts"":15,""ObservationSavedFiles"":15,""ObservationEpochWrites"":6,""ObservationFailures"":0,""ObservationPublishedRevisions"":18}","{""CodexStarts"":0.0,""CodexQuotaRequests"":0.0,""ClaudeLiveRequests"":0.0,""CursorUsageRequests"":0.0,""CursorHttpRequests"":0.0,""ClaudeAuthCalls"":0.0,""ClaudeHistoryReadCalls"":30.0,""Changed"":0.0,""SyntheticRequestMilliseconds"":0.0,""ObservationAcceptedSnapshots"":0.0,""ObservationIgnoredSnapshots"":0.0,""ObservationLoadAttempts"":0.0,""ObservationSaveAttempts"":0.0,""ObservationSavedFiles"":0.0,""ObservationEpochWrites"":0.0,""ObservationFailures"":0.0,""ObservationPublishedRevisions"":0.0}","{""Observations"":114,""AccountRows"":5,""RowAvatars"":5,""SelectedAvatars"":1,""WidgetAvatars"":5,""FlyoutDetailRows"":6,""TrayIcons"":4}","{""Observations"":129,""AccountRows"":5,""RowAvatars"":5,""SelectedAvatars"":1,""WidgetAvatars"":5,""FlyoutDetailRows"":6,""TrayIcons"":4}","{""ui"":0,""thread-17236"":15.625,""rest"":0}"
"4","optimized","post-refresh-widget","30","60","29999.571899999977","562.5","1.8750267566318186","2850241738","52022731","1","0.7280299999954876","0.8315000000002328","0.16683500000654022","0.3005999999877531","90667008","161865728","2750824","779","772","{""Total"":780,""ByType"":{""ALPC Port"":9,""Desktop"":1,""Directory"":2,""EtwRegistration"":164,""Event"":233,""File"":155,""IRTimer"":6,""IoCompletion"":15,""Key"":63,""Mutant"":18,""SchedulerSharedData"":1,""Section"":35,""Semaphore"":16,""Thread"":26,""TpWorkerFactory"":3,""WaitCompletionPacket"":31,""WindowStation"":2}}","{""Total"":772,""ByType"":{""ALPC Port"":9,""Desktop"":1,""Directory"":2,""EtwRegistration"":164,""Event"":229,""File"":154,""IRTimer"":6,""IoCompletion"":13,""Key"":63,""Mutant"":18,""SchedulerSharedData"":1,""Section"":35,""Semaphore"":16,""Thread"":25,""TpWorkerFactory"":3,""WaitCompletionPacket"":31,""WindowStation"":2}}","{""CodexStarts"":8,""CodexQuotaRequests"":8,""ClaudeLiveRequests"":8,""CursorUsageRequests"":4,""CursorHttpRequests"":12,""ClaudeAuthCalls"":4,""ClaudeHistoryReadCalls"":182,""Changed"":41,""SyntheticRequestMilliseconds"":483.7328,""ObservationAcceptedSnapshots"":22,""ObservationIgnoredSnapshots"":8,""ObservationLoadAttempts"":5,""ObservationSaveAttempts"":22,""ObservationSavedFiles"":22,""ObservationEpochWrites"":6,""ObservationFailures"":0,""ObservationPublishedRevisions"":25}","{""CodexStarts"":8,""CodexQuotaRequests"":8,""ClaudeLiveRequests"":8,""CursorUsageRequests"":4,""CursorHttpRequests"":12,""ClaudeAuthCalls"":4,""ClaudeHistoryReadCalls"":212,""Changed"":41,""SyntheticRequestMilliseconds"":483.7328,""ObservationAcceptedSnapshots"":22,""ObservationIgnoredSnapshots"":8,""ObservationLoadAttempts"":5,""ObservationSaveAttempts"":22,""ObservationSavedFiles"":22,""ObservationEpochWrites"":6,""ObservationFailures"":0,""ObservationPublishedRevisions"":25}","{""CodexStarts"":0.0,""CodexQuotaRequests"":0.0,""ClaudeLiveRequests"":0.0,""CursorUsageRequests"":0.0,""CursorHttpRequests"":0.0,""ClaudeAuthCalls"":0.0,""ClaudeHistoryReadCalls"":30.0,""Changed"":0.0,""SyntheticRequestMilliseconds"":0.0,""ObservationAcceptedSnapshots"":0.0,""ObservationIgnoredSnapshots"":0.0,""ObservationLoadAttempts"":0.0,""ObservationSaveAttempts"":0.0,""ObservationSavedFiles"":0.0,""ObservationEpochWrites"":0.0,""ObservationFailures"":0.0,""ObservationPublishedRevisions"":0.0}","{""Observations"":143,""AccountRows"":5,""RowAvatars"":5,""SelectedAvatars"":1,""WidgetAvatars"":5,""FlyoutDetailRows"":6,""TrayIcons"":5}","{""Observations"":159,""AccountRows"":5,""RowAvatars"":5,""SelectedAvatars"":1,""WidgetAvatars"":5,""FlyoutDetailRows"":6,""TrayIcons"":5}","{""ui"":0,""rest"":0}"
"4","optimized","tray-after-refresh","30","60","30000.622300000003","31.25","0.10416450594759828","450142718","40831881","11","0.6862199999959557","0.8213999999861699","0.15267000000458197","0.27999999999883585","92094464","163774464","3850832","775","785","{""Total"":775,""ByType"":{""ALPC Port"":9,""Desktop"":1,""Directory"":2,""EtwRegistration"":164,""Event"":231,""File"":154,""IRTimer"":6,""IoCompletion"":13,""Key"":63,""Mutant"":18,""SchedulerSharedData"":1,""Section"":35,""Semaphore"":16,""Thread"":26,""TpWorkerFactory"":3,""WaitCompletionPacket"":31,""WindowStation"":2}}","{""Total"":785,""ByType"":{""ALPC Port"":9,""Desktop"":1,""Directory"":2,""EtwRegistration"":164,""Event"":237,""File"":154,""IRTimer"":6,""IoCompletion"":15,""Key"":63,""Mutant"":18,""SchedulerSharedData"":1,""Section"":35,""Semaphore"":16,""Thread"":28,""TpWorkerFactory"":3,""WaitCompletionPacket"":31,""WindowStation"":2}}","{""CodexStarts"":8,""CodexQuotaRequests"":8,""ClaudeLiveRequests"":8,""CursorUsageRequests"":4,""CursorHttpRequests"":12,""ClaudeAuthCalls"":4,""ClaudeHistoryReadCalls"":212,""Changed"":41,""SyntheticRequestMilliseconds"":483.7328,""ObservationAcceptedSnapshots"":22,""ObservationIgnoredSnapshots"":8,""ObservationLoadAttempts"":5,""ObservationSaveAttempts"":22,""ObservationSavedFiles"":22,""ObservationEpochWrites"":6,""ObservationFailures"":0,""ObservationPublishedRevisions"":25}","{""CodexStarts"":10,""CodexQuotaRequests"":10,""ClaudeLiveRequests"":10,""CursorUsageRequests"":5,""CursorHttpRequests"":15,""ClaudeAuthCalls"":4,""ClaudeHistoryReadCalls"":244,""Changed"":50,""SyntheticRequestMilliseconds"":593.8929,""ObservationAcceptedSnapshots"":27,""ObservationIgnoredSnapshots"":10,""ObservationLoadAttempts"":5,""ObservationSaveAttempts"":27,""ObservationSavedFiles"":27,""ObservationEpochWrites"":6,""ObservationFailures"":0,""ObservationPublishedRevisions"":30}","{""CodexStarts"":2.0,""CodexQuotaRequests"":2.0,""ClaudeLiveRequests"":2.0,""CursorUsageRequests"":1.0,""CursorHttpRequests"":3.0,""ClaudeAuthCalls"":0.0,""ClaudeHistoryReadCalls"":32.0,""Changed"":9.0,""SyntheticRequestMilliseconds"":110.16010000000006,""ObservationAcceptedSnapshots"":5.0,""ObservationIgnoredSnapshots"":2.0,""ObservationLoadAttempts"":0.0,""ObservationSaveAttempts"":5.0,""ObservationSavedFiles"":5.0,""ObservationEpochWrites"":0.0,""ObservationFailures"":0.0,""ObservationPublishedRevisions"":5.0}","{""Observations"":160,""AccountRows"":5,""RowAvatars"":5,""SelectedAvatars"":1,""WidgetAvatars"":5,""FlyoutDetailRows"":6,""TrayIcons"":5}","{""Observations"":186,""AccountRows"":5,""RowAvatars"":5,""SelectedAvatars"":1,""WidgetAvatars"":5,""FlyoutDetailRows"":6,""TrayIcons"":6}","{""ui"":15.625,""thread-51940"":15.625,""rest"":0}"
"4","optimized","widget-after-churn","30","60","29999.671699999966","31.25","0.10416780660969711","293650960","43442876","1","0.6008049999814827","0.7636000000056811","0.16285000001371372","0.3568000000086613","109834240","216469504","2544584","750","743","{""Total"":750,""ByType"":{""ALPC Port"":9,""Desktop"":1,""Directory"":2,""EtwRegistration"":164,""Event"":217,""File"":154,""IRTimer"":6,""IoCompletion"":15,""Key"":58,""Mutant"":18,""SchedulerSharedData"":1,""Section"":35,""Semaphore"":16,""Thread"":18,""TpWorkerFactory"":3,""WaitCompletionPacket"":31,""WindowStation"":2}}","{""Total"":743,""ByType"":{""ALPC Port"":9,""Desktop"":1,""Directory"":2,""EtwRegistration"":164,""Event"":213,""File"":154,""IRTimer"":6,""IoCompletion"":13,""Key"":58,""Mutant"":18,""SchedulerSharedData"":1,""Section"":35,""Semaphore"":16,""Thread"":17,""TpWorkerFactory"":3,""WaitCompletionPacket"":31,""WindowStation"":2}}","{""CodexStarts"":10,""CodexQuotaRequests"":10,""ClaudeLiveRequests"":10,""CursorUsageRequests"":5,""CursorHttpRequests"":15,""ClaudeAuthCalls"":4,""ClaudeHistoryReadCalls"":250,""Changed"":60,""SyntheticRequestMilliseconds"":593.8929,""ObservationAcceptedSnapshots"":27,""ObservationIgnoredSnapshots"":10,""ObservationLoadAttempts"":5,""ObservationSaveAttempts"":27,""ObservationSavedFiles"":27,""ObservationEpochWrites"":6,""ObservationFailures"":0,""ObservationPublishedRevisions"":30}","{""CodexStarts"":10,""CodexQuotaRequests"":10,""ClaudeLiveRequests"":10,""CursorUsageRequests"":5,""CursorHttpRequests"":15,""ClaudeAuthCalls"":4,""ClaudeHistoryReadCalls"":280,""Changed"":60,""SyntheticRequestMilliseconds"":593.8929,""ObservationAcceptedSnapshots"":27,""ObservationIgnoredSnapshots"":10,""ObservationLoadAttempts"":5,""ObservationSaveAttempts"":27,""ObservationSavedFiles"":27,""ObservationEpochWrites"":6,""ObservationFailures"":0,""ObservationPublishedRevisions"":30}","{""CodexStarts"":0.0,""CodexQuotaRequests"":0.0,""ClaudeLiveRequests"":0.0,""CursorUsageRequests"":0.0,""CursorHttpRequests"":0.0,""ClaudeAuthCalls"":0.0,""ClaudeHistoryReadCalls"":30.0,""Changed"":0.0,""SyntheticRequestMilliseconds"":0.0,""ObservationAcceptedSnapshots"":0.0,""ObservationIgnoredSnapshots"":0.0,""ObservationLoadAttempts"":0.0,""ObservationSaveAttempts"":0.0,""ObservationSavedFiles"":0.0,""ObservationEpochWrites"":0.0,""ObservationFailures"":0.0,""ObservationPublishedRevisions"":0.0}","{""Observations"":205,""AccountRows"":5,""RowAvatars"":28,""SelectedAvatars"":8,""WidgetAvatars"":5,""FlyoutDetailRows"":64,""TrayIcons"":16}","{""Observations"":221,""AccountRows"":5,""RowAvatars"":28,""SelectedAvatars"":8,""WidgetAvatars"":5,""FlyoutDetailRows"":64,""TrayIcons"":16}","{""ui"":15.625,""thread-17236"":15.625,""rest"":0}"
"5","optimized","warmup","20","40","20001.6589","765.625","3.8278075025067047","2779225627","34393941","0","0.3446850000002996","0.38030000000071595","0.11380499999988841","0.5293000000000347","21168128","27598848","1129608","490","488","{""Total"":490,""ByType"":{""ALPC Port"":9,""Desktop"":1,""Directory"":2,""EtwRegistration"":110,""Event"":128,""File"":139,""IRTimer"":4,""IoCompletion"":11,""Key"":19,""Mutant"":2,""SchedulerSharedData"":1,""Section"":19,""Semaphore"":16,""Thread"":17,""Timer"":1,""TpWorkerFactory"":2,""WaitCompletionPacket"":7,""WindowStation"":2}}","{""Total"":488,""ByType"":{""ALPC Port"":9,""Desktop"":1,""Directory"":2,""EtwRegistration"":110,""Event"":127,""File"":139,""IRTimer"":4,""IoCompletion"":10,""Key"":19,""Mutant"":2,""SchedulerSharedData"":1,""Section"":19,""Semaphore"":16,""Thread"":17,""Timer"":1,""TpWorkerFactory"":2,""WaitCompletionPacket"":7,""WindowStation"":2}}","{""CodexStarts"":2,""CodexQuotaRequests"":2,""ClaudeLiveRequests"":2,""CursorUsageRequests"":1,""CursorHttpRequests"":3,""ClaudeAuthCalls"":2,""ClaudeHistoryReadCalls"":4,""Changed"":12,""SyntheticRequestMilliseconds"":131.4671,""ObservationAcceptedSnapshots"":5,""ObservationIgnoredSnapshots"":2,""ObservationLoadAttempts"":5,""ObservationSaveAttempts"":5,""ObservationSavedFiles"":5,""ObservationEpochWrites"":6,""ObservationFailures"":0,""ObservationPublishedRevisions"":8}","{""CodexStarts"":2,""CodexQuotaRequests"":2,""ClaudeLiveRequests"":2,""CursorUsageRequests"":1,""CursorHttpRequests"":3,""ClaudeAuthCalls"":2,""ClaudeHistoryReadCalls"":24,""Changed"":12,""SyntheticRequestMilliseconds"":131.4671,""ObservationAcceptedSnapshots"":5,""ObservationIgnoredSnapshots"":2,""ObservationLoadAttempts"":5,""ObservationSaveAttempts"":5,""ObservationSavedFiles"":5,""ObservationEpochWrites"":6,""ObservationFailures"":0,""ObservationPublishedRevisions"":8}","{""CodexStarts"":0.0,""CodexQuotaRequests"":0.0,""ClaudeLiveRequests"":0.0,""CursorUsageRequests"":0.0,""CursorHttpRequests"":0.0,""ClaudeAuthCalls"":0.0,""ClaudeHistoryReadCalls"":20.0,""Changed"":0.0,""SyntheticRequestMilliseconds"":0.0,""ObservationAcceptedSnapshots"":0.0,""ObservationIgnoredSnapshots"":0.0,""ObservationLoadAttempts"":0.0,""ObservationSaveAttempts"":0.0,""ObservationSavedFiles"":0.0,""ObservationEpochWrites"":0.0,""ObservationFailures"":0.0,""ObservationPublishedRevisions"":0.0}","{""Observations"":16,""AccountRows"":0,""RowAvatars"":0,""SelectedAvatars"":0,""WidgetAvatars"":0,""FlyoutDetailRows"":0,""TrayIcons"":2}","{""Observations"":26,""AccountRows"":0,""RowAvatars"":0,""SelectedAvatars"":0,""WidgetAvatars"":0,""FlyoutDetailRows"":0,""TrayIcons"":2}","{""ui"":0,""thread-43772"":765.625,""rest"":0}"
"5","optimized","tray-idle","30","60","29999.678200000002","281.25","0.9375100563578711","835705873","23495339","0","0.57946500000271","0.9832999999998719","0.06480000000010477","0.11799999999493593","23080960","29331456","1634328","488","489","{""Total"":488,""ByType"":{""ALPC Port"":9,""Desktop"":1,""Directory"":2,""EtwRegistration"":110,""Event"":127,""File"":139,""IRTimer"":4,""IoCompletion"":10,""Key"":19,""Mutant"":2,""SchedulerSharedData"":1,""Section"":19,""Semaphore"":16,""Thread"":17,""Timer"":1,""TpWorkerFactory"":2,""WaitCompletionPacket"":7,""WindowStation"":2}}","{""Total"":489,""ByType"":{""ALPC Port"":8,""Desktop"":1,""Directory"":2,""EtwRegistration"":110,""Event"":128,""File"":139,""IRTimer"":4,""IoCompletion"":10,""Key"":19,""Mutant"":2,""SchedulerSharedData"":1,""Section"":19,""Semaphore"":16,""Thread"":18,""Timer"":1,""TpWorkerFactory"":2,""WaitCompletionPacket"":7,""WindowStation"":2}}","{""CodexStarts"":2,""CodexQuotaRequests"":2,""ClaudeLiveRequests"":2,""CursorUsageRequests"":1,""CursorHttpRequests"":3,""ClaudeAuthCalls"":2,""ClaudeHistoryReadCalls"":24,""Changed"":12,""SyntheticRequestMilliseconds"":131.4671,""ObservationAcceptedSnapshots"":5,""ObservationIgnoredSnapshots"":2,""ObservationLoadAttempts"":5,""ObservationSaveAttempts"":5,""ObservationSavedFiles"":5,""ObservationEpochWrites"":6,""ObservationFailures"":0,""ObservationPublishedRevisions"":8}","{""CodexStarts"":2,""CodexQuotaRequests"":2,""ClaudeLiveRequests"":2,""CursorUsageRequests"":1,""CursorHttpRequests"":3,""ClaudeAuthCalls"":2,""ClaudeHistoryReadCalls"":54,""Changed"":12,""SyntheticRequestMilliseconds"":131.4671,""ObservationAcceptedSnapshots"":5,""ObservationIgnoredSnapshots"":2,""ObservationLoadAttempts"":5,""ObservationSaveAttempts"":5,""ObservationSavedFiles"":5,""ObservationEpochWrites"":6,""ObservationFailures"":0,""ObservationPublishedRevisions"":8}","{""CodexStarts"":0.0,""CodexQuotaRequests"":0.0,""ClaudeLiveRequests"":0.0,""CursorUsageRequests"":0.0,""CursorHttpRequests"":0.0,""ClaudeAuthCalls"":0.0,""ClaudeHistoryReadCalls"":30.0,""Changed"":0.0,""SyntheticRequestMilliseconds"":0.0,""ObservationAcceptedSnapshots"":0.0,""ObservationIgnoredSnapshots"":0.0,""ObservationLoadAttempts"":0.0,""ObservationSaveAttempts"":0.0,""ObservationSavedFiles"":0.0,""ObservationEpochWrites"":0.0,""ObservationFailures"":0.0,""ObservationPublishedRevisions"":0.0}","{""Observations"":26,""AccountRows"":0,""RowAvatars"":0,""SelectedAvatars"":0,""WidgetAvatars"":0,""FlyoutDetailRows"":0,""TrayIcons"":2}","{""Observations"":41,""AccountRows"":0,""RowAvatars"":0,""SelectedAvatars"":0,""WidgetAvatars"":0,""FlyoutDetailRows"":0,""TrayIcons"":2}","{""ui"":31.25,""thread-43772"":187.5,""thread-28780"":15.625,""thread-45456"":15.625,""thread-47356"":15.625,""rest"":15.625}"
"5","optimized","widget-before-flyout","30","60","30000.79829999999","1562.5","5.208194743271217","7518027851","178893155","12","0.3745800000047888","0.6212999999988824","0.07150000000983708","0.3488000000070315","71190528","112111616","4997912","740","748","{""Total"":740,""ByType"":{""ALPC Port"":11,""Desktop"":1,""Directory"":2,""EtwRegistration"":155,""Event"":216,""File"":152,""IRTimer"":6,""IoCompletion"":13,""Key"":58,""Mutant"":18,""SchedulerSharedData"":1,""Section"":33,""Semaphore"":16,""Thread"":21,""Timer"":1,""TpWorkerFactory"":3,""WaitCompletionPacket"":31,""WindowStation"":2}}","{""Total"":748,""ByType"":{""ALPC Port"":12,""Desktop"":1,""Directory"":2,""EtwRegistration"":158,""Event"":219,""File"":152,""IRTimer"":6,""IoCompletion"":13,""Key"":58,""Mutant"":18,""SchedulerSharedData"":1,""Section"":33,""Semaphore"":16,""Thread"":22,""Timer"":1,""TpWorkerFactory"":3,""WaitCompletionPacket"":31,""WindowStation"":2}}","{""CodexStarts"":2,""CodexQuotaRequests"":2,""ClaudeLiveRequests"":2,""CursorUsageRequests"":1,""CursorHttpRequests"":3,""ClaudeAuthCalls"":2,""ClaudeHistoryReadCalls"":54,""Changed"":12,""SyntheticRequestMilliseconds"":131.4671,""ObservationAcceptedSnapshots"":5,""ObservationIgnoredSnapshots"":2,""ObservationLoadAttempts"":5,""ObservationSaveAttempts"":5,""ObservationSavedFiles"":5,""ObservationEpochWrites"":6,""ObservationFailures"":0,""ObservationPublishedRevisions"":8}","{""CodexStarts"":4,""CodexQuotaRequests"":4,""ClaudeLiveRequests"":4,""CursorUsageRequests"":2,""CursorHttpRequests"":6,""ClaudeAuthCalls"":2,""ClaudeHistoryReadCalls"":86,""Changed"":21,""SyntheticRequestMilliseconds"":243.6459,""ObservationAcceptedSnapshots"":10,""ObservationIgnoredSnapshots"":4,""ObservationLoadAttempts"":5,""ObservationSaveAttempts"":10,""ObservationSavedFiles"":10,""ObservationEpochWrites"":6,""ObservationFailures"":0,""ObservationPublishedRevisions"":13}","{""CodexStarts"":2.0,""CodexQuotaRequests"":2.0,""ClaudeLiveRequests"":2.0,""CursorUsageRequests"":1.0,""CursorHttpRequests"":3.0,""ClaudeAuthCalls"":0.0,""ClaudeHistoryReadCalls"":32.0,""Changed"":9.0,""SyntheticRequestMilliseconds"":112.17880000000002,""ObservationAcceptedSnapshots"":5.0,""ObservationIgnoredSnapshots"":2.0,""ObservationLoadAttempts"":0.0,""ObservationSaveAttempts"":5.0,""ObservationSavedFiles"":5.0,""ObservationEpochWrites"":0.0,""ObservationFailures"":0.0,""ObservationPublishedRevisions"":5.0}","{""Observations"":42,""AccountRows"":0,""RowAvatars"":0,""SelectedAvatars"":0,""WidgetAvatars"":5,""FlyoutDetailRows"":0,""TrayIcons"":2}","{""Observations"":69,""AccountRows"":0,""RowAvatars"":0,""SelectedAvatars"":0,""WidgetAvatars"":5,""FlyoutDetailRows"":0,""TrayIcons"":3}","{""ui"":15.625,""thread-43772"":1468.75,""thread-28780"":15.625,""thread-45456"":15.625,""thread-41972"":15.625,""rest"":0}"
"5","optimized","flyout-visible","30","60","30000.22290000001","1218.75","4.0624698158492665","5841956071","45937087","0","0.712374999995518","0.87850000000617","0.13093499998867608","0.25659999999334104","83378176","158072832","2181352","766","761","{""Total"":766,""ByType"":{""ALPC Port"":13,""Desktop"":1,""Directory"":2,""EtwRegistration"":164,""Event"":221,""File"":154,""IRTimer"":6,""IoCompletion"":13,""Key"":63,""Mutant"":18,""SchedulerSharedData"":1,""Section"":35,""Semaphore"":16,""Thread"":22,""Timer"":1,""TpWorkerFactory"":3,""WaitCompletionPacket"":31,""WindowStation"":2}}","{""Total"":761,""ByType"":{""ALPC Port"":9,""Desktop"":1,""Directory"":2,""EtwRegistration"":164,""Event"":220,""File"":154,""IRTimer"":6,""IoCompletion"":13,""Key"":63,""Mutant"":18,""SchedulerSharedData"":1,""Section"":35,""Semaphore"":16,""Thread"":22,""Timer"":1,""TpWorkerFactory"":3,""WaitCompletionPacket"":31,""WindowStation"":2}}","{""CodexStarts"":4,""CodexQuotaRequests"":4,""ClaudeLiveRequests"":4,""CursorUsageRequests"":2,""CursorHttpRequests"":6,""ClaudeAuthCalls"":2,""ClaudeHistoryReadCalls"":86,""Changed"":21,""SyntheticRequestMilliseconds"":243.6459,""ObservationAcceptedSnapshots"":10,""ObservationIgnoredSnapshots"":4,""ObservationLoadAttempts"":5,""ObservationSaveAttempts"":10,""ObservationSavedFiles"":10,""ObservationEpochWrites"":6,""ObservationFailures"":0,""ObservationPublishedRevisions"":13}","{""CodexStarts"":4,""CodexQuotaRequests"":4,""ClaudeLiveRequests"":4,""CursorUsageRequests"":2,""CursorHttpRequests"":6,""ClaudeAuthCalls"":2,""ClaudeHistoryReadCalls"":116,""Changed"":21,""SyntheticRequestMilliseconds"":243.6459,""ObservationAcceptedSnapshots"":10,""ObservationIgnoredSnapshots"":4,""ObservationLoadAttempts"":5,""ObservationSaveAttempts"":10,""ObservationSavedFiles"":10,""ObservationEpochWrites"":6,""ObservationFailures"":0,""ObservationPublishedRevisions"":13}","{""CodexStarts"":0.0,""CodexQuotaRequests"":0.0,""ClaudeLiveRequests"":0.0,""CursorUsageRequests"":0.0,""CursorHttpRequests"":0.0,""ClaudeAuthCalls"":0.0,""ClaudeHistoryReadCalls"":30.0,""Changed"":0.0,""SyntheticRequestMilliseconds"":0.0,""ObservationAcceptedSnapshots"":0.0,""ObservationIgnoredSnapshots"":0.0,""ObservationLoadAttempts"":0.0,""ObservationSaveAttempts"":0.0,""ObservationSavedFiles"":0.0,""ObservationEpochWrites"":0.0,""ObservationFailures"":0.0,""ObservationPublishedRevisions"":0.0}","{""Observations"":71,""AccountRows"":5,""RowAvatars"":5,""SelectedAvatars"":1,""WidgetAvatars"":5,""FlyoutDetailRows"":6,""TrayIcons"":3}","{""Observations"":86,""AccountRows"":5,""RowAvatars"":5,""SelectedAvatars"":1,""WidgetAvatars"":5,""FlyoutDetailRows"":6,""TrayIcons"":3}","{""ui"":15.625,""thread-43772"":1187.5,""thread-46692"":15.625,""thread-41972"":15.625,""rest"":0}"
"5","optimized","tray-after-flyout","30","60","29999.326000000012","265.625","0.8854365594747026","1529927420","46000425","12","0.6140850000032514","0.7788000000000466","0.07257500000923751","0.10899999999674037","86120448","159723520","3743752","761","760","{""Total"":761,""ByType"":{""ALPC Port"":9,""Desktop"":1,""Directory"":2,""EtwRegistration"":164,""Event"":220,""File"":154,""IRTimer"":6,""IoCompletion"":13,""Key"":63,""Mutant"":18,""SchedulerSharedData"":1,""Section"":35,""Semaphore"":16,""Thread"":22,""Timer"":1,""TpWorkerFactory"":3,""WaitCompletionPacket"":31,""WindowStation"":2}}","{""Total"":760,""ByType"":{""ALPC Port"":9,""Desktop"":1,""Directory"":2,""EtwRegistration"":164,""Event"":220,""File"":154,""IRTimer"":6,""IoCompletion"":13,""Key"":63,""Mutant"":18,""SchedulerSharedData"":1,""Section"":35,""Semaphore"":16,""Thread"":22,""TpWorkerFactory"":3,""WaitCompletionPacket"":31,""WindowStation"":2}}","{""CodexStarts"":4,""CodexQuotaRequests"":4,""ClaudeLiveRequests"":4,""CursorUsageRequests"":2,""CursorHttpRequests"":6,""ClaudeAuthCalls"":2,""ClaudeHistoryReadCalls"":116,""Changed"":21,""SyntheticRequestMilliseconds"":243.6459,""ObservationAcceptedSnapshots"":10,""ObservationIgnoredSnapshots"":4,""ObservationLoadAttempts"":5,""ObservationSaveAttempts"":10,""ObservationSavedFiles"":10,""ObservationEpochWrites"":6,""ObservationFailures"":0,""ObservationPublishedRevisions"":13}","{""CodexStarts"":6,""CodexQuotaRequests"":6,""ClaudeLiveRequests"":6,""CursorUsageRequests"":3,""CursorHttpRequests"":9,""ClaudeAuthCalls"":2,""ClaudeHistoryReadCalls"":148,""Changed"":30,""SyntheticRequestMilliseconds"":354.4683,""ObservationAcceptedSnapshots"":15,""ObservationIgnoredSnapshots"":6,""ObservationLoadAttempts"":5,""ObservationSaveAttempts"":15,""ObservationSavedFiles"":15,""ObservationEpochWrites"":6,""ObservationFailures"":0,""ObservationPublishedRevisions"":18}","{""CodexStarts"":2.0,""CodexQuotaRequests"":2.0,""ClaudeLiveRequests"":2.0,""CursorUsageRequests"":1.0,""CursorHttpRequests"":3.0,""ClaudeAuthCalls"":0.0,""ClaudeHistoryReadCalls"":32.0,""Changed"":9.0,""SyntheticRequestMilliseconds"":110.82239999999999,""ObservationAcceptedSnapshots"":5.0,""ObservationIgnoredSnapshots"":2.0,""ObservationLoadAttempts"":0.0,""ObservationSaveAttempts"":5.0,""ObservationSavedFiles"":5.0,""ObservationEpochWrites"":0.0,""ObservationFailures"":0.0,""ObservationPublishedRevisions"":5.0}","{""Observations"":86,""AccountRows"":5,""RowAvatars"":5,""SelectedAvatars"":1,""WidgetAvatars"":5,""FlyoutDetailRows"":6,""TrayIcons"":3}","{""Observations"":113,""AccountRows"":5,""RowAvatars"":5,""SelectedAvatars"":1,""WidgetAvatars"":5,""FlyoutDetailRows"":6,""TrayIcons"":4}","{""ui"":0,""thread-28780"":15.625,""rest"":0}"
"5","optimized","widget-visible","30","60","30000.531800000004","125","0.4166592806864843","735367294","33421980","0","0.7568250000040279","0.9232999999949243","0.17267999999457945","0.5960000000195578","88772608","162115584","2242056","763","768","{""Total"":763,""ByType"":{""ALPC Port"":9,""Desktop"":1,""Directory"":2,""EtwRegistration"":164,""Event"":222,""File"":154,""IRTimer"":6,""IoCompletion"":13,""Key"":63,""Mutant"":18,""SchedulerSharedData"":1,""Section"":35,""Semaphore"":16,""Thread"":23,""TpWorkerFactory"":3,""WaitCompletionPacket"":31,""WindowStation"":2}}","{""Total"":768,""ByType"":{""ALPC Port"":9,""Desktop"":1,""Directory"":2,""EtwRegistration"":164,""Event"":225,""File"":154,""IRTimer"":6,""IoCompletion"":14,""Key"":63,""Mutant"":18,""SchedulerSharedData"":1,""Section"":35,""Semaphore"":16,""Thread"":24,""TpWorkerFactory"":3,""WaitCompletionPacket"":31,""WindowStation"":2}}","{""CodexStarts"":6,""CodexQuotaRequests"":6,""ClaudeLiveRequests"":6,""CursorUsageRequests"":3,""CursorHttpRequests"":9,""ClaudeAuthCalls"":2,""ClaudeHistoryReadCalls"":148,""Changed"":30,""SyntheticRequestMilliseconds"":354.4683,""ObservationAcceptedSnapshots"":15,""ObservationIgnoredSnapshots"":6,""ObservationLoadAttempts"":5,""ObservationSaveAttempts"":15,""ObservationSavedFiles"":15,""ObservationEpochWrites"":6,""ObservationFailures"":0,""ObservationPublishedRevisions"":18}","{""CodexStarts"":6,""CodexQuotaRequests"":6,""ClaudeLiveRequests"":6,""CursorUsageRequests"":3,""CursorHttpRequests"":9,""ClaudeAuthCalls"":2,""ClaudeHistoryReadCalls"":178,""Changed"":30,""SyntheticRequestMilliseconds"":354.4683,""ObservationAcceptedSnapshots"":15,""ObservationIgnoredSnapshots"":6,""ObservationLoadAttempts"":5,""ObservationSaveAttempts"":15,""ObservationSavedFiles"":15,""ObservationEpochWrites"":6,""ObservationFailures"":0,""ObservationPublishedRevisions"":18}","{""CodexStarts"":0.0,""CodexQuotaRequests"":0.0,""ClaudeLiveRequests"":0.0,""CursorUsageRequests"":0.0,""CursorHttpRequests"":0.0,""ClaudeAuthCalls"":0.0,""ClaudeHistoryReadCalls"":30.0,""Changed"":0.0,""SyntheticRequestMilliseconds"":0.0,""ObservationAcceptedSnapshots"":0.0,""ObservationIgnoredSnapshots"":0.0,""ObservationLoadAttempts"":0.0,""ObservationSaveAttempts"":0.0,""ObservationSavedFiles"":0.0,""ObservationEpochWrites"":0.0,""ObservationFailures"":0.0,""ObservationPublishedRevisions"":0.0}","{""Observations"":114,""AccountRows"":5,""RowAvatars"":5,""SelectedAvatars"":1,""WidgetAvatars"":5,""FlyoutDetailRows"":6,""TrayIcons"":4}","{""Observations"":129,""AccountRows"":5,""RowAvatars"":5,""SelectedAvatars"":1,""WidgetAvatars"":5,""FlyoutDetailRows"":6,""TrayIcons"":4}","{""ui"":15.625,""thread-47316"":15.625,""thread-46692"":15.625,""thread-41392"":15.625,""rest"":0}"
"5","optimized","post-refresh-widget","30","60","30000.54080000001","546.875","1.8228838061479207","2659901122","51069504","1","0.2946299999923211","0.8439000000071246","0.09627000001928535","0.3274000000092201","97402880","171849728","2763976","773","766","{""Total"":774,""ByType"":{""ALPC Port"":9,""Desktop"":1,""Directory"":2,""EtwRegistration"":164,""Event"":228,""File"":155,""IRTimer"":6,""IoCompletion"":15,""Key"":63,""Mutant"":18,""SchedulerSharedData"":1,""Section"":35,""Semaphore"":16,""Thread"":25,""TpWorkerFactory"":3,""WaitCompletionPacket"":31,""WindowStation"":2}}","{""Total"":766,""ByType"":{""ALPC Port"":9,""Desktop"":1,""Directory"":2,""EtwRegistration"":164,""Event"":224,""File"":154,""IRTimer"":6,""IoCompletion"":13,""Key"":63,""Mutant"":18,""SchedulerSharedData"":1,""Section"":35,""Semaphore"":16,""Thread"":24,""TpWorkerFactory"":3,""WaitCompletionPacket"":31,""WindowStation"":2}}","{""CodexStarts"":8,""CodexQuotaRequests"":8,""ClaudeLiveRequests"":8,""CursorUsageRequests"":4,""CursorHttpRequests"":12,""ClaudeAuthCalls"":4,""ClaudeHistoryReadCalls"":182,""Changed"":41,""SyntheticRequestMilliseconds"":486.056,""ObservationAcceptedSnapshots"":22,""ObservationIgnoredSnapshots"":8,""ObservationLoadAttempts"":5,""ObservationSaveAttempts"":22,""ObservationSavedFiles"":22,""ObservationEpochWrites"":6,""ObservationFailures"":0,""ObservationPublishedRevisions"":25}","{""CodexStarts"":8,""CodexQuotaRequests"":8,""ClaudeLiveRequests"":8,""CursorUsageRequests"":4,""CursorHttpRequests"":12,""ClaudeAuthCalls"":4,""ClaudeHistoryReadCalls"":212,""Changed"":41,""SyntheticRequestMilliseconds"":486.056,""ObservationAcceptedSnapshots"":22,""ObservationIgnoredSnapshots"":8,""ObservationLoadAttempts"":5,""ObservationSaveAttempts"":22,""ObservationSavedFiles"":22,""ObservationEpochWrites"":6,""ObservationFailures"":0,""ObservationPublishedRevisions"":25}","{""CodexStarts"":0.0,""CodexQuotaRequests"":0.0,""ClaudeLiveRequests"":0.0,""CursorUsageRequests"":0.0,""CursorHttpRequests"":0.0,""ClaudeAuthCalls"":0.0,""ClaudeHistoryReadCalls"":30.0,""Changed"":0.0,""SyntheticRequestMilliseconds"":0.0,""ObservationAcceptedSnapshots"":0.0,""ObservationIgnoredSnapshots"":0.0,""ObservationLoadAttempts"":0.0,""ObservationSaveAttempts"":0.0,""ObservationSavedFiles"":0.0,""ObservationEpochWrites"":0.0,""ObservationFailures"":0.0,""ObservationPublishedRevisions"":0.0}","{""Observations"":143,""AccountRows"":5,""RowAvatars"":5,""SelectedAvatars"":1,""WidgetAvatars"":5,""FlyoutDetailRows"":6,""TrayIcons"":5}","{""Observations"":159,""AccountRows"":5,""RowAvatars"":5,""SelectedAvatars"":1,""WidgetAvatars"":5,""FlyoutDetailRows"":6,""TrayIcons"":5}","{""ui"":15.625,""thread-28780"":15.625,""thread-41972"":15.625,""rest"":0}"
"5","optimized","tray-after-refresh","30","60","30000.156400000007","31.25","0.1041661236139422","410354602","37459994","11","0.6149350000108824","0.6548999999940861","0.06337500000372528","0.06709999998565763","93679616","173322240","3841784","769","778","{""Total"":769,""ByType"":{""ALPC Port"":9,""Desktop"":1,""Directory"":2,""EtwRegistration"":164,""Event"":226,""File"":154,""IRTimer"":6,""IoCompletion"":13,""Key"":63,""Mutant"":18,""SchedulerSharedData"":1,""Section"":35,""Semaphore"":16,""Thread"":25,""TpWorkerFactory"":3,""WaitCompletionPacket"":31,""WindowStation"":2}}","{""Total"":778,""ByType"":{""ALPC Port"":9,""Desktop"":1,""Directory"":2,""EtwRegistration"":164,""Event"":232,""File"":154,""IRTimer"":6,""IoCompletion"":14,""Key"":63,""Mutant"":18,""SchedulerSharedData"":1,""Section"":35,""Semaphore"":16,""Thread"":27,""TpWorkerFactory"":3,""WaitCompletionPacket"":31,""WindowStation"":2}}","{""CodexStarts"":8,""CodexQuotaRequests"":8,""ClaudeLiveRequests"":8,""CursorUsageRequests"":4,""CursorHttpRequests"":12,""ClaudeAuthCalls"":4,""ClaudeHistoryReadCalls"":212,""Changed"":41,""SyntheticRequestMilliseconds"":486.056,""ObservationAcceptedSnapshots"":22,""ObservationIgnoredSnapshots"":8,""ObservationLoadAttempts"":5,""ObservationSaveAttempts"":22,""ObservationSavedFiles"":22,""ObservationEpochWrites"":6,""ObservationFailures"":0,""ObservationPublishedRevisions"":25}","{""CodexStarts"":10,""CodexQuotaRequests"":10,""ClaudeLiveRequests"":10,""CursorUsageRequests"":5,""CursorHttpRequests"":15,""ClaudeAuthCalls"":4,""ClaudeHistoryReadCalls"":244,""Changed"":50,""SyntheticRequestMilliseconds"":597.4245,""ObservationAcceptedSnapshots"":27,""ObservationIgnoredSnapshots"":10,""ObservationLoadAttempts"":5,""ObservationSaveAttempts"":27,""ObservationSavedFiles"":27,""ObservationEpochWrites"":6,""ObservationFailures"":0,""ObservationPublishedRevisions"":30}","{""CodexStarts"":2.0,""CodexQuotaRequests"":2.0,""ClaudeLiveRequests"":2.0,""CursorUsageRequests"":1.0,""CursorHttpRequests"":3.0,""ClaudeAuthCalls"":0.0,""ClaudeHistoryReadCalls"":32.0,""Changed"":9.0,""SyntheticRequestMilliseconds"":111.36849999999998,""ObservationAcceptedSnapshots"":5.0,""ObservationIgnoredSnapshots"":2.0,""ObservationLoadAttempts"":0.0,""ObservationSaveAttempts"":5.0,""ObservationSavedFiles"":5.0,""ObservationEpochWrites"":0.0,""ObservationFailures"":0.0,""ObservationPublishedRevisions"":5.0}","{""Observations"":160,""AccountRows"":5,""RowAvatars"":5,""SelectedAvatars"":1,""WidgetAvatars"":5,""FlyoutDetailRows"":6,""TrayIcons"":5}","{""Observations"":186,""AccountRows"":5,""RowAvatars"":5,""SelectedAvatars"":1,""WidgetAvatars"":5,""FlyoutDetailRows"":6,""TrayIcons"":6}","{""ui"":15.625,""thread-47356"":15.625,""thread-29888"":15.625,""rest"":0}"
"5","optimized","widget-after-churn","30","60","30000.944900000006","125","0.41665354346889244","284187343","40836571","1","0.6068599999896832","0.884299999976065","0.06591500001522946","0.07409999999799766","113639424","221155328","2542184","746","741","{""Total"":746,""ByType"":{""ALPC Port"":9,""Desktop"":1,""Directory"":2,""EtwRegistration"":164,""Event"":214,""File"":154,""IRTimer"":6,""IoCompletion"":14,""Key"":58,""Mutant"":18,""SchedulerSharedData"":1,""Section"":35,""Semaphore"":16,""Thread"":18,""TpWorkerFactory"":3,""WaitCompletionPacket"":31,""WindowStation"":2}}","{""Total"":741,""ByType"":{""ALPC Port"":9,""Desktop"":1,""Directory"":2,""EtwRegistration"":164,""Event"":211,""File"":154,""IRTimer"":6,""IoCompletion"":13,""Key"":58,""Mutant"":18,""SchedulerSharedData"":1,""Section"":35,""Semaphore"":16,""Thread"":17,""TpWorkerFactory"":3,""WaitCompletionPacket"":31,""WindowStation"":2}}","{""CodexStarts"":10,""CodexQuotaRequests"":10,""ClaudeLiveRequests"":10,""CursorUsageRequests"":5,""CursorHttpRequests"":15,""ClaudeAuthCalls"":4,""ClaudeHistoryReadCalls"":250,""Changed"":60,""SyntheticRequestMilliseconds"":597.4245,""ObservationAcceptedSnapshots"":27,""ObservationIgnoredSnapshots"":10,""ObservationLoadAttempts"":5,""ObservationSaveAttempts"":27,""ObservationSavedFiles"":27,""ObservationEpochWrites"":6,""ObservationFailures"":0,""ObservationPublishedRevisions"":30}","{""CodexStarts"":10,""CodexQuotaRequests"":10,""ClaudeLiveRequests"":10,""CursorUsageRequests"":5,""CursorHttpRequests"":15,""ClaudeAuthCalls"":4,""ClaudeHistoryReadCalls"":280,""Changed"":60,""SyntheticRequestMilliseconds"":597.4245,""ObservationAcceptedSnapshots"":27,""ObservationIgnoredSnapshots"":10,""ObservationLoadAttempts"":5,""ObservationSaveAttempts"":27,""ObservationSavedFiles"":27,""ObservationEpochWrites"":6,""ObservationFailures"":0,""ObservationPublishedRevisions"":30}","{""CodexStarts"":0.0,""CodexQuotaRequests"":0.0,""ClaudeLiveRequests"":0.0,""CursorUsageRequests"":0.0,""CursorHttpRequests"":0.0,""ClaudeAuthCalls"":0.0,""ClaudeHistoryReadCalls"":30.0,""Changed"":0.0,""SyntheticRequestMilliseconds"":0.0,""ObservationAcceptedSnapshots"":0.0,""ObservationIgnoredSnapshots"":0.0,""ObservationLoadAttempts"":0.0,""ObservationSaveAttempts"":0.0,""ObservationSavedFiles"":0.0,""ObservationEpochWrites"":0.0,""ObservationFailures"":0.0,""ObservationPublishedRevisions"":0.0}","{""Observations"":205,""AccountRows"":5,""RowAvatars"":28,""SelectedAvatars"":8,""WidgetAvatars"":5,""FlyoutDetailRows"":64,""TrayIcons"":16}","{""Observations"":221,""AccountRows"":5,""RowAvatars"":28,""SelectedAvatars"":8,""WidgetAvatars"":5,""FlyoutDetailRows"":64,""TrayIcons"":16}","{""ui"":31.25,""thread-45456"":31.25,""thread-28780"":15.625,""thread-44816"":15.625,""thread-43528"":15.625,""rest"":0}"
"6","fixed","warmup","20","40","20001.822099999998","437.5","2.187300725967361","2650063619","35497264","0","0.5084800000000541","0.6903999999994994","0.15616000000027236","0.5746000000000322","21291008","27797504","1139096","491","491","{""Total"":491,""ByType"":{""ALPC Port"":9,""Desktop"":1,""Directory"":2,""EtwRegistration"":110,""Event"":129,""File"":139,""IRTimer"":4,""IoCompletion"":11,""Key"":19,""Mutant"":2,""SchedulerSharedData"":1,""Section"":19,""Semaphore"":16,""Thread"":17,""Timer"":1,""TpWorkerFactory"":2,""WaitCompletionPacket"":7,""WindowStation"":2}}","{""Total"":491,""ByType"":{""ALPC Port"":9,""Desktop"":1,""Directory"":2,""EtwRegistration"":110,""Event"":129,""File"":139,""IRTimer"":4,""IoCompletion"":11,""Key"":19,""Mutant"":2,""SchedulerSharedData"":1,""Section"":19,""Semaphore"":16,""Thread"":17,""Timer"":1,""TpWorkerFactory"":2,""WaitCompletionPacket"":7,""WindowStation"":2}}","{""CodexStarts"":2,""CodexQuotaRequests"":2,""ClaudeLiveRequests"":2,""CursorUsageRequests"":1,""CursorHttpRequests"":3,""ClaudeAuthCalls"":2,""ClaudeHistoryReadCalls"":4,""Changed"":12,""SyntheticRequestMilliseconds"":130.2998,""ObservationAcceptedSnapshots"":5,""ObservationIgnoredSnapshots"":2,""ObservationLoadAttempts"":5,""ObservationSaveAttempts"":5,""ObservationSavedFiles"":5,""ObservationEpochWrites"":6,""ObservationFailures"":0,""ObservationPublishedRevisions"":8}","{""CodexStarts"":2,""CodexQuotaRequests"":2,""ClaudeLiveRequests"":2,""CursorUsageRequests"":1,""CursorHttpRequests"":3,""ClaudeAuthCalls"":2,""ClaudeHistoryReadCalls"":24,""Changed"":12,""SyntheticRequestMilliseconds"":130.2998,""ObservationAcceptedSnapshots"":5,""ObservationIgnoredSnapshots"":2,""ObservationLoadAttempts"":5,""ObservationSaveAttempts"":5,""ObservationSavedFiles"":5,""ObservationEpochWrites"":6,""ObservationFailures"":0,""ObservationPublishedRevisions"":8}","{""CodexStarts"":0.0,""CodexQuotaRequests"":0.0,""ClaudeLiveRequests"":0.0,""CursorUsageRequests"":0.0,""CursorHttpRequests"":0.0,""ClaudeAuthCalls"":0.0,""ClaudeHistoryReadCalls"":20.0,""Changed"":0.0,""SyntheticRequestMilliseconds"":0.0,""ObservationAcceptedSnapshots"":0.0,""ObservationIgnoredSnapshots"":0.0,""ObservationLoadAttempts"":0.0,""ObservationSaveAttempts"":0.0,""ObservationSavedFiles"":0.0,""ObservationEpochWrites"":0.0,""ObservationFailures"":0.0,""ObservationPublishedRevisions"":0.0}","{""Observations"":16,""AccountRows"":0,""RowAvatars"":0,""SelectedAvatars"":0,""WidgetAvatars"":0,""FlyoutDetailRows"":0,""TrayIcons"":2}","{""Observations"":26,""AccountRows"":0,""RowAvatars"":0,""SelectedAvatars"":0,""WidgetAvatars"":0,""FlyoutDetailRows"":0,""TrayIcons"":2}","{""ui"":15.625,""thread-10784"":421.875,""rest"":0}"
"6","fixed","tray-idle","30","60","30000.3421","93.75","0.31249643649896913","866502800","22415009","0","0.6028249999984834","0.8613999999979569","0.07286000000076455","0.11890000000130385","23085056","29335552","1621968","491","490","{""Total"":491,""ByType"":{""ALPC Port"":9,""Desktop"":1,""Directory"":2,""EtwRegistration"":110,""Event"":129,""File"":139,""IRTimer"":4,""IoCompletion"":11,""Key"":19,""Mutant"":2,""SchedulerSharedData"":1,""Section"":19,""Semaphore"":16,""Thread"":17,""Timer"":1,""TpWorkerFactory"":2,""WaitCompletionPacket"":7,""WindowStation"":2}}","{""Total"":490,""ByType"":{""ALPC Port"":8,""Desktop"":1,""Directory"":2,""EtwRegistration"":110,""Event"":129,""File"":139,""IRTimer"":4,""IoCompletion"":10,""Key"":19,""Mutant"":2,""SchedulerSharedData"":1,""Section"":19,""Semaphore"":16,""Thread"":18,""Timer"":1,""TpWorkerFactory"":2,""WaitCompletionPacket"":7,""WindowStation"":2}}","{""CodexStarts"":2,""CodexQuotaRequests"":2,""ClaudeLiveRequests"":2,""CursorUsageRequests"":1,""CursorHttpRequests"":3,""ClaudeAuthCalls"":2,""ClaudeHistoryReadCalls"":24,""Changed"":12,""SyntheticRequestMilliseconds"":130.2998,""ObservationAcceptedSnapshots"":5,""ObservationIgnoredSnapshots"":2,""ObservationLoadAttempts"":5,""ObservationSaveAttempts"":5,""ObservationSavedFiles"":5,""ObservationEpochWrites"":6,""ObservationFailures"":0,""ObservationPublishedRevisions"":8}","{""CodexStarts"":2,""CodexQuotaRequests"":2,""ClaudeLiveRequests"":2,""CursorUsageRequests"":1,""CursorHttpRequests"":3,""ClaudeAuthCalls"":2,""ClaudeHistoryReadCalls"":54,""Changed"":12,""SyntheticRequestMilliseconds"":130.2998,""ObservationAcceptedSnapshots"":5,""ObservationIgnoredSnapshots"":2,""ObservationLoadAttempts"":5,""ObservationSaveAttempts"":5,""ObservationSavedFiles"":5,""ObservationEpochWrites"":6,""ObservationFailures"":0,""ObservationPublishedRevisions"":8}","{""CodexStarts"":0.0,""CodexQuotaRequests"":0.0,""ClaudeLiveRequests"":0.0,""CursorUsageRequests"":0.0,""CursorHttpRequests"":0.0,""ClaudeAuthCalls"":0.0,""ClaudeHistoryReadCalls"":30.0,""Changed"":0.0,""SyntheticRequestMilliseconds"":0.0,""ObservationAcceptedSnapshots"":0.0,""ObservationIgnoredSnapshots"":0.0,""ObservationLoadAttempts"":0.0,""ObservationSaveAttempts"":0.0,""ObservationSavedFiles"":0.0,""ObservationEpochWrites"":0.0,""ObservationFailures"":0.0,""ObservationPublishedRevisions"":0.0}","{""Observations"":26,""AccountRows"":0,""RowAvatars"":0,""SelectedAvatars"":0,""WidgetAvatars"":0,""FlyoutDetailRows"":0,""TrayIcons"":2}","{""Observations"":41,""AccountRows"":0,""RowAvatars"":0,""SelectedAvatars"":0,""WidgetAvatars"":0,""FlyoutDetailRows"":0,""TrayIcons"":2}","{""ui"":0,""thread-10784"":93.75,""rest"":0}"
"6","fixed","widget-before-flyout","30","60","30000.973900000005","1515.625","5.051919331192111","7423054845","170980386","12","0.7275950000010196","1.2553999999945518","0.1226400000028661","0.4095999999990454","71004160","109772800","5003840","741","749","{""Total"":741,""ByType"":{""ALPC Port"":11,""Desktop"":1,""Directory"":2,""EtwRegistration"":155,""Event"":217,""File"":152,""IRTimer"":6,""IoCompletion"":13,""Key"":58,""Mutant"":18,""SchedulerSharedData"":1,""Section"":33,""Semaphore"":16,""Thread"":21,""Timer"":1,""TpWorkerFactory"":3,""WaitCompletionPacket"":31,""WindowStation"":2}}","{""Total"":749,""ByType"":{""ALPC Port"":12,""Desktop"":1,""Directory"":2,""EtwRegistration"":158,""Event"":220,""File"":152,""IRTimer"":6,""IoCompletion"":13,""Key"":58,""Mutant"":18,""SchedulerSharedData"":1,""Section"":33,""Semaphore"":16,""Thread"":22,""Timer"":1,""TpWorkerFactory"":3,""WaitCompletionPacket"":31,""WindowStation"":2}}","{""CodexStarts"":2,""CodexQuotaRequests"":2,""ClaudeLiveRequests"":2,""CursorUsageRequests"":1,""CursorHttpRequests"":3,""ClaudeAuthCalls"":2,""ClaudeHistoryReadCalls"":54,""Changed"":12,""SyntheticRequestMilliseconds"":130.2998,""ObservationAcceptedSnapshots"":5,""ObservationIgnoredSnapshots"":2,""ObservationLoadAttempts"":5,""ObservationSaveAttempts"":5,""ObservationSavedFiles"":5,""ObservationEpochWrites"":6,""ObservationFailures"":0,""ObservationPublishedRevisions"":8}","{""CodexStarts"":4,""CodexQuotaRequests"":4,""ClaudeLiveRequests"":4,""CursorUsageRequests"":2,""CursorHttpRequests"":6,""ClaudeAuthCalls"":2,""ClaudeHistoryReadCalls"":86,""Changed"":21,""SyntheticRequestMilliseconds"":241.1477,""ObservationAcceptedSnapshots"":10,""ObservationIgnoredSnapshots"":4,""ObservationLoadAttempts"":5,""ObservationSaveAttempts"":10,""ObservationSavedFiles"":10,""ObservationEpochWrites"":6,""ObservationFailures"":0,""ObservationPublishedRevisions"":13}","{""CodexStarts"":2.0,""CodexQuotaRequests"":2.0,""ClaudeLiveRequests"":2.0,""CursorUsageRequests"":1.0,""CursorHttpRequests"":3.0,""ClaudeAuthCalls"":0.0,""ClaudeHistoryReadCalls"":32.0,""Changed"":9.0,""SyntheticRequestMilliseconds"":110.84789999999998,""ObservationAcceptedSnapshots"":5.0,""ObservationIgnoredSnapshots"":2.0,""ObservationLoadAttempts"":0.0,""ObservationSaveAttempts"":5.0,""ObservationSavedFiles"":5.0,""ObservationEpochWrites"":0.0,""ObservationFailures"":0.0,""ObservationPublishedRevisions"":5.0}","{""Observations"":42,""AccountRows"":0,""RowAvatars"":0,""SelectedAvatars"":0,""WidgetAvatars"":5,""FlyoutDetailRows"":0,""TrayIcons"":2}","{""Observations"":69,""AccountRows"":0,""RowAvatars"":0,""SelectedAvatars"":0,""WidgetAvatars"":5,""FlyoutDetailRows"":0,""TrayIcons"":3}","{""ui"":31.25,""thread-10784"":1453.125,""thread-13208"":15.625,""thread-52200"":15.625,""rest"":0}"
"6","fixed","flyout-visible","30","60","29999.7755","1203.125","4.010446678175975","5703365159","41748023","0","0.6577299999917159","0.8059999999968568","0.11260499999843884","0.29940000000351574","82358272","146040832","2175616","766","762","{""Total"":766,""ByType"":{""ALPC Port"":13,""Desktop"":1,""Directory"":2,""EtwRegistration"":164,""Event"":221,""File"":154,""IRTimer"":6,""IoCompletion"":13,""Key"":63,""Mutant"":18,""SchedulerSharedData"":1,""Section"":35,""Semaphore"":16,""Thread"":22,""Timer"":1,""TpWorkerFactory"":3,""WaitCompletionPacket"":31,""WindowStation"":2}}","{""Total"":762,""ByType"":{""ALPC Port"":9,""Desktop"":1,""Directory"":2,""EtwRegistration"":164,""Event"":221,""File"":154,""IRTimer"":6,""IoCompletion"":13,""Key"":63,""Mutant"":18,""SchedulerSharedData"":1,""Section"":35,""Semaphore"":16,""Thread"":22,""Timer"":1,""TpWorkerFactory"":3,""WaitCompletionPacket"":31,""WindowStation"":2}}","{""CodexStarts"":4,""CodexQuotaRequests"":4,""ClaudeLiveRequests"":4,""CursorUsageRequests"":2,""CursorHttpRequests"":6,""ClaudeAuthCalls"":2,""ClaudeHistoryReadCalls"":86,""Changed"":21,""SyntheticRequestMilliseconds"":241.1477,""ObservationAcceptedSnapshots"":10,""ObservationIgnoredSnapshots"":4,""ObservationLoadAttempts"":5,""ObservationSaveAttempts"":10,""ObservationSavedFiles"":10,""ObservationEpochWrites"":6,""ObservationFailures"":0,""ObservationPublishedRevisions"":13}","{""CodexStarts"":4,""CodexQuotaRequests"":4,""ClaudeLiveRequests"":4,""CursorUsageRequests"":2,""CursorHttpRequests"":6,""ClaudeAuthCalls"":2,""ClaudeHistoryReadCalls"":116,""Changed"":21,""SyntheticRequestMilliseconds"":241.1477,""ObservationAcceptedSnapshots"":10,""ObservationIgnoredSnapshots"":4,""ObservationLoadAttempts"":5,""ObservationSaveAttempts"":10,""ObservationSavedFiles"":10,""ObservationEpochWrites"":6,""ObservationFailures"":0,""ObservationPublishedRevisions"":13}","{""CodexStarts"":0.0,""CodexQuotaRequests"":0.0,""ClaudeLiveRequests"":0.0,""CursorUsageRequests"":0.0,""CursorHttpRequests"":0.0,""ClaudeAuthCalls"":0.0,""ClaudeHistoryReadCalls"":30.0,""Changed"":0.0,""SyntheticRequestMilliseconds"":0.0,""ObservationAcceptedSnapshots"":0.0,""ObservationIgnoredSnapshots"":0.0,""ObservationLoadAttempts"":0.0,""ObservationSaveAttempts"":0.0,""ObservationSavedFiles"":0.0,""ObservationEpochWrites"":0.0,""ObservationFailures"":0.0,""ObservationPublishedRevisions"":0.0}","{""Observations"":71,""AccountRows"":5,""RowAvatars"":5,""SelectedAvatars"":1,""WidgetAvatars"":5,""FlyoutDetailRows"":6,""TrayIcons"":3}","{""Observations"":86,""AccountRows"":5,""RowAvatars"":5,""SelectedAvatars"":1,""WidgetAvatars"":5,""FlyoutDetailRows"":6,""TrayIcons"":3}","{""ui"":0,""thread-10784"":1187.5,""thread-39900"":15.625,""rest"":0}"
"6","fixed","tray-after-flyout","30","60","30000.240399999995","312.5","1.0416583195113331","1479017894","45893008","12","0.6377650000024002","1.155400000003283","0.23771999999444227","0.7791999999899417","85266432","148252672","3714688","762","762","{""Total"":762,""ByType"":{""ALPC Port"":9,""Desktop"":1,""Directory"":2,""EtwRegistration"":164,""Event"":221,""File"":154,""IRTimer"":6,""IoCompletion"":13,""Key"":63,""Mutant"":18,""SchedulerSharedData"":1,""Section"":35,""Semaphore"":16,""Thread"":22,""Timer"":1,""TpWorkerFactory"":3,""WaitCompletionPacket"":31,""WindowStation"":2}}","{""Total"":762,""ByType"":{""ALPC Port"":9,""Desktop"":1,""Directory"":2,""EtwRegistration"":164,""Event"":222,""File"":154,""IRTimer"":6,""IoCompletion"":13,""Key"":63,""Mutant"":18,""SchedulerSharedData"":1,""Section"":35,""Semaphore"":16,""Thread"":22,""TpWorkerFactory"":3,""WaitCompletionPacket"":31,""WindowStation"":2}}","{""CodexStarts"":4,""CodexQuotaRequests"":4,""ClaudeLiveRequests"":4,""CursorUsageRequests"":2,""CursorHttpRequests"":6,""ClaudeAuthCalls"":2,""ClaudeHistoryReadCalls"":116,""Changed"":21,""SyntheticRequestMilliseconds"":241.1477,""ObservationAcceptedSnapshots"":10,""ObservationIgnoredSnapshots"":4,""ObservationLoadAttempts"":5,""ObservationSaveAttempts"":10,""ObservationSavedFiles"":10,""ObservationEpochWrites"":6,""ObservationFailures"":0,""ObservationPublishedRevisions"":13}","{""CodexStarts"":6,""CodexQuotaRequests"":6,""ClaudeLiveRequests"":6,""CursorUsageRequests"":3,""CursorHttpRequests"":9,""ClaudeAuthCalls"":2,""ClaudeHistoryReadCalls"":148,""Changed"":30,""SyntheticRequestMilliseconds"":352.7676,""ObservationAcceptedSnapshots"":15,""ObservationIgnoredSnapshots"":6,""ObservationLoadAttempts"":5,""ObservationSaveAttempts"":15,""ObservationSavedFiles"":15,""ObservationEpochWrites"":6,""ObservationFailures"":0,""ObservationPublishedRevisions"":18}","{""CodexStarts"":2.0,""CodexQuotaRequests"":2.0,""ClaudeLiveRequests"":2.0,""CursorUsageRequests"":1.0,""CursorHttpRequests"":3.0,""ClaudeAuthCalls"":0.0,""ClaudeHistoryReadCalls"":32.0,""Changed"":9.0,""SyntheticRequestMilliseconds"":111.61990000000003,""ObservationAcceptedSnapshots"":5.0,""ObservationIgnoredSnapshots"":2.0,""ObservationLoadAttempts"":0.0,""ObservationSaveAttempts"":5.0,""ObservationSavedFiles"":5.0,""ObservationEpochWrites"":0.0,""ObservationFailures"":0.0,""ObservationPublishedRevisions"":5.0}","{""Observations"":86,""AccountRows"":5,""RowAvatars"":5,""SelectedAvatars"":1,""WidgetAvatars"":5,""FlyoutDetailRows"":6,""TrayIcons"":3}","{""Observations"":113,""AccountRows"":5,""RowAvatars"":5,""SelectedAvatars"":1,""WidgetAvatars"":5,""FlyoutDetailRows"":6,""TrayIcons"":4}","{""ui"":15.625,""thread-39900"":15.625,""thread-13208"":15.625,""rest"":0}"
"6","fixed","widget-visible","30","60","29999.96490000001","125","0.41666715416723693","702475845","32732389","0","0.7369449999852804","0.8875999999872874","0.08746000001701759","0.2410000000090804","87883776","149639168","2240408","765","770","{""Total"":765,""ByType"":{""ALPC Port"":9,""Desktop"":1,""Directory"":2,""EtwRegistration"":164,""Event"":224,""File"":154,""IRTimer"":6,""IoCompletion"":13,""Key"":63,""Mutant"":18,""SchedulerSharedData"":1,""Section"":35,""Semaphore"":16,""Thread"":23,""TpWorkerFactory"":3,""WaitCompletionPacket"":31,""WindowStation"":2}}","{""Total"":770,""ByType"":{""ALPC Port"":9,""Desktop"":1,""Directory"":2,""EtwRegistration"":164,""Event"":227,""File"":154,""IRTimer"":6,""IoCompletion"":14,""Key"":63,""Mutant"":18,""SchedulerSharedData"":1,""Section"":35,""Semaphore"":16,""Thread"":24,""TpWorkerFactory"":3,""WaitCompletionPacket"":31,""WindowStation"":2}}","{""CodexStarts"":6,""CodexQuotaRequests"":6,""ClaudeLiveRequests"":6,""CursorUsageRequests"":3,""CursorHttpRequests"":9,""ClaudeAuthCalls"":2,""ClaudeHistoryReadCalls"":148,""Changed"":30,""SyntheticRequestMilliseconds"":352.7676,""ObservationAcceptedSnapshots"":15,""ObservationIgnoredSnapshots"":6,""ObservationLoadAttempts"":5,""ObservationSaveAttempts"":15,""ObservationSavedFiles"":15,""ObservationEpochWrites"":6,""ObservationFailures"":0,""ObservationPublishedRevisions"":18}","{""CodexStarts"":6,""CodexQuotaRequests"":6,""ClaudeLiveRequests"":6,""CursorUsageRequests"":3,""CursorHttpRequests"":9,""ClaudeAuthCalls"":2,""ClaudeHistoryReadCalls"":178,""Changed"":30,""SyntheticRequestMilliseconds"":352.7676,""ObservationAcceptedSnapshots"":15,""ObservationIgnoredSnapshots"":6,""ObservationLoadAttempts"":5,""ObservationSaveAttempts"":15,""ObservationSavedFiles"":15,""ObservationEpochWrites"":6,""ObservationFailures"":0,""ObservationPublishedRevisions"":18}","{""CodexStarts"":0.0,""CodexQuotaRequests"":0.0,""ClaudeLiveRequests"":0.0,""CursorUsageRequests"":0.0,""CursorHttpRequests"":0.0,""ClaudeAuthCalls"":0.0,""ClaudeHistoryReadCalls"":30.0,""Changed"":0.0,""SyntheticRequestMilliseconds"":0.0,""ObservationAcceptedSnapshots"":0.0,""ObservationIgnoredSnapshots"":0.0,""ObservationLoadAttempts"":0.0,""ObservationSaveAttempts"":0.0,""ObservationSavedFiles"":0.0,""ObservationEpochWrites"":0.0,""ObservationFailures"":0.0,""ObservationPublishedRevisions"":0.0}","{""Observations"":114,""AccountRows"":5,""RowAvatars"":5,""SelectedAvatars"":1,""WidgetAvatars"":5,""FlyoutDetailRows"":6,""TrayIcons"":4}","{""Observations"":129,""AccountRows"":5,""RowAvatars"":5,""SelectedAvatars"":1,""WidgetAvatars"":5,""FlyoutDetailRows"":6,""TrayIcons"":4}","{""ui"":15.625,""thread-48812"":15.625,""thread-48768"":15.625,""rest"":0}"
"6","fixed","post-refresh-widget","30","60","30000.6166","453.125","1.510385623207491","2498481956","46424492","1","0.5817749999943771","0.8558999999950174","0.08879999998462149","0.14400000000023283","96690176","159907840","2753480","776","771","{""Total"":777,""ByType"":{""ALPC Port"":9,""Desktop"":1,""Directory"":2,""EtwRegistration"":164,""Event"":231,""File"":155,""IRTimer"":6,""IoCompletion"":14,""Key"":63,""Mutant"":18,""SchedulerSharedData"":1,""Section"":35,""Semaphore"":16,""Thread"":26,""TpWorkerFactory"":3,""WaitCompletionPacket"":31,""WindowStation"":2}}","{""Total"":771,""ByType"":{""ALPC Port"":9,""Desktop"":1,""Directory"":2,""EtwRegistration"":164,""Event"":228,""File"":154,""IRTimer"":6,""IoCompletion"":13,""Key"":63,""Mutant"":18,""SchedulerSharedData"":1,""Section"":35,""Semaphore"":16,""Thread"":25,""TpWorkerFactory"":3,""WaitCompletionPacket"":31,""WindowStation"":2}}","{""CodexStarts"":8,""CodexQuotaRequests"":8,""ClaudeLiveRequests"":8,""CursorUsageRequests"":4,""CursorHttpRequests"":12,""ClaudeAuthCalls"":4,""ClaudeHistoryReadCalls"":182,""Changed"":41,""SyntheticRequestMilliseconds"":487.4737,""ObservationAcceptedSnapshots"":22,""ObservationIgnoredSnapshots"":8,""ObservationLoadAttempts"":5,""ObservationSaveAttempts"":22,""ObservationSavedFiles"":22,""ObservationEpochWrites"":6,""ObservationFailures"":0,""ObservationPublishedRevisions"":25}","{""CodexStarts"":8,""CodexQuotaRequests"":8,""ClaudeLiveRequests"":8,""CursorUsageRequests"":4,""CursorHttpRequests"":12,""ClaudeAuthCalls"":4,""ClaudeHistoryReadCalls"":212,""Changed"":41,""SyntheticRequestMilliseconds"":487.4737,""ObservationAcceptedSnapshots"":22,""ObservationIgnoredSnapshots"":8,""ObservationLoadAttempts"":5,""ObservationSaveAttempts"":22,""ObservationSavedFiles"":22,""ObservationEpochWrites"":6,""ObservationFailures"":0,""ObservationPublishedRevisions"":25}","{""CodexStarts"":0.0,""CodexQuotaRequests"":0.0,""ClaudeLiveRequests"":0.0,""CursorUsageRequests"":0.0,""CursorHttpRequests"":0.0,""ClaudeAuthCalls"":0.0,""ClaudeHistoryReadCalls"":30.0,""Changed"":0.0,""SyntheticRequestMilliseconds"":0.0,""ObservationAcceptedSnapshots"":0.0,""ObservationIgnoredSnapshots"":0.0,""ObservationLoadAttempts"":0.0,""ObservationSaveAttempts"":0.0,""ObservationSavedFiles"":0.0,""ObservationEpochWrites"":0.0,""ObservationFailures"":0.0,""ObservationPublishedRevisions"":0.0}","{""Observations"":143,""AccountRows"":5,""RowAvatars"":5,""SelectedAvatars"":1,""WidgetAvatars"":5,""FlyoutDetailRows"":6,""TrayIcons"":5}","{""Observations"":159,""AccountRows"":5,""RowAvatars"":5,""SelectedAvatars"":1,""WidgetAvatars"":5,""FlyoutDetailRows"":6,""TrayIcons"":5}","{""ui"":0,""rest"":0}"
"6","fixed","tray-after-refresh","30","60","29999.22860000001","78.125","0.2604233630194077","484967295","40785880","11","0.7033199999757925","1.3429999999934807","0.10831000001344353","0.1992000000027474","97751040","159371264","3843960","774","784","{""Total"":774,""ByType"":{""ALPC Port"":9,""Desktop"":1,""Directory"":2,""EtwRegistration"":164,""Event"":230,""File"":154,""IRTimer"":6,""IoCompletion"":13,""Key"":63,""Mutant"":18,""SchedulerSharedData"":1,""Section"":35,""Semaphore"":16,""Thread"":26,""TpWorkerFactory"":3,""WaitCompletionPacket"":31,""WindowStation"":2}}","{""Total"":784,""ByType"":{""ALPC Port"":9,""Desktop"":1,""Directory"":2,""EtwRegistration"":164,""Event"":236,""File"":154,""IRTimer"":6,""IoCompletion"":15,""Key"":63,""Mutant"":18,""SchedulerSharedData"":1,""Section"":35,""Semaphore"":16,""Thread"":28,""TpWorkerFactory"":3,""WaitCompletionPacket"":31,""WindowStation"":2}}","{""CodexStarts"":8,""CodexQuotaRequests"":8,""ClaudeLiveRequests"":8,""CursorUsageRequests"":4,""CursorHttpRequests"":12,""ClaudeAuthCalls"":4,""ClaudeHistoryReadCalls"":212,""Changed"":41,""SyntheticRequestMilliseconds"":487.4737,""ObservationAcceptedSnapshots"":22,""ObservationIgnoredSnapshots"":8,""ObservationLoadAttempts"":5,""ObservationSaveAttempts"":22,""ObservationSavedFiles"":22,""ObservationEpochWrites"":6,""ObservationFailures"":0,""ObservationPublishedRevisions"":25}","{""CodexStarts"":10,""CodexQuotaRequests"":10,""ClaudeLiveRequests"":10,""CursorUsageRequests"":5,""CursorHttpRequests"":15,""ClaudeAuthCalls"":4,""ClaudeHistoryReadCalls"":244,""Changed"":50,""SyntheticRequestMilliseconds"":597.4639,""ObservationAcceptedSnapshots"":27,""ObservationIgnoredSnapshots"":10,""ObservationLoadAttempts"":5,""ObservationSaveAttempts"":27,""ObservationSavedFiles"":27,""ObservationEpochWrites"":6,""ObservationFailures"":0,""ObservationPublishedRevisions"":30}","{""CodexStarts"":2.0,""CodexQuotaRequests"":2.0,""ClaudeLiveRequests"":2.0,""CursorUsageRequests"":1.0,""CursorHttpRequests"":3.0,""ClaudeAuthCalls"":0.0,""ClaudeHistoryReadCalls"":32.0,""Changed"":9.0,""SyntheticRequestMilliseconds"":109.99019999999996,""ObservationAcceptedSnapshots"":5.0,""ObservationIgnoredSnapshots"":2.0,""ObservationLoadAttempts"":0.0,""ObservationSaveAttempts"":5.0,""ObservationSavedFiles"":5.0,""ObservationEpochWrites"":0.0,""ObservationFailures"":0.0,""ObservationPublishedRevisions"":5.0}","{""Observations"":160,""AccountRows"":5,""RowAvatars"":5,""SelectedAvatars"":1,""WidgetAvatars"":5,""FlyoutDetailRows"":6,""TrayIcons"":5}","{""Observations"":186,""AccountRows"":5,""RowAvatars"":5,""SelectedAvatars"":1,""WidgetAvatars"":5,""FlyoutDetailRows"":6,""TrayIcons"":6}","{""ui"":15.625,""thread-39900"":15.625,""thread-43020"":15.625,""thread-36344"":15.625,""thread-51944"":15.625,""rest"":0}"
"6","fixed","widget-after-churn","30","60","30001.03249999998","0","0","296362388","41361015","1","0.5838599999915455","0.7716999999829568","0.07855000000708966","0.11680000001797453","107991040","203368448","2530088","750","745","{""Total"":750,""ByType"":{""ALPC Port"":9,""Desktop"":1,""Directory"":2,""EtwRegistration"":164,""Event"":217,""File"":154,""IRTimer"":6,""IoCompletion"":15,""Key"":58,""Mutant"":18,""SchedulerSharedData"":1,""Section"":35,""Semaphore"":16,""Thread"":18,""TpWorkerFactory"":3,""WaitCompletionPacket"":31,""WindowStation"":2}}","{""Total"":745,""ByType"":{""ALPC Port"":9,""Desktop"":1,""Directory"":2,""EtwRegistration"":164,""Event"":214,""File"":154,""IRTimer"":6,""IoCompletion"":13,""Key"":58,""Mutant"":18,""SchedulerSharedData"":1,""Section"":35,""Semaphore"":16,""Thread"":18,""TpWorkerFactory"":3,""WaitCompletionPacket"":31,""WindowStation"":2}}","{""CodexStarts"":10,""CodexQuotaRequests"":10,""ClaudeLiveRequests"":10,""CursorUsageRequests"":5,""CursorHttpRequests"":15,""ClaudeAuthCalls"":4,""ClaudeHistoryReadCalls"":250,""Changed"":60,""SyntheticRequestMilliseconds"":597.4639,""ObservationAcceptedSnapshots"":27,""ObservationIgnoredSnapshots"":10,""ObservationLoadAttempts"":5,""ObservationSaveAttempts"":27,""ObservationSavedFiles"":27,""ObservationEpochWrites"":6,""ObservationFailures"":0,""ObservationPublishedRevisions"":30}","{""CodexStarts"":10,""CodexQuotaRequests"":10,""ClaudeLiveRequests"":10,""CursorUsageRequests"":5,""CursorHttpRequests"":15,""ClaudeAuthCalls"":4,""ClaudeHistoryReadCalls"":280,""Changed"":60,""SyntheticRequestMilliseconds"":597.4639,""ObservationAcceptedSnapshots"":27,""ObservationIgnoredSnapshots"":10,""ObservationLoadAttempts"":5,""ObservationSaveAttempts"":27,""ObservationSavedFiles"":27,""ObservationEpochWrites"":6,""ObservationFailures"":0,""ObservationPublishedRevisions"":30}","{""CodexStarts"":0.0,""CodexQuotaRequests"":0.0,""ClaudeLiveRequests"":0.0,""CursorUsageRequests"":0.0,""CursorHttpRequests"":0.0,""ClaudeAuthCalls"":0.0,""ClaudeHistoryReadCalls"":30.0,""Changed"":0.0,""SyntheticRequestMilliseconds"":0.0,""ObservationAcceptedSnapshots"":0.0,""ObservationIgnoredSnapshots"":0.0,""ObservationLoadAttempts"":0.0,""ObservationSaveAttempts"":0.0,""ObservationSavedFiles"":0.0,""ObservationEpochWrites"":0.0,""ObservationFailures"":0.0,""ObservationPublishedRevisions"":0.0}","{""Observations"":205,""AccountRows"":5,""RowAvatars"":28,""SelectedAvatars"":8,""WidgetAvatars"":5,""FlyoutDetailRows"":64,""TrayIcons"":16}","{""Observations"":221,""AccountRows"":5,""RowAvatars"":30,""SelectedAvatars"":9,""WidgetAvatars"":5,""FlyoutDetailRows"":70,""TrayIcons"":16}","{""ui"":0,""rest"":0}"
