"Pair","Phase","OptimizedOrder","FixedOrder","ComparisonEligible","ComparisonReasons","CounterEquivalenceBefore","CounterEquivalenceAfter","PassiveTicksEqual","ProcessCyclesDeltaOptimized","ProcessCyclesDeltaFixed","ProcessCyclesDeltaDelta","ProcessCyclesDeltaRatio","ProcessCyclesDeltaPercentChange","UiThreadCyclesDeltaOptimized","UiThreadCyclesDeltaFixed","UiThreadCyclesDeltaDelta","UiThreadCyclesDeltaRatio","UiThreadCyclesDeltaPercentChange","RefreshSnapshotCallsDeltaOptimized","RefreshSnapshotCallsDeltaFixed","RefreshSnapshotCallsDeltaDelta","RefreshSnapshotCallsDeltaRatio","RefreshSnapshotCallsDeltaPercentChange","CpuMillisecondsOptimized","CpuMillisecondsFixed","CpuMillisecondsDelta","CpuMillisecondsRatio","CpuMillisecondsPercentChange","CpuOneCorePercentOptimized","CpuOneCorePercentFixed","CpuOneCorePercentDelta","CpuOneCorePercentRatio","CpuOneCorePercentPercentChange","UiDueP95MillisecondsOptimized","UiDueP95MillisecondsFixed","UiDueP95MillisecondsDelta","UiDueP95MillisecondsRatio","UiDueP95MillisecondsPercentChange","UiDueMaxMillisecondsOptimized","UiDueMaxMillisecondsFixed","UiDueMaxMillisecondsDelta","UiDueMaxMillisecondsRatio","UiDueMaxMillisecondsPercentChange","UiQueueP95MillisecondsOptimized","UiQueueP95MillisecondsFixed","UiQueueP95MillisecondsDelta","UiQueueP95MillisecondsRatio","UiQueueP95MillisecondsPercentChange","UiQueueMaxMillisecondsOptimized","UiQueueMaxMillisecondsFixed","UiQueueMaxMillisecondsDelta","UiQueueMaxMillisecondsRatio","UiQueueMaxMillisecondsPercentChange","MedianPrivateWorkingSetBytesOptimized","MedianPrivateWorkingSetBytesFixed","MedianPrivateWorkingSetBytesDelta","MedianPrivateWorkingSetBytesRatio","MedianPrivateWorkingSetBytesPercentChange","MedianPrivateBytesOptimized","MedianPrivateBytesFixed","MedianPrivateBytesDelta","MedianPrivateBytesRatio","MedianPrivateBytesPercentChange","AllocatedBytesApproxDeltaOptimized","AllocatedBytesApproxDeltaFixed","AllocatedBytesApproxDeltaDelta","AllocatedBytesApproxDeltaRatio","AllocatedBytesApproxDeltaPercentChange","HandleCountStartOptimized","HandleCountStartFixed","HandleCountStartDelta","HandleCountStartRatio","HandleCountStartPercentChange","HandleCountEndOptimized","HandleCountEndFixed","HandleCountEndDelta","HandleCountEndRatio","HandleCountEndPercentChange"
"1","warmup","1","2","True","[]","{""Changed"":{""Optimized"":12,""Fixed"":12,""Equal"":true},""ClaudeAuthCalls"":{""Optimized"":2,""Fixed"":2,""Equal"":true},""ClaudeHistoryReadCalls"":{""Optimized"":4,""Fixed"":4,""Equal"":true},""ClaudeLiveRequests"":{""Optimized"":2,""Fixed"":2,""Equal"":true},""CodexQuotaRequests"":{""Optimized"":2,""Fixed"":2,""Equal"":true},""CodexStarts"":{""Optimized"":2,""Fixed"":2,""Equal"":true},""CursorHttpRequests"":{""Optimized"":3,""Fixed"":3,""Equal"":true},""CursorUsageRequests"":{""Optimized"":1,""Fixed"":1,""Equal"":true},""ObservationAcceptedSnapshots"":{""Optimized"":5,""Fixed"":5,""Equal"":true},""ObservationEpochWrites"":{""Optimized"":6,""Fixed"":6,""Equal"":true},""ObservationFailures"":{""Optimized"":0,""Fixed"":0,""Equal"":true},""ObservationIgnoredSnapshots"":{""Optimized"":2,""Fixed"":2,""Equal"":true},""ObservationLoadAttempts"":{""Optimized"":5,""Fixed"":5,""Equal"":true},""ObservationPublishedRevisions"":{""Optimized"":8,""Fixed"":8,""Equal"":true},""ObservationSaveAttempts"":{""Optimized"":5,""Fixed"":5,""Equal"":true},""ObservationSavedFiles"":{""Optimized"":5,""Fixed"":5,""Equal"":true},""SyntheticRequestMilliseconds"":{""Optimized"":130.1142,""Fixed"":127.8446,""Equal"":false}}","{""Changed"":{""Optimized"":12,""Fixed"":12,""Equal"":true},""ClaudeAuthCalls"":{""Optimized"":2,""Fixed"":2,""Equal"":true},""ClaudeHistoryReadCalls"":{""Optimized"":24,""Fixed"":24,""Equal"":true},""ClaudeLiveRequests"":{""Optimized"":2,""Fixed"":2,""Equal"":true},""CodexQuotaRequests"":{""Optimized"":2,""Fixed"":2,""Equal"":true},""CodexStarts"":{""Optimized"":2,""Fixed"":2,""Equal"":true},""CursorHttpRequests"":{""Optimized"":3,""Fixed"":3,""Equal"":true},""CursorUsageRequests"":{""Optimized"":1,""Fixed"":1,""Equal"":true},""ObservationAcceptedSnapshots"":{""Optimized"":5,""Fixed"":5,""Equal"":true},""ObservationEpochWrites"":{""Optimized"":6,""Fixed"":6,""Equal"":true},""ObservationFailures"":{""Optimized"":0,""Fixed"":0,""Equal"":true},""ObservationIgnoredSnapshots"":{""Optimized"":2,""Fixed"":2,""Equal"":true},""ObservationLoadAttempts"":{""Optimized"":5,""Fixed"":5,""Equal"":true},""ObservationPublishedRevisions"":{""Optimized"":8,""Fixed"":8,""Equal"":true},""ObservationSaveAttempts"":{""Optimized"":5,""Fixed"":5,""Equal"":true},""ObservationSavedFiles"":{""Optimized"":5,""Fixed"":5,""Equal"":true},""SyntheticRequestMilliseconds"":{""Optimized"":130.1142,""Fixed"":127.8446,""Equal"":false}}","","4259336523","2696375545","-1562960978","0.6330506008247614","-36.69493991752386","30814711","33517663","2702952","1.0877162858999392","8.771628589993918","0","0","0","","","796.875","562.5","-234.375","0.7058823529411765","-29.411764705882348","3.98418397829916","2.8123141763407986","-1.1718698019583615","0.7058695561396664","-29.41304438603336","1.0794650000000046","0.7509550000017952","-0.3285099999982094","0.6956733196553774","-30.432668034462264","1.1729000000013912","0.9095000000015716","-0.26339999999981956","0.7754284252711168","-22.457157472888323","0.11922499999964183","0.09803500000034542","-0.02118999999929641","0.8222688194643735","-17.773118053562655","0.18979999999965003","0.49350000000004","0.30370000000039","2.600105374082982","160.0105374082982","24391680","21473280","-2918400","0.8803526448362721","-11.964735516372793","30683136","28059648","-2623488","0.9144973968762515","-8.550260312374846","1139448","1130344","-9104","0.9920101663261509","-0.7989833673849089","497","490","-7","0.9859154929577465","-1.4084507042253502","493","488","-5","0.9898580121703854","-1.0141987829614618"
"1","tray-idle","1","2","True","[]","{""Changed"":{""Optimized"":12,""Fixed"":12,""Equal"":true},""ClaudeAuthCalls"":{""Optimized"":2,""Fixed"":2,""Equal"":true},""ClaudeHistoryReadCalls"":{""Optimized"":24,""Fixed"":24,""Equal"":true},""ClaudeLiveRequests"":{""Optimized"":2,""Fixed"":2,""Equal"":true},""CodexQuotaRequests"":{""Optimized"":2,""Fixed"":2,""Equal"":true},""CodexStarts"":{""Optimized"":2,""Fixed"":2,""Equal"":true},""CursorHttpRequests"":{""Optimized"":3,""Fixed"":3,""Equal"":true},""CursorUsageRequests"":{""Optimized"":1,""Fixed"":1,""Equal"":true},""ObservationAcceptedSnapshots"":{""Optimized"":5,""Fixed"":5,""Equal"":true},""ObservationEpochWrites"":{""Optimized"":6,""Fixed"":6,""Equal"":true},""ObservationFailures"":{""Optimized"":0,""Fixed"":0,""Equal"":true},""ObservationIgnoredSnapshots"":{""Optimized"":2,""Fixed"":2,""Equal"":true},""ObservationLoadAttempts"":{""Optimized"":5,""Fixed"":5,""Equal"":true},""ObservationPublishedRevisions"":{""Optimized"":8,""Fixed"":8,""Equal"":true},""ObservationSaveAttempts"":{""Optimized"":5,""Fixed"":5,""Equal"":true},""ObservationSavedFiles"":{""Optimized"":5,""Fixed"":5,""Equal"":true},""SyntheticRequestMilliseconds"":{""Optimized"":130.1142,""Fixed"":127.8446,""Equal"":false}}","{""Changed"":{""Optimized"":12,""Fixed"":12,""Equal"":true},""ClaudeAuthCalls"":{""Optimized"":2,""Fixed"":2,""Equal"":true},""ClaudeHistoryReadCalls"":{""Optimized"":54,""Fixed"":54,""Equal"":true},""ClaudeLiveRequests"":{""Optimized"":2,""Fixed"":2,""Equal"":true},""CodexQuotaRequests"":{""Optimized"":2,""Fixed"":2,""Equal"":true},""CodexStarts"":{""Optimized"":2,""Fixed"":2,""Equal"":true},""CursorHttpRequests"":{""Optimized"":3,""Fixed"":3,""Equal"":true},""CursorUsageRequests"":{""Optimized"":1,""Fixed"":1,""Equal"":true},""ObservationAcceptedSnapshots"":{""Optimized"":5,""Fixed"":5,""Equal"":true},""ObservationEpochWrites"":{""Optimized"":6,""Fixed"":6,""Equal"":true},""ObservationFailures"":{""Optimized"":0,""Fixed"":0,""Equal"":true},""ObservationIgnoredSnapshots"":{""Optimized"":2,""Fixed"":2,""Equal"":true},""ObservationLoadAttempts"":{""Optimized"":5,""Fixed"":5,""Equal"":true},""ObservationPublishedRevisions"":{""Optimized"":8,""Fixed"":8,""Equal"":true},""ObservationSaveAttempts"":{""Optimized"":5,""Fixed"":5,""Equal"":true},""ObservationSavedFiles"":{""Optimized"":5,""Fixed"":5,""Equal"":true},""SyntheticRequestMilliseconds"":{""Optimized"":130.1142,""Fixed"":127.8446,""Equal"":false}}","","1539399475","861907446","-677492029","0.5598984928847011","-44.010150711529896","23156652","22374669","-781983","0.9662307400914433","-3.3769259908556726","0","0","0","","","234.375","93.75","-140.625","0.4","-60","0.7812343023987505","0.31250573239681795","-0.4687285700019325","0.4000153749486945","-59.99846250513055","0.3919900000055349","0.46774499999992253","0.07575499999438762","1.1932574810411438","19.325748104114382","0.7606000000014319","0.9385000000038417","0.1779000000024098","1.2338942939811661","23.38942939811661","0.06204000000507221","0.07238999999972293","0.010349999994650715","1.1668278528982032","16.682785289820323","0.0878999999986263","0.10489999999845168","0.016999999999825377","1.1934015927200348","19.340159272003476","25546752","23236608","-2310144","0.9095719095719096","-9.042809042809042","31920128","29585408","-2334720","0.926857436160657","-7.314256383934303","1630656","1626352","-4304","0.9973605714509989","-0.26394285490011216","493","488","-5","0.9898580121703854","-1.0141987829614618","494","489","-5","0.9898785425101214","-1.0121457489878583"
"1","widget-before-flyout","1","2","True","[]","{""Changed"":{""Optimized"":12,""Fixed"":12,""Equal"":true},""ClaudeAuthCalls"":{""Optimized"":2,""Fixed"":2,""Equal"":true},""ClaudeHistoryReadCalls"":{""Optimized"":54,""Fixed"":54,""Equal"":true},""ClaudeLiveRequests"":{""Optimized"":2,""Fixed"":2,""Equal"":true},""CodexQuotaRequests"":{""Optimized"":2,""Fixed"":2,""Equal"":true},""CodexStarts"":{""Optimized"":2,""Fixed"":2,""Equal"":true},""CursorHttpRequests"":{""Optimized"":3,""Fixed"":3,""Equal"":true},""CursorUsageRequests"":{""Optimized"":1,""Fixed"":1,""Equal"":true},""ObservationAcceptedSnapshots"":{""Optimized"":5,""Fixed"":5,""Equal"":true},""ObservationEpochWrites"":{""Optimized"":6,""Fixed"":6,""Equal"":true},""ObservationFailures"":{""Optimized"":0,""Fixed"":0,""Equal"":true},""ObservationIgnoredSnapshots"":{""Optimized"":2,""Fixed"":2,""Equal"":true},""ObservationLoadAttempts"":{""Optimized"":5,""Fixed"":5,""Equal"":true},""ObservationPublishedRevisions"":{""Optimized"":8,""Fixed"":8,""Equal"":true},""ObservationSaveAttempts"":{""Optimized"":5,""Fixed"":5,""Equal"":true},""ObservationSavedFiles"":{""Optimized"":5,""Fixed"":5,""Equal"":true},""SyntheticRequestMilliseconds"":{""Optimized"":130.1142,""Fixed"":127.8446,""Equal"":false}}","{""Changed"":{""Optimized"":21,""Fixed"":21,""Equal"":true},""ClaudeAuthCalls"":{""Optimized"":2,""Fixed"":2,""Equal"":true},""ClaudeHistoryReadCalls"":{""Optimized"":86,""Fixed"":86,""Equal"":true},""ClaudeLiveRequests"":{""Optimized"":4,""Fixed"":4,""Equal"":true},""CodexQuotaRequests"":{""Optimized"":4,""Fixed"":4,""Equal"":true},""CodexStarts"":{""Optimized"":4,""Fixed"":4,""Equal"":true},""CursorHttpRequests"":{""Optimized"":6,""Fixed"":6,""Equal"":true},""CursorUsageRequests"":{""Optimized"":2,""Fixed"":2,""Equal"":true},""ObservationAcceptedSnapshots"":{""Optimized"":10,""Fixed"":10,""Equal"":true},""ObservationEpochWrites"":{""Optimized"":6,""Fixed"":6,""Equal"":true},""ObservationFailures"":{""Optimized"":0,""Fixed"":0,""Equal"":true},""ObservationIgnoredSnapshots"":{""Optimized"":4,""Fixed"":4,""Equal"":true},""ObservationLoadAttempts"":{""Optimized"":5,""Fixed"":5,""Equal"":true},""ObservationPublishedRevisions"":{""Optimized"":13,""Fixed"":13,""Equal"":true},""ObservationSaveAttempts"":{""Optimized"":10,""Fixed"":10,""Equal"":true},""ObservationSavedFiles"":{""Optimized"":10,""Fixed"":10,""Equal"":true},""SyntheticRequestMilliseconds"":{""Optimized"":239.927,""Fixed"":240.4032,""Equal"":false}}","","7622713625","7190094129","-432619496","0.9432459990913012","-5.675400090869875","247119537","191349177","-55770360","0.7743182887235662","-22.568171127643378","12","12","0","1","0","1531.25","1421.875","-109.375","0.9285714285714286","-7.14285714285714","5.104057320745332","4.739521308797807","-0.36453601194752494","0.9285791696606","-7.142083033940006","0.7284850000032748","0.4807149999985993","-0.24777000000467547","0.6598831822157468","-34.01168177842532","1.6160000000018044","0.9091999999945983","-0.7068000000072061","0.5626237623722667","-43.737623762773325","0.08229999999712162","0.06974000000700471","-0.012559999990116907","0.8473876064330962","-15.261239356690382","0.27700000000186265","0.0801999999966938","-0.19680000000516884","0.289530685906695","-71.0469314093305","72417280","71643136","-774144","0.9893099547511313","-1.069004524886874","115120128","112779264","-2340864","0.9796659016918396","-2.0334098308160353","5033144","5177968","144824","1.0287740624945363","2.877406249453629","745","740","-5","0.9932885906040269","-0.6711409395973145","753","748","-5","0.9933598937583001","-0.6640106241699861"
"1","flyout-visible","1","2","True","[]","{""Changed"":{""Optimized"":21,""Fixed"":21,""Equal"":true},""ClaudeAuthCalls"":{""Optimized"":2,""Fixed"":2,""Equal"":true},""ClaudeHistoryReadCalls"":{""Optimized"":86,""Fixed"":86,""Equal"":true},""ClaudeLiveRequests"":{""Optimized"":4,""Fixed"":4,""Equal"":true},""CodexQuotaRequests"":{""Optimized"":4,""Fixed"":4,""Equal"":true},""CodexStarts"":{""Optimized"":4,""Fixed"":4,""Equal"":true},""CursorHttpRequests"":{""Optimized"":6,""Fixed"":6,""Equal"":true},""CursorUsageRequests"":{""Optimized"":2,""Fixed"":2,""Equal"":true},""ObservationAcceptedSnapshots"":{""Optimized"":10,""Fixed"":10,""Equal"":true},""ObservationEpochWrites"":{""Optimized"":6,""Fixed"":6,""Equal"":true},""ObservationFailures"":{""Optimized"":0,""Fixed"":0,""Equal"":true},""ObservationIgnoredSnapshots"":{""Optimized"":4,""Fixed"":4,""Equal"":true},""ObservationLoadAttempts"":{""Optimized"":5,""Fixed"":5,""Equal"":true},""ObservationPublishedRevisions"":{""Optimized"":13,""Fixed"":13,""Equal"":true},""ObservationSaveAttempts"":{""Optimized"":10,""Fixed"":10,""Equal"":true},""ObservationSavedFiles"":{""Optimized"":10,""Fixed"":10,""Equal"":true},""SyntheticRequestMilliseconds"":{""Optimized"":239.927,""Fixed"":240.4032,""Equal"":false}}","{""Changed"":{""Optimized"":21,""Fixed"":21,""Equal"":true},""ClaudeAuthCalls"":{""Optimized"":2,""Fixed"":2,""Equal"":true},""ClaudeHistoryReadCalls"":{""Optimized"":116,""Fixed"":116,""Equal"":true},""ClaudeLiveRequests"":{""Optimized"":4,""Fixed"":4,""Equal"":true},""CodexQuotaRequests"":{""Optimized"":4,""Fixed"":4,""Equal"":true},""CodexStarts"":{""Optimized"":4,""Fixed"":4,""Equal"":true},""CursorHttpRequests"":{""Optimized"":6,""Fixed"":6,""Equal"":true},""CursorUsageRequests"":{""Optimized"":2,""Fixed"":2,""Equal"":true},""ObservationAcceptedSnapshots"":{""Optimized"":10,""Fixed"":10,""Equal"":true},""ObservationEpochWrites"":{""Optimized"":6,""Fixed"":6,""Equal"":true},""ObservationFailures"":{""Optimized"":0,""Fixed"":0,""Equal"":true},""ObservationIgnoredSnapshots"":{""Optimized"":4,""Fixed"":4,""Equal"":true},""ObservationLoadAttempts"":{""Optimized"":5,""Fixed"":5,""Equal"":true},""ObservationPublishedRevisions"":{""Optimized"":13,""Fixed"":13,""Equal"":true},""ObservationSaveAttempts"":{""Optimized"":10,""Fixed"":10,""Equal"":true},""ObservationSavedFiles"":{""Optimized"":10,""Fixed"":10,""Equal"":true},""SyntheticRequestMilliseconds"":{""Optimized"":239.927,""Fixed"":240.4032,""Equal"":false}}","","6410418965","5841851468","-568567497","0.9113057196254567","-8.86942803745433","47014144","43893696","-3120448","0.9336274632587164","-6.637253674128363","0","0","0","","","1312.5","1171.875","-140.625","0.8928571428571429","-10.71428571428571","4.375127345373266","3.9062265756613006","-0.46890076971196537","0.892825800783186","-10.717419921681405","0.543594999997731","0.6858199999907809","0.14222499999304994","1.2616378001888238","26.163780018882377","0.8473000000085449","0.873699999996461","0.02639999998791609","1.0311577953353592","3.115779533535923","0.0771349999908125","0.062189999986730964","-0.014945000004081534","0.8062487845224395","-19.375121547756045","0.09979999999632128","0.07480000000214204","-0.024999999994179234","0.7494989980450826","-25.050100195491744","77107200","77516800","409600","1.00531208499336","0.5312084993359889","149123072","148865024","-258048","0.998269563545472","-0.17304364545279727","2241376","2169688","-71688","0.9680160758391274","-3.198392416087259","770","765","-5","0.9935064935064936","-0.649350649350644","769","761","-8","0.9895968790637191","-1.040312093628093"
"1","tray-after-flyout","1","2","True","[]","{""Changed"":{""Optimized"":21,""Fixed"":21,""Equal"":true},""ClaudeAuthCalls"":{""Optimized"":2,""Fixed"":2,""Equal"":true},""ClaudeHistoryReadCalls"":{""Optimized"":116,""Fixed"":116,""Equal"":true},""ClaudeLiveRequests"":{""Optimized"":4,""Fixed"":4,""Equal"":true},""CodexQuotaRequests"":{""Optimized"":4,""Fixed"":4,""Equal"":true},""CodexStarts"":{""Optimized"":4,""Fixed"":4,""Equal"":true},""CursorHttpRequests"":{""Optimized"":6,""Fixed"":6,""Equal"":true},""CursorUsageRequests"":{""Optimized"":2,""Fixed"":2,""Equal"":true},""ObservationAcceptedSnapshots"":{""Optimized"":10,""Fixed"":10,""Equal"":true},""ObservationEpochWrites"":{""Optimized"":6,""Fixed"":6,""Equal"":true},""ObservationFailures"":{""Optimized"":0,""Fixed"":0,""Equal"":true},""ObservationIgnoredSnapshots"":{""Optimized"":4,""Fixed"":4,""Equal"":true},""ObservationLoadAttempts"":{""Optimized"":5,""Fixed"":5,""Equal"":true},""ObservationPublishedRevisions"":{""Optimized"":13,""Fixed"":13,""Equal"":true},""ObservationSaveAttempts"":{""Optimized"":10,""Fixed"":10,""Equal"":true},""ObservationSavedFiles"":{""Optimized"":10,""Fixed"":10,""Equal"":true},""SyntheticRequestMilliseconds"":{""Optimized"":239.927,""Fixed"":240.4032,""Equal"":false}}","{""Changed"":{""Optimized"":30,""Fixed"":30,""Equal"":true},""ClaudeAuthCalls"":{""Optimized"":2,""Fixed"":2,""Equal"":true},""ClaudeHistoryReadCalls"":{""Optimized"":148,""Fixed"":148,""Equal"":true},""ClaudeLiveRequests"":{""Optimized"":6,""Fixed"":6,""Equal"":true},""CodexQuotaRequests"":{""Optimized"":6,""Fixed"":6,""Equal"":true},""CodexStarts"":{""Optimized"":6,""Fixed"":6,""Equal"":true},""CursorHttpRequests"":{""Optimized"":9,""Fixed"":9,""Equal"":true},""CursorUsageRequests"":{""Optimized"":3,""Fixed"":3,""Equal"":true},""ObservationAcceptedSnapshots"":{""Optimized"":15,""Fixed"":15,""Equal"":true},""ObservationEpochWrites"":{""Optimized"":6,""Fixed"":6,""Equal"":true},""ObservationFailures"":{""Optimized"":0,""Fixed"":0,""Equal"":true},""ObservationIgnoredSnapshots"":{""Optimized"":6,""Fixed"":6,""Equal"":true},""ObservationLoadAttempts"":{""Optimized"":5,""Fixed"":5,""Equal"":true},""ObservationPublishedRevisions"":{""Optimized"":18,""Fixed"":18,""Equal"":true},""ObservationSaveAttempts"":{""Optimized"":15,""Fixed"":15,""Equal"":true},""ObservationSavedFiles"":{""Optimized"":15,""Fixed"":15,""Equal"":true},""SyntheticRequestMilliseconds"":{""Optimized"":351.0643,""Fixed"":349.0883,""Equal"":false}}","","1337315452","1463557295","126241843","1.0943994498913485","9.439944989134851","46761287","46316585","-444702","0.990489953794471","-0.9510046205528977","12","12","0","1","0","203.125","250","46.875","1.2307692307692308","23.076923076923084","0.677082667535377","0.8333377111341086","0.15625504359873155","1.2307769067069898","23.07769067069898","0.673034999999072","0.7738699999914388","0.10083499999236678","1.149821331717527","14.982133171752698","0.8426000000035856","0.8492999999871245","0.0066999999835388735","1.0079515784280921","0.7951578428092132","0.06841499999936786","0.06331999998074025","-0.005095000018627602","0.9255280272063922","-7.447197279360784","0.08770000000367872","0.10850000000209548","0.02079999999841675","1.2371721778511318","23.717217785113178","79532032","79439872","-92160","0.9988412216099295","-0.11587783900705029","150331392","150159360","-172032","0.998855648193559","-0.1144351806441013","3727808","3704192","-23616","0.9936649097807613","-0.6335090219238726","769","761","-8","0.9895968790637191","-1.040312093628093","768","760","-8","0.9895833333333334","-1.041666666666663"
"1","widget-visible","1","2","True","[]","{""Changed"":{""Optimized"":30,""Fixed"":30,""Equal"":true},""ClaudeAuthCalls"":{""Optimized"":2,""Fixed"":2,""Equal"":true},""ClaudeHistoryReadCalls"":{""Optimized"":148,""Fixed"":148,""Equal"":true},""ClaudeLiveRequests"":{""Optimized"":6,""Fixed"":6,""Equal"":true},""CodexQuotaRequests"":{""Optimized"":6,""Fixed"":6,""Equal"":true},""CodexStarts"":{""Optimized"":6,""Fixed"":6,""Equal"":true},""CursorHttpRequests"":{""Optimized"":9,""Fixed"":9,""Equal"":true},""CursorUsageRequests"":{""Optimized"":3,""Fixed"":3,""Equal"":true},""ObservationAcceptedSnapshots"":{""Optimized"":15,""Fixed"":15,""Equal"":true},""ObservationEpochWrites"":{""Optimized"":6,""Fixed"":6,""Equal"":true},""ObservationFailures"":{""Optimized"":0,""Fixed"":0,""Equal"":true},""ObservationIgnoredSnapshots"":{""Optimized"":6,""Fixed"":6,""Equal"":true},""ObservationLoadAttempts"":{""Optimized"":5,""Fixed"":5,""Equal"":true},""ObservationPublishedRevisions"":{""Optimized"":18,""Fixed"":18,""Equal"":true},""ObservationSaveAttempts"":{""Optimized"":15,""Fixed"":15,""Equal"":true},""ObservationSavedFiles"":{""Optimized"":15,""Fixed"":15,""Equal"":true},""SyntheticRequestMilliseconds"":{""Optimized"":351.0643,""Fixed"":349.0883,""Equal"":false}}","{""Changed"":{""Optimized"":30,""Fixed"":30,""Equal"":true},""ClaudeAuthCalls"":{""Optimized"":2,""Fixed"":2,""Equal"":true},""ClaudeHistoryReadCalls"":{""Optimized"":178,""Fixed"":178,""Equal"":true},""ClaudeLiveRequests"":{""Optimized"":6,""Fixed"":6,""Equal"":true},""CodexQuotaRequests"":{""Optimized"":6,""Fixed"":6,""Equal"":true},""CodexStarts"":{""Optimized"":6,""Fixed"":6,""Equal"":true},""CursorHttpRequests"":{""Optimized"":9,""Fixed"":9,""Equal"":true},""CursorUsageRequests"":{""Optimized"":3,""Fixed"":3,""Equal"":true},""ObservationAcceptedSnapshots"":{""Optimized"":15,""Fixed"":15,""Equal"":true},""ObservationEpochWrites"":{""Optimized"":6,""Fixed"":6,""Equal"":true},""ObservationFailures"":{""Optimized"":0,""Fixed"":0,""Equal"":true},""ObservationIgnoredSnapshots"":{""Optimized"":6,""Fixed"":6,""Equal"":true},""ObservationLoadAttempts"":{""Optimized"":5,""Fixed"":5,""Equal"":true},""ObservationPublishedRevisions"":{""Optimized"":18,""Fixed"":18,""Equal"":true},""ObservationSaveAttempts"":{""Optimized"":15,""Fixed"":15,""Equal"":true},""ObservationSavedFiles"":{""Optimized"":15,""Fixed"":15,""Equal"":true},""SyntheticRequestMilliseconds"":{""Optimized"":351.0643,""Fixed"":349.0883,""Equal"":false}}","","842557079","739334457","-103222622","0.8774888674337517","-12.251113256624835","33555183","32801352","-753831","0.9775345883227637","-2.2465411677236258","0","0","0","","","156.25","125","-31.25","0.8","-19.999999999999996","0.5208376736472803","0.41665313516168045","-0.10418453848559983","0.799967353060264","-20.0032646939736","0.7969150000062655","0.5538949999900066","-0.2430200000162589","0.695049032814857","-30.495096718514304","0.940600000001723","0.8077999999804888","-0.13280000002123415","0.8588135232606944","-14.118647673930562","0.06291999998938991","0.07636999998212558","0.013449999992735676","1.2137635091386478","21.376350913864783","0.08559999999124557","0.2086999999883119","0.12309999999706633","2.438084112262336","143.80841122623357","82759680","82792448","32768","1.0003959415986141","0.03959415986141135","154015744","153112576","-903168","0.9941358722391394","-0.5864127760860649","2284176","2238296","-45880","0.9799139821099601","-2.008601789003994","771","763","-8","0.9896238651102465","-1.037613488975353","776","768","-8","0.9896907216494846","-1.0309278350515427"
"1","post-refresh-widget","1","2","True","[]","{""Changed"":{""Optimized"":41,""Fixed"":41,""Equal"":true},""ClaudeAuthCalls"":{""Optimized"":4,""Fixed"":4,""Equal"":true},""ClaudeHistoryReadCalls"":{""Optimized"":182,""Fixed"":182,""Equal"":true},""ClaudeLiveRequests"":{""Optimized"":8,""Fixed"":8,""Equal"":true},""CodexQuotaRequests"":{""Optimized"":8,""Fixed"":8,""Equal"":true},""CodexStarts"":{""Optimized"":8,""Fixed"":8,""Equal"":true},""CursorHttpRequests"":{""Optimized"":12,""Fixed"":12,""Equal"":true},""CursorUsageRequests"":{""Optimized"":4,""Fixed"":4,""Equal"":true},""ObservationAcceptedSnapshots"":{""Optimized"":22,""Fixed"":22,""Equal"":true},""ObservationEpochWrites"":{""Optimized"":6,""Fixed"":6,""Equal"":true},""ObservationFailures"":{""Optimized"":0,""Fixed"":0,""Equal"":true},""ObservationIgnoredSnapshots"":{""Optimized"":8,""Fixed"":8,""Equal"":true},""ObservationLoadAttempts"":{""Optimized"":5,""Fixed"":5,""Equal"":true},""ObservationPublishedRevisions"":{""Optimized"":25,""Fixed"":25,""Equal"":true},""ObservationSaveAttempts"":{""Optimized"":22,""Fixed"":22,""Equal"":true},""ObservationSavedFiles"":{""Optimized"":22,""Fixed"":22,""Equal"":true},""SyntheticRequestMilliseconds"":{""Optimized"":480.8748,""Fixed"":480.1357,""Equal"":false}}","{""Changed"":{""Optimized"":41,""Fixed"":41,""Equal"":true},""ClaudeAuthCalls"":{""Optimized"":4,""Fixed"":4,""Equal"":true},""ClaudeHistoryReadCalls"":{""Optimized"":212,""Fixed"":212,""Equal"":true},""ClaudeLiveRequests"":{""Optimized"":8,""Fixed"":8,""Equal"":true},""CodexQuotaRequests"":{""Optimized"":8,""Fixed"":8,""Equal"":true},""CodexStarts"":{""Optimized"":8,""Fixed"":8,""Equal"":true},""CursorHttpRequests"":{""Optimized"":12,""Fixed"":12,""Equal"":true},""CursorUsageRequests"":{""Optimized"":4,""Fixed"":4,""Equal"":true},""ObservationAcceptedSnapshots"":{""Optimized"":22,""Fixed"":22,""Equal"":true},""ObservationEpochWrites"":{""Optimized"":6,""Fixed"":6,""Equal"":true},""ObservationFailures"":{""Optimized"":0,""Fixed"":0,""Equal"":true},""ObservationIgnoredSnapshots"":{""Optimized"":8,""Fixed"":8,""Equal"":true},""ObservationLoadAttempts"":{""Optimized"":5,""Fixed"":5,""Equal"":true},""ObservationPublishedRevisions"":{""Optimized"":25,""Fixed"":25,""Equal"":true},""ObservationSaveAttempts"":{""Optimized"":22,""Fixed"":22,""Equal"":true},""ObservationSavedFiles"":{""Optimized"":22,""Fixed"":22,""Equal"":true},""SyntheticRequestMilliseconds"":{""Optimized"":480.8748,""Fixed"":480.1357,""Equal"":false}}","","3411583253","2593821819","-817761434","0.7602985554343733","-23.97014445656267","47287159","47710283","423124","1.0089479683057296","0.8947968305729637","1","1","0","1","0","656.25","500","-156.25","0.7619047619047619","-23.809523809523814","2.187493597935404","1.6667320914570303","-0.5207615064783739","0.7619369003091584","-23.80630996908416","0.5756350000156087","0.6189450000005309","0.04330999998492213","1.0752386494631976","7.523864946319758","0.9478999999992084","0.864899999985937","-0.08300000001327135","0.9124380208742054","-8.756197912579456","0.06325500000384636","0.06660499999125022","0.0033499999874038594","1.0529602400948566","5.296024009485656","0.08410000000731088","0.06799999999930151","-0.016100000008009374","0.8085612365444734","-19.143876345552655","96491520","90898432","-5593088","0.9420354451873076","-5.796455481269236","166559744","160423936","-6135808","0.9631615187881173","-3.683848121188271","2772928","2760088","-12840","0.9953695155445796","-0.46304844554203584","779","776","-3","0.9961489088575096","-0.38510911424903815","774","769","-5","0.9935400516795866","-0.6459948320413411"
"1","tray-after-refresh","1","2","True","[]","{""Changed"":{""Optimized"":41,""Fixed"":41,""Equal"":true},""ClaudeAuthCalls"":{""Optimized"":4,""Fixed"":4,""Equal"":true},""ClaudeHistoryReadCalls"":{""Optimized"":212,""Fixed"":212,""Equal"":true},""ClaudeLiveRequests"":{""Optimized"":8,""Fixed"":8,""Equal"":true},""CodexQuotaRequests"":{""Optimized"":8,""Fixed"":8,""Equal"":true},""CodexStarts"":{""Optimized"":8,""Fixed"":8,""Equal"":true},""CursorHttpRequests"":{""Optimized"":12,""Fixed"":12,""Equal"":true},""CursorUsageRequests"":{""Optimized"":4,""Fixed"":4,""Equal"":true},""ObservationAcceptedSnapshots"":{""Optimized"":22,""Fixed"":22,""Equal"":true},""ObservationEpochWrites"":{""Optimized"":6,""Fixed"":6,""Equal"":true},""ObservationFailures"":{""Optimized"":0,""Fixed"":0,""Equal"":true},""ObservationIgnoredSnapshots"":{""Optimized"":8,""Fixed"":8,""Equal"":true},""ObservationLoadAttempts"":{""Optimized"":5,""Fixed"":5,""Equal"":true},""ObservationPublishedRevisions"":{""Optimized"":25,""Fixed"":25,""Equal"":true},""ObservationSaveAttempts"":{""Optimized"":22,""Fixed"":22,""Equal"":true},""ObservationSavedFiles"":{""Optimized"":22,""Fixed"":22,""Equal"":true},""SyntheticRequestMilliseconds"":{""Optimized"":480.8748,""Fixed"":480.1357,""Equal"":false}}","{""Changed"":{""Optimized"":50,""Fixed"":50,""Equal"":true},""ClaudeAuthCalls"":{""Optimized"":4,""Fixed"":4,""Equal"":true},""ClaudeHistoryReadCalls"":{""Optimized"":244,""Fixed"":244,""Equal"":true},""ClaudeLiveRequests"":{""Optimized"":10,""Fixed"":10,""Equal"":true},""CodexQuotaRequests"":{""Optimized"":10,""Fixed"":10,""Equal"":true},""CodexStarts"":{""Optimized"":10,""Fixed"":10,""Equal"":true},""CursorHttpRequests"":{""Optimized"":15,""Fixed"":15,""Equal"":true},""CursorUsageRequests"":{""Optimized"":5,""Fixed"":5,""Equal"":true},""ObservationAcceptedSnapshots"":{""Optimized"":27,""Fixed"":27,""Equal"":true},""ObservationEpochWrites"":{""Optimized"":6,""Fixed"":6,""Equal"":true},""ObservationFailures"":{""Optimized"":0,""Fixed"":0,""Equal"":true},""ObservationIgnoredSnapshots"":{""Optimized"":10,""Fixed"":10,""Equal"":true},""ObservationLoadAttempts"":{""Optimized"":5,""Fixed"":5,""Equal"":true},""ObservationPublishedRevisions"":{""Optimized"":30,""Fixed"":30,""Equal"":true},""ObservationSaveAttempts"":{""Optimized"":27,""Fixed"":27,""Equal"":true},""ObservationSavedFiles"":{""Optimized"":27,""Fixed"":27,""Equal"":true},""SyntheticRequestMilliseconds"":{""Optimized"":590.0436,""Fixed"":592.4411,""Equal"":false}}","","459778982","446276427","-13502555","0.9706325092520215","-2.936749074797851","38107344","40207968","2100624","1.0551238627388988","5.51238627388988","11","11","0","1","0","46.875","109.375","62.5","2.3333333333333335","133.33333333333334","0.15624331486936782","0.3645908244594734","0.20834750959010556","2.333481114147515","133.3481114147515","0.4681150000178601","0.5337199999979928","0.0656049999801327","1.1401471860069206","14.014718600692056","0.8237000000081025","0.7290999999968335","-0.094600000011269","0.8851523612840373","-11.484763871596272","0.07237499999610007","0.06531999998405807","-0.007055000012041998","0.9025215887748234","-9.747841122517665","0.10949999999138527","0.07970000000204891","-0.029799999989336357","0.727853881354513","-27.2146118645487","92786688","92780544","-6144","0.9999337836048205","-0.006621639517945255","162643968","162304000","-339968","0.9979097411101038","-0.20902588898962238","3797256","3815416","18160","1.0047824007651842","0.4782400765184214","777","772","-5","0.9935649935649936","-0.6435006435006385","786","782","-4","0.9949109414758269","-0.5089058524173073"
"1","widget-after-churn","1","2","True","[]","{""Changed"":{""Optimized"":60,""Fixed"":60,""Equal"":true},""ClaudeAuthCalls"":{""Optimized"":4,""Fixed"":4,""Equal"":true},""ClaudeHistoryReadCalls"":{""Optimized"":250,""Fixed"":250,""Equal"":true},""ClaudeLiveRequests"":{""Optimized"":10,""Fixed"":10,""Equal"":true},""CodexQuotaRequests"":{""Optimized"":10,""Fixed"":10,""Equal"":true},""CodexStarts"":{""Optimized"":10,""Fixed"":10,""Equal"":true},""CursorHttpRequests"":{""Optimized"":15,""Fixed"":15,""Equal"":true},""CursorUsageRequests"":{""Optimized"":5,""Fixed"":5,""Equal"":true},""ObservationAcceptedSnapshots"":{""Optimized"":27,""Fixed"":27,""Equal"":true},""ObservationEpochWrites"":{""Optimized"":6,""Fixed"":6,""Equal"":true},""ObservationFailures"":{""Optimized"":0,""Fixed"":0,""Equal"":true},""ObservationIgnoredSnapshots"":{""Optimized"":10,""Fixed"":10,""Equal"":true},""ObservationLoadAttempts"":{""Optimized"":5,""Fixed"":5,""Equal"":true},""ObservationPublishedRevisions"":{""Optimized"":30,""Fixed"":30,""Equal"":true},""ObservationSaveAttempts"":{""Optimized"":27,""Fixed"":27,""Equal"":true},""ObservationSavedFiles"":{""Optimized"":27,""Fixed"":27,""Equal"":true},""SyntheticRequestMilliseconds"":{""Optimized"":590.0436,""Fixed"":592.4411,""Equal"":false}}","{""Changed"":{""Optimized"":60,""Fixed"":60,""Equal"":true},""ClaudeAuthCalls"":{""Optimized"":4,""Fixed"":4,""Equal"":true},""ClaudeHistoryReadCalls"":{""Optimized"":280,""Fixed"":280,""Equal"":true},""ClaudeLiveRequests"":{""Optimized"":10,""Fixed"":10,""Equal"":true},""CodexQuotaRequests"":{""Optimized"":10,""Fixed"":10,""Equal"":true},""CodexStarts"":{""Optimized"":10,""Fixed"":10,""Equal"":true},""CursorHttpRequests"":{""Optimized"":15,""Fixed"":15,""Equal"":true},""CursorUsageRequests"":{""Optimized"":5,""Fixed"":5,""Equal"":true},""ObservationAcceptedSnapshots"":{""Optimized"":27,""Fixed"":27,""Equal"":true},""ObservationEpochWrites"":{""Optimized"":6,""Fixed"":6,""Equal"":true},""ObservationFailures"":{""Optimized"":0,""Fixed"":0,""Equal"":true},""ObservationIgnoredSnapshots"":{""Optimized"":10,""Fixed"":10,""Equal"":true},""ObservationLoadAttempts"":{""Optimized"":5,""Fixed"":5,""Equal"":true},""ObservationPublishedRevisions"":{""Optimized"":30,""Fixed"":30,""Equal"":true},""ObservationSaveAttempts"":{""Optimized"":27,""Fixed"":27,""Equal"":true},""ObservationSavedFiles"":{""Optimized"":27,""Fixed"":27,""Equal"":true},""SyntheticRequestMilliseconds"":{""Optimized"":590.0436,""Fixed"":592.4411,""Equal"":false}}","","304119891","292789244","-11330647","0.9627428282880715","-3.725717171192855","40319155","41402297","1083142","1.0268642038753044","2.6864203875304415","1","1","0","1","0","15.625","15.625","0","1","0","0.05208400018214893","0.05208365746729497","-3.4271485396114576E-07","0.9999934199590514","-0.0006580040948556132","0.5729749999954947","0.5380849999972268","-0.03488999999826792","0.9391072908965622","-6.08927091034378","0.826600000000326","0.7657999999937601","-0.060800000006565824","0.9264456810954006","-7.35543189045994","0.07394000001222593","0.06834500001277774","-0.005594999999448194","0.9243305382942513","-7.566946170574873","0.07950000005075708","0.07679999998072162","-0.0027000000700354576","0.9660377349897908","-3.396226501020916","113899520","106774528","-7124992","0.9374449339207048","-6.255506607929517","209807360","201125888","-8681472","0.9586216994484845","-4.137830055151548","2534168","2565504","31336","1.012365399610444","1.2365399610444028","751","748","-3","0.996005326231691","-0.3994673768308976","746","743","-3","0.9959785522788204","-0.40214477211796273"
"1","whole-run","1","2","True","[]","{""Changed"":{""Optimized"":12,""Fixed"":12,""Equal"":true},""ClaudeAuthCalls"":{""Optimized"":2,""Fixed"":2,""Equal"":true},""ClaudeHistoryReadCalls"":{""Optimized"":4,""Fixed"":4,""Equal"":true},""ClaudeLiveRequests"":{""Optimized"":2,""Fixed"":2,""Equal"":true},""CodexQuotaRequests"":{""Optimized"":2,""Fixed"":2,""Equal"":true},""CodexStarts"":{""Optimized"":2,""Fixed"":2,""Equal"":true},""CursorHttpRequests"":{""Optimized"":3,""Fixed"":3,""Equal"":true},""CursorUsageRequests"":{""Optimized"":1,""Fixed"":1,""Equal"":true},""ObservationAcceptedSnapshots"":{""Optimized"":5,""Fixed"":5,""Equal"":true},""ObservationEpochWrites"":{""Optimized"":6,""Fixed"":6,""Equal"":true},""ObservationFailures"":{""Optimized"":0,""Fixed"":0,""Equal"":true},""ObservationIgnoredSnapshots"":{""Optimized"":2,""Fixed"":2,""Equal"":true},""ObservationLoadAttempts"":{""Optimized"":5,""Fixed"":5,""Equal"":true},""ObservationPublishedRevisions"":{""Optimized"":8,""Fixed"":8,""Equal"":true},""ObservationSaveAttempts"":{""Optimized"":5,""Fixed"":5,""Equal"":true},""ObservationSavedFiles"":{""Optimized"":5,""Fixed"":5,""Equal"":true},""SyntheticRequestMilliseconds"":{""Optimized"":130.1142,""Fixed"":127.8446,""Equal"":false}}","{""Changed"":{""Optimized"":60,""Fixed"":60,""Equal"":true},""ClaudeAuthCalls"":{""Optimized"":4,""Fixed"":4,""Equal"":true},""ClaudeHistoryReadCalls"":{""Optimized"":280,""Fixed"":280,""Equal"":true},""ClaudeLiveRequests"":{""Optimized"":10,""Fixed"":10,""Equal"":true},""CodexQuotaRequests"":{""Optimized"":10,""Fixed"":10,""Equal"":true},""CodexStarts"":{""Optimized"":10,""Fixed"":10,""Equal"":true},""CursorHttpRequests"":{""Optimized"":15,""Fixed"":15,""Equal"":true},""CursorUsageRequests"":{""Optimized"":5,""Fixed"":5,""Equal"":true},""ObservationAcceptedSnapshots"":{""Optimized"":27,""Fixed"":27,""Equal"":true},""ObservationEpochWrites"":{""Optimized"":6,""Fixed"":6,""Equal"":true},""ObservationFailures"":{""Optimized"":0,""Fixed"":0,""Equal"":true},""ObservationIgnoredSnapshots"":{""Optimized"":10,""Fixed"":10,""Equal"":true},""ObservationLoadAttempts"":{""Optimized"":5,""Fixed"":5,""Equal"":true},""ObservationPublishedRevisions"":{""Optimized"":30,""Fixed"":30,""Equal"":true},""ObservationSaveAttempts"":{""Optimized"":27,""Fixed"":27,""Equal"":true},""ObservationSavedFiles"":{""Optimized"":27,""Fixed"":27,""Equal"":true},""SyntheticRequestMilliseconds"":{""Optimized"":590.0436,""Fixed"":592.4411,""Equal"":false}}","True","","","","","","","","","","","","","","","","7671.875","7078.125","-593.75","0.9226069246435845","-7.739307535641549","2.8703271058348547","2.6503959751592325","-0.2199311306756222","0.9233776769802501","-7.662232301974992","","","","","","","","","","","","","","","","","","","","","","","","","","","","","","","63677504","66216096","2538592","1.0398663867226956","3.98663867226956","272","272","0","1","0","760","754","-6","0.9921052631578947","-0.7894736842105288"
"2","warmup","4","3","True","[]","{""Changed"":{""Optimized"":12,""Fixed"":12,""Equal"":true},""ClaudeAuthCalls"":{""Optimized"":2,""Fixed"":2,""Equal"":true},""ClaudeHistoryReadCalls"":{""Optimized"":4,""Fixed"":4,""Equal"":true},""ClaudeLiveRequests"":{""Optimized"":2,""Fixed"":2,""Equal"":true},""CodexQuotaRequests"":{""Optimized"":2,""Fixed"":2,""Equal"":true},""CodexStarts"":{""Optimized"":2,""Fixed"":2,""Equal"":true},""CursorHttpRequests"":{""Optimized"":3,""Fixed"":3,""Equal"":true},""CursorUsageRequests"":{""Optimized"":1,""Fixed"":1,""Equal"":true},""ObservationAcceptedSnapshots"":{""Optimized"":5,""Fixed"":5,""Equal"":true},""ObservationEpochWrites"":{""Optimized"":6,""Fixed"":6,""Equal"":true},""ObservationFailures"":{""Optimized"":0,""Fixed"":0,""Equal"":true},""ObservationIgnoredSnapshots"":{""Optimized"":2,""Fixed"":2,""Equal"":true},""ObservationLoadAttempts"":{""Optimized"":5,""Fixed"":5,""Equal"":true},""ObservationPublishedRevisions"":{""Optimized"":8,""Fixed"":8,""Equal"":true},""ObservationSaveAttempts"":{""Optimized"":5,""Fixed"":5,""Equal"":true},""ObservationSavedFiles"":{""Optimized"":5,""Fixed"":5,""Equal"":true},""SyntheticRequestMilliseconds"":{""Optimized"":129.8407,""Fixed"":128.508,""Equal"":false}}","{""Changed"":{""Optimized"":12,""Fixed"":12,""Equal"":true},""ClaudeAuthCalls"":{""Optimized"":2,""Fixed"":2,""Equal"":true},""ClaudeHistoryReadCalls"":{""Optimized"":24,""Fixed"":24,""Equal"":true},""ClaudeLiveRequests"":{""Optimized"":2,""Fixed"":2,""Equal"":true},""CodexQuotaRequests"":{""Optimized"":2,""Fixed"":2,""Equal"":true},""CodexStarts"":{""Optimized"":2,""Fixed"":2,""Equal"":true},""CursorHttpRequests"":{""Optimized"":3,""Fixed"":3,""Equal"":true},""CursorUsageRequests"":{""Optimized"":1,""Fixed"":1,""Equal"":true},""ObservationAcceptedSnapshots"":{""Optimized"":5,""Fixed"":5,""Equal"":true},""ObservationEpochWrites"":{""Optimized"":6,""Fixed"":6,""Equal"":true},""ObservationFailures"":{""Optimized"":0,""Fixed"":0,""Equal"":true},""ObservationIgnoredSnapshots"":{""Optimized"":2,""Fixed"":2,""Equal"":true},""ObservationLoadAttempts"":{""Optimized"":5,""Fixed"":5,""Equal"":true},""ObservationPublishedRevisions"":{""Optimized"":8,""Fixed"":8,""Equal"":true},""ObservationSaveAttempts"":{""Optimized"":5,""Fixed"":5,""Equal"":true},""ObservationSavedFiles"":{""Optimized"":5,""Fixed"":5,""Equal"":true},""SyntheticRequestMilliseconds"":{""Optimized"":129.8407,""Fixed"":128.508,""Equal"":false}}","","2899778664","2680093566","-219685098","0.9242407357749978","-7.575926422500223","34378458","34646790","268332","1.0078052366397585","0.7805236639758517","0","0","0","","","562.5","500","-62.5","0.8888888888888888","-11.111111111111116","2.8123569072805576","2.4999354391672832","-0.3124214681132744","0.8889111594248633","-11.108884057513668","0.7932100000012723","0.8286149999999224","0.0354049999986501","1.0446350903273953","4.463509032739532","1.014699999999948","0.9384999999999764","-0.07619999999997162","0.9249039124864733","-7.50960875135267","0.36194500000063917","0.44218999999975495","0.08024499999911577","1.2217049551699128","22.170495516991284","0.5258000000000038","0.550899999999956","0.02509999999995216","1.0477367820463142","4.773678204631415","21360640","21532672","172032","1.0080536912751679","0.8053691275167862","27787264","27944960","157696","1.0056751179245282","0.5675117924528239","1110704","1082392","-28312","0.9745098604128553","-2.5490139587144744","495","494","-1","0.997979797979798","-0.20202020202020332","491","492","1","1.0020366598778003","0.20366598778003286"
"2","tray-idle","4","3","True","[]","{""Changed"":{""Optimized"":12,""Fixed"":12,""Equal"":true},""ClaudeAuthCalls"":{""Optimized"":2,""Fixed"":2,""Equal"":true},""ClaudeHistoryReadCalls"":{""Optimized"":24,""Fixed"":24,""Equal"":true},""ClaudeLiveRequests"":{""Optimized"":2,""Fixed"":2,""Equal"":true},""CodexQuotaRequests"":{""Optimized"":2,""Fixed"":2,""Equal"":true},""CodexStarts"":{""Optimized"":2,""Fixed"":2,""Equal"":true},""CursorHttpRequests"":{""Optimized"":3,""Fixed"":3,""Equal"":true},""CursorUsageRequests"":{""Optimized"":1,""Fixed"":1,""Equal"":true},""ObservationAcceptedSnapshots"":{""Optimized"":5,""Fixed"":5,""Equal"":true},""ObservationEpochWrites"":{""Optimized"":6,""Fixed"":6,""Equal"":true},""ObservationFailures"":{""Optimized"":0,""Fixed"":0,""Equal"":true},""ObservationIgnoredSnapshots"":{""Optimized"":2,""Fixed"":2,""Equal"":true},""ObservationLoadAttempts"":{""Optimized"":5,""Fixed"":5,""Equal"":true},""ObservationPublishedRevisions"":{""Optimized"":8,""Fixed"":8,""Equal"":true},""ObservationSaveAttempts"":{""Optimized"":5,""Fixed"":5,""Equal"":true},""ObservationSavedFiles"":{""Optimized"":5,""Fixed"":5,""Equal"":true},""SyntheticRequestMilliseconds"":{""Optimized"":129.8407,""Fixed"":128.508,""Equal"":false}}","{""Changed"":{""Optimized"":12,""Fixed"":12,""Equal"":true},""ClaudeAuthCalls"":{""Optimized"":2,""Fixed"":2,""Equal"":true},""ClaudeHistoryReadCalls"":{""Optimized"":54,""Fixed"":54,""Equal"":true},""ClaudeLiveRequests"":{""Optimized"":2,""Fixed"":2,""Equal"":true},""CodexQuotaRequests"":{""Optimized"":2,""Fixed"":2,""Equal"":true},""CodexStarts"":{""Optimized"":2,""Fixed"":2,""Equal"":true},""CursorHttpRequests"":{""Optimized"":3,""Fixed"":3,""Equal"":true},""CursorUsageRequests"":{""Optimized"":1,""Fixed"":1,""Equal"":true},""ObservationAcceptedSnapshots"":{""Optimized"":5,""Fixed"":5,""Equal"":true},""ObservationEpochWrites"":{""Optimized"":6,""Fixed"":6,""Equal"":true},""ObservationFailures"":{""Optimized"":0,""Fixed"":0,""Equal"":true},""ObservationIgnoredSnapshots"":{""Optimized"":2,""Fixed"":2,""Equal"":true},""ObservationLoadAttempts"":{""Optimized"":5,""Fixed"":5,""Equal"":true},""ObservationPublishedRevisions"":{""Optimized"":8,""Fixed"":8,""Equal"":true},""ObservationSaveAttempts"":{""Optimized"":5,""Fixed"":5,""Equal"":true},""ObservationSavedFiles"":{""Optimized"":5,""Fixed"":5,""Equal"":true},""SyntheticRequestMilliseconds"":{""Optimized"":129.8407,""Fixed"":128.508,""Equal"":false}}","","912752708","858001689","-54751019","0.9400154954128057","-5.998450458719429","25458997","24592555","-866442","0.9659671588790399","-3.4032841120960056","0","0","0","","","78.125","78.125","0","1","0","0.26041616579957444","0.26041844619271565","2.2803931412074263E-06","1.0000087567265044","0.0008756726504355328","0.70078000000085","0.7770799999972944","0.07629999999644443","1.108878678039259","10.8878678039259","0.8807999999989988","2.2818000000006577","1.401000000001659","2.5905994550445635","159.05994550445635","0.1796549999988201","0.3508299999977678","0.17117499999894772","1.9527984191927412","95.27984191927412","0.36929999999847496","0.5280999999959022","0.15879999999742722","1.4300027078204252","43.00027078204251","23064576","23355392","290816","1.0126087728645001","1.2608772864500128","29339648","29528064","188416","1.0064218902694402","0.6421890269440178","1620720","1666152","45432","1.028031985784096","2.8031985784096047","491","492","1","1.0020366598778003","0.20366598778003286","492","493","1","1.0020325203252032","0.20325203252031798"
"2","widget-before-flyout","4","3","True","[]","{""Changed"":{""Optimized"":12,""Fixed"":12,""Equal"":true},""ClaudeAuthCalls"":{""Optimized"":2,""Fixed"":2,""Equal"":true},""ClaudeHistoryReadCalls"":{""Optimized"":54,""Fixed"":54,""Equal"":true},""ClaudeLiveRequests"":{""Optimized"":2,""Fixed"":2,""Equal"":true},""CodexQuotaRequests"":{""Optimized"":2,""Fixed"":2,""Equal"":true},""CodexStarts"":{""Optimized"":2,""Fixed"":2,""Equal"":true},""CursorHttpRequests"":{""Optimized"":3,""Fixed"":3,""Equal"":true},""CursorUsageRequests"":{""Optimized"":1,""Fixed"":1,""Equal"":true},""ObservationAcceptedSnapshots"":{""Optimized"":5,""Fixed"":5,""Equal"":true},""ObservationEpochWrites"":{""Optimized"":6,""Fixed"":6,""Equal"":true},""ObservationFailures"":{""Optimized"":0,""Fixed"":0,""Equal"":true},""ObservationIgnoredSnapshots"":{""Optimized"":2,""Fixed"":2,""Equal"":true},""ObservationLoadAttempts"":{""Optimized"":5,""Fixed"":5,""Equal"":true},""ObservationPublishedRevisions"":{""Optimized"":8,""Fixed"":8,""Equal"":true},""ObservationSaveAttempts"":{""Optimized"":5,""Fixed"":5,""Equal"":true},""ObservationSavedFiles"":{""Optimized"":5,""Fixed"":5,""Equal"":true},""SyntheticRequestMilliseconds"":{""Optimized"":129.8407,""Fixed"":128.508,""Equal"":false}}","{""Changed"":{""Optimized"":21,""Fixed"":21,""Equal"":true},""ClaudeAuthCalls"":{""Optimized"":2,""Fixed"":2,""Equal"":true},""ClaudeHistoryReadCalls"":{""Optimized"":86,""Fixed"":86,""Equal"":true},""ClaudeLiveRequests"":{""Optimized"":4,""Fixed"":4,""Equal"":true},""CodexQuotaRequests"":{""Optimized"":4,""Fixed"":4,""Equal"":true},""CodexStarts"":{""Optimized"":4,""Fixed"":4,""Equal"":true},""CursorHttpRequests"":{""Optimized"":6,""Fixed"":6,""Equal"":true},""CursorUsageRequests"":{""Optimized"":2,""Fixed"":2,""Equal"":true},""ObservationAcceptedSnapshots"":{""Optimized"":10,""Fixed"":10,""Equal"":true},""ObservationEpochWrites"":{""Optimized"":6,""Fixed"":6,""Equal"":true},""ObservationFailures"":{""Optimized"":0,""Fixed"":0,""Equal"":true},""ObservationIgnoredSnapshots"":{""Optimized"":4,""Fixed"":4,""Equal"":true},""ObservationLoadAttempts"":{""Optimized"":5,""Fixed"":5,""Equal"":true},""ObservationPublishedRevisions"":{""Optimized"":13,""Fixed"":13,""Equal"":true},""ObservationSaveAttempts"":{""Optimized"":10,""Fixed"":10,""Equal"":true},""ObservationSavedFiles"":{""Optimized"":10,""Fixed"":10,""Equal"":true},""SyntheticRequestMilliseconds"":{""Optimized"":241.0158,""Fixed"":238.993,""Equal"":false}}","","7149850053","7056212071","-93637982","0.9869035040866752","-1.3096495913324846","178291761","170300663","-7991098","0.9551796563386908","-4.482034366130916","12","12","0","1","0","1468.75","1406.25","-62.5","0.9574468085106383","-4.255319148936165","4.895742011425681","4.687474781385677","-0.20826723004000414","0.9574595169529052","-4.254048304709479","0.617344999990746","0.7352399999981571","0.11789500000741115","1.190971012981685","19.097101298168507","0.8713999999963562","1.0503000000026077","0.1789000000062515","1.205301813182235","20.530181318223505","0.16072999998941664","0.2633250000046245","0.10259500001520785","1.638306476836703","63.83064768367031","0.4801000000006752","0.33109999999578577","-0.14900000000488944","0.6896479899923351","-31.035201000766488","70254592","72667136","2412544","1.0343400186567164","3.434001865671643","109080576","113377280","4296704","1.039390184371597","3.9390184371596915","4972976","4955576","-17400","0.9965010890862936","-0.34989109137063545","743","744","1","1.0013458950201883","0.13458950201883368","751","752","1","1.0013315579227697","0.13315579227697327"
"2","flyout-visible","4","3","True","[]","{""Changed"":{""Optimized"":21,""Fixed"":21,""Equal"":true},""ClaudeAuthCalls"":{""Optimized"":2,""Fixed"":2,""Equal"":true},""ClaudeHistoryReadCalls"":{""Optimized"":86,""Fixed"":86,""Equal"":true},""ClaudeLiveRequests"":{""Optimized"":4,""Fixed"":4,""Equal"":true},""CodexQuotaRequests"":{""Optimized"":4,""Fixed"":4,""Equal"":true},""CodexStarts"":{""Optimized"":4,""Fixed"":4,""Equal"":true},""CursorHttpRequests"":{""Optimized"":6,""Fixed"":6,""Equal"":true},""CursorUsageRequests"":{""Optimized"":2,""Fixed"":2,""Equal"":true},""ObservationAcceptedSnapshots"":{""Optimized"":10,""Fixed"":10,""Equal"":true},""ObservationEpochWrites"":{""Optimized"":6,""Fixed"":6,""Equal"":true},""ObservationFailures"":{""Optimized"":0,""Fixed"":0,""Equal"":true},""ObservationIgnoredSnapshots"":{""Optimized"":4,""Fixed"":4,""Equal"":true},""ObservationLoadAttempts"":{""Optimized"":5,""Fixed"":5,""Equal"":true},""ObservationPublishedRevisions"":{""Optimized"":13,""Fixed"":13,""Equal"":true},""ObservationSaveAttempts"":{""Optimized"":10,""Fixed"":10,""Equal"":true},""ObservationSavedFiles"":{""Optimized"":10,""Fixed"":10,""Equal"":true},""SyntheticRequestMilliseconds"":{""Optimized"":241.0158,""Fixed"":238.993,""Equal"":false}}","{""Changed"":{""Optimized"":21,""Fixed"":21,""Equal"":true},""ClaudeAuthCalls"":{""Optimized"":2,""Fixed"":2,""Equal"":true},""ClaudeHistoryReadCalls"":{""Optimized"":116,""Fixed"":116,""Equal"":true},""ClaudeLiveRequests"":{""Optimized"":4,""Fixed"":4,""Equal"":true},""CodexQuotaRequests"":{""Optimized"":4,""Fixed"":4,""Equal"":true},""CodexStarts"":{""Optimized"":4,""Fixed"":4,""Equal"":true},""CursorHttpRequests"":{""Optimized"":6,""Fixed"":6,""Equal"":true},""CursorUsageRequests"":{""Optimized"":2,""Fixed"":2,""Equal"":true},""ObservationAcceptedSnapshots"":{""Optimized"":10,""Fixed"":10,""Equal"":true},""ObservationEpochWrites"":{""Optimized"":6,""Fixed"":6,""Equal"":true},""ObservationFailures"":{""Optimized"":0,""Fixed"":0,""Equal"":true},""ObservationIgnoredSnapshots"":{""Optimized"":4,""Fixed"":4,""Equal"":true},""ObservationLoadAttempts"":{""Optimized"":5,""Fixed"":5,""Equal"":true},""ObservationPublishedRevisions"":{""Optimized"":13,""Fixed"":13,""Equal"":true},""ObservationSaveAttempts"":{""Optimized"":10,""Fixed"":10,""Equal"":true},""ObservationSavedFiles"":{""Optimized"":10,""Fixed"":10,""Equal"":true},""SyntheticRequestMilliseconds"":{""Optimized"":241.0158,""Fixed"":238.993,""Equal"":false}}","","6001357684","6876820251","875462567","1.1458774185938023","14.587741859380232","44524170","179614177","135090007","4.034082544379828","303.4082544379828","0","0","0","","","1265.625","1406.25","140.625","1.1111111111111112","11.111111111111116","4.218875117773076","4.687327600090868","0.468452482317792","1.1110372953075378","11.103729530753782","0.7947049999915178","1.246184999994875","0.4514800000033573","1.568110179259192","56.8110179259192","0.892199999987497","1.6627999999909662","0.7706000000034692","1.8637076888749924","86.37076888749924","0.12532999999530148","0.6282750000027587","0.5029450000074572","5.0129657705761765","401.29657705761764","0.17349999998987187","1.4377999999996973","1.2643000000098255","8.287031700770198","728.7031700770198","82231296","85198848","2967552","1.0360878661087867","3.608786610878667","148869120","149569536","700416","1.0047049112670243","0.47049112670243254","2234304","2641136","406832","1.1820844432986737","18.20844432986737","768","769","1","1.0013020833333333","0.13020833333332593","767","767","0","1","0"
"2","tray-after-flyout","4","3","True","[]","{""Changed"":{""Optimized"":21,""Fixed"":21,""Equal"":true},""ClaudeAuthCalls"":{""Optimized"":2,""Fixed"":2,""Equal"":true},""ClaudeHistoryReadCalls"":{""Optimized"":116,""Fixed"":116,""Equal"":true},""ClaudeLiveRequests"":{""Optimized"":4,""Fixed"":4,""Equal"":true},""CodexQuotaRequests"":{""Optimized"":4,""Fixed"":4,""Equal"":true},""CodexStarts"":{""Optimized"":4,""Fixed"":4,""Equal"":true},""CursorHttpRequests"":{""Optimized"":6,""Fixed"":6,""Equal"":true},""CursorUsageRequests"":{""Optimized"":2,""Fixed"":2,""Equal"":true},""ObservationAcceptedSnapshots"":{""Optimized"":10,""Fixed"":10,""Equal"":true},""ObservationEpochWrites"":{""Optimized"":6,""Fixed"":6,""Equal"":true},""ObservationFailures"":{""Optimized"":0,""Fixed"":0,""Equal"":true},""ObservationIgnoredSnapshots"":{""Optimized"":4,""Fixed"":4,""Equal"":true},""ObservationLoadAttempts"":{""Optimized"":5,""Fixed"":5,""Equal"":true},""ObservationPublishedRevisions"":{""Optimized"":13,""Fixed"":13,""Equal"":true},""ObservationSaveAttempts"":{""Optimized"":10,""Fixed"":10,""Equal"":true},""ObservationSavedFiles"":{""Optimized"":10,""Fixed"":10,""Equal"":true},""SyntheticRequestMilliseconds"":{""Optimized"":241.0158,""Fixed"":238.993,""Equal"":false}}","{""Changed"":{""Optimized"":30,""Fixed"":30,""Equal"":true},""ClaudeAuthCalls"":{""Optimized"":2,""Fixed"":2,""Equal"":true},""ClaudeHistoryReadCalls"":{""Optimized"":148,""Fixed"":148,""Equal"":true},""ClaudeLiveRequests"":{""Optimized"":6,""Fixed"":6,""Equal"":true},""CodexQuotaRequests"":{""Optimized"":6,""Fixed"":6,""Equal"":true},""CodexStarts"":{""Optimized"":6,""Fixed"":6,""Equal"":true},""CursorHttpRequests"":{""Optimized"":9,""Fixed"":9,""Equal"":true},""CursorUsageRequests"":{""Optimized"":3,""Fixed"":3,""Equal"":true},""ObservationAcceptedSnapshots"":{""Optimized"":15,""Fixed"":15,""Equal"":true},""ObservationEpochWrites"":{""Optimized"":6,""Fixed"":6,""Equal"":true},""ObservationFailures"":{""Optimized"":0,""Fixed"":0,""Equal"":true},""ObservationIgnoredSnapshots"":{""Optimized"":6,""Fixed"":6,""Equal"":true},""ObservationLoadAttempts"":{""Optimized"":5,""Fixed"":5,""Equal"":true},""ObservationPublishedRevisions"":{""Optimized"":18,""Fixed"":18,""Equal"":true},""ObservationSaveAttempts"":{""Optimized"":15,""Fixed"":15,""Equal"":true},""ObservationSavedFiles"":{""Optimized"":15,""Fixed"":15,""Equal"":true},""SyntheticRequestMilliseconds"":{""Optimized"":351.245,""Fixed"":350.6495,""Equal"":false}}","","1491753504","1475157196","-16596308","0.9888746311267254","-1.1125368873274644","48766696","45659373","-3107323","0.9362818633437869","-6.371813665621307","12","12","0","1","0","296.875","234.375","-62.5","0.7894736842105263","-21.052631578947366","0.989603353009165","0.7812421771616664","-0.20836117584749858","0.7894498081338162","-21.055019186618384","0.5737399999896294","1.0330049999916808","0.4592650000020514","1.8004758253047597","80.04758253047596","0.824399999997695","1.1833999999944353","0.35899999999674037","1.4354682193082777","43.546821930827775","0.20012500000302674","0.3676549999945563","0.16752999999152957","1.837126795697668","83.7126795697668","1.0126999999920372","0.4444000000075903","-0.5682999999844469","0.43882689840138694","-56.1173101598613","84858880","83871744","-987136","0.988367322312055","-1.163267768794496","150116352","149671936","-444416","0.9970395230494277","-0.2960476950572333","3748952","3703624","-45328","0.9879091543450009","-1.2090845654999072","767","767","0","1","0","766","767","1","1.0013054830287207","0.13054830287206887"
"2","widget-visible","4","3","True","[]","{""Changed"":{""Optimized"":30,""Fixed"":30,""Equal"":true},""ClaudeAuthCalls"":{""Optimized"":2,""Fixed"":2,""Equal"":true},""ClaudeHistoryReadCalls"":{""Optimized"":148,""Fixed"":148,""Equal"":true},""ClaudeLiveRequests"":{""Optimized"":6,""Fixed"":6,""Equal"":true},""CodexQuotaRequests"":{""Optimized"":6,""Fixed"":6,""Equal"":true},""CodexStarts"":{""Optimized"":6,""Fixed"":6,""Equal"":true},""CursorHttpRequests"":{""Optimized"":9,""Fixed"":9,""Equal"":true},""CursorUsageRequests"":{""Optimized"":3,""Fixed"":3,""Equal"":true},""ObservationAcceptedSnapshots"":{""Optimized"":15,""Fixed"":15,""Equal"":true},""ObservationEpochWrites"":{""Optimized"":6,""Fixed"":6,""Equal"":true},""ObservationFailures"":{""Optimized"":0,""Fixed"":0,""Equal"":true},""ObservationIgnoredSnapshots"":{""Optimized"":6,""Fixed"":6,""Equal"":true},""ObservationLoadAttempts"":{""Optimized"":5,""Fixed"":5,""Equal"":true},""ObservationPublishedRevisions"":{""Optimized"":18,""Fixed"":18,""Equal"":true},""ObservationSaveAttempts"":{""Optimized"":15,""Fixed"":15,""Equal"":true},""ObservationSavedFiles"":{""Optimized"":15,""Fixed"":15,""Equal"":true},""SyntheticRequestMilliseconds"":{""Optimized"":351.245,""Fixed"":350.6495,""Equal"":false}}","{""Changed"":{""Optimized"":30,""Fixed"":30,""Equal"":true},""ClaudeAuthCalls"":{""Optimized"":2,""Fixed"":2,""Equal"":true},""ClaudeHistoryReadCalls"":{""Optimized"":178,""Fixed"":178,""Equal"":true},""ClaudeLiveRequests"":{""Optimized"":6,""Fixed"":6,""Equal"":true},""CodexQuotaRequests"":{""Optimized"":6,""Fixed"":6,""Equal"":true},""CodexStarts"":{""Optimized"":6,""Fixed"":6,""Equal"":true},""CursorHttpRequests"":{""Optimized"":9,""Fixed"":9,""Equal"":true},""CursorUsageRequests"":{""Optimized"":3,""Fixed"":3,""Equal"":true},""ObservationAcceptedSnapshots"":{""Optimized"":15,""Fixed"":15,""Equal"":true},""ObservationEpochWrites"":{""Optimized"":6,""Fixed"":6,""Equal"":true},""ObservationFailures"":{""Optimized"":0,""Fixed"":0,""Equal"":true},""ObservationIgnoredSnapshots"":{""Optimized"":6,""Fixed"":6,""Equal"":true},""ObservationLoadAttempts"":{""Optimized"":5,""Fixed"":5,""Equal"":true},""ObservationPublishedRevisions"":{""Optimized"":18,""Fixed"":18,""Equal"":true},""ObservationSaveAttempts"":{""Optimized"":15,""Fixed"":15,""Equal"":true},""ObservationSavedFiles"":{""Optimized"":15,""Fixed"":15,""Equal"":true},""SyntheticRequestMilliseconds"":{""Optimized"":351.245,""Fixed"":350.6495,""Equal"":false}}","","734480636","690608088","-43872548","0.9402672502859558","-5.973274971404418","33912644","32281125","-1631519","0.9518905397054856","-4.810946029451435","0","0","0","","","125","93.75","-31.25","0.75","-25","0.41666717500062034","0.3125020510551286","-0.10416512394549171","0.7500040075263029","-24.99959924736971","0.4921149999863699","0.5328049999967333","0.040690000010363325","1.082683925528566","8.268392552856607","0.7669999999925494","0.8095000000030268","0.04250000001047738","1.0554106910181098","5.54106910181098","0.16648999998142233","0.2271499999929799","0.06066000001155758","1.3643462070894725","36.43462070894725","0.3024999999906868","0.3648000000102911","0.06230000001960434","1.2059504132942889","20.595041329428888","86700032","82853888","-3846144","0.9556384938819861","-4.436150611801393","154445824","152952832","-1492992","0.990333231670932","-0.9666768329067987","2251712","2178392","-73320","0.9674381093141574","-3.2561890685842587","769","768","-1","0.9986996098829649","-0.13003901170350884","774","768","-6","0.9922480620155039","-0.7751937984496138"
"2","post-refresh-widget","4","3","True","[]","{""Changed"":{""Optimized"":41,""Fixed"":41,""Equal"":true},""ClaudeAuthCalls"":{""Optimized"":4,""Fixed"":4,""Equal"":true},""ClaudeHistoryReadCalls"":{""Optimized"":182,""Fixed"":182,""Equal"":true},""ClaudeLiveRequests"":{""Optimized"":8,""Fixed"":8,""Equal"":true},""CodexQuotaRequests"":{""Optimized"":8,""Fixed"":8,""Equal"":true},""CodexStarts"":{""Optimized"":8,""Fixed"":8,""Equal"":true},""CursorHttpRequests"":{""Optimized"":12,""Fixed"":12,""Equal"":true},""CursorUsageRequests"":{""Optimized"":4,""Fixed"":4,""Equal"":true},""ObservationAcceptedSnapshots"":{""Optimized"":22,""Fixed"":22,""Equal"":true},""ObservationEpochWrites"":{""Optimized"":6,""Fixed"":6,""Equal"":true},""ObservationFailures"":{""Optimized"":0,""Fixed"":0,""Equal"":true},""ObservationIgnoredSnapshots"":{""Optimized"":8,""Fixed"":8,""Equal"":true},""ObservationLoadAttempts"":{""Optimized"":5,""Fixed"":5,""Equal"":true},""ObservationPublishedRevisions"":{""Optimized"":25,""Fixed"":25,""Equal"":true},""ObservationSaveAttempts"":{""Optimized"":22,""Fixed"":22,""Equal"":true},""ObservationSavedFiles"":{""Optimized"":22,""Fixed"":22,""Equal"":true},""SyntheticRequestMilliseconds"":{""Optimized"":483.7328,""Fixed"":480.9378,""Equal"":false}}","{""Changed"":{""Optimized"":41,""Fixed"":41,""Equal"":true},""ClaudeAuthCalls"":{""Optimized"":4,""Fixed"":4,""Equal"":true},""ClaudeHistoryReadCalls"":{""Optimized"":212,""Fixed"":212,""Equal"":true},""ClaudeLiveRequests"":{""Optimized"":8,""Fixed"":8,""Equal"":true},""CodexQuotaRequests"":{""Optimized"":8,""Fixed"":8,""Equal"":true},""CodexStarts"":{""Optimized"":8,""Fixed"":8,""Equal"":true},""CursorHttpRequests"":{""Optimized"":12,""Fixed"":12,""Equal"":true},""CursorUsageRequests"":{""Optimized"":4,""Fixed"":4,""Equal"":true},""ObservationAcceptedSnapshots"":{""Optimized"":22,""Fixed"":22,""Equal"":true},""ObservationEpochWrites"":{""Optimized"":6,""Fixed"":6,""Equal"":true},""ObservationFailures"":{""Optimized"":0,""Fixed"":0,""Equal"":true},""ObservationIgnoredSnapshots"":{""Optimized"":8,""Fixed"":8,""Equal"":true},""ObservationLoadAttempts"":{""Optimized"":5,""Fixed"":5,""Equal"":true},""ObservationPublishedRevisions"":{""Optimized"":25,""Fixed"":25,""Equal"":true},""ObservationSaveAttempts"":{""Optimized"":22,""Fixed"":22,""Equal"":true},""ObservationSavedFiles"":{""Optimized"":22,""Fixed"":22,""Equal"":true},""SyntheticRequestMilliseconds"":{""Optimized"":483.7328,""Fixed"":480.9378,""Equal"":false}}","","2850241738","2693948413","-156293325","0.9451648879755475","-5.483511202445246","52022731","50171194","-1851537","0.9644090772550945","-3.5590922744905495","1","1","0","1","0","562.5","515.625","-46.875","0.9166666666666666","-8.333333333333337","1.8750267566318186","1.7187323314316332","-0.15629442520018544","0.9166441627313399","-8.335583726866014","0.7280299999954876","0.9276200000007521","0.1995900000052645","1.2741507904983334","27.415079049833334","0.8315000000002328","2.7219999999797437","1.890499999979511","3.2736019242080356","227.36019242080357","0.16683500000654022","0.36731500000751105","0.20048000000097083","2.2016663169785216","120.16663169785215","0.3005999999877531","3.047999999980675","2.747399999992922","10.139720559231055","913.9720559231055","90667008","91582464","915456","1.0100969031645999","1.009690316459988","161865728","161697792","-167936","0.9989624981021307","-0.10375018978693307","2750824","2737360","-13464","0.9951054665801956","-0.4894533419804392","779","776","-3","0.9961489088575096","-0.38510911424903815","772","771","-1","0.9987046632124352","-0.12953367875647714"
"2","tray-after-refresh","4","3","True","[]","{""Changed"":{""Optimized"":41,""Fixed"":41,""Equal"":true},""ClaudeAuthCalls"":{""Optimized"":4,""Fixed"":4,""Equal"":true},""ClaudeHistoryReadCalls"":{""Optimized"":212,""Fixed"":212,""Equal"":true},""ClaudeLiveRequests"":{""Optimized"":8,""Fixed"":8,""Equal"":true},""CodexQuotaRequests"":{""Optimized"":8,""Fixed"":8,""Equal"":true},""CodexStarts"":{""Optimized"":8,""Fixed"":8,""Equal"":true},""CursorHttpRequests"":{""Optimized"":12,""Fixed"":12,""Equal"":true},""CursorUsageRequests"":{""Optimized"":4,""Fixed"":4,""Equal"":true},""ObservationAcceptedSnapshots"":{""Optimized"":22,""Fixed"":22,""Equal"":true},""ObservationEpochWrites"":{""Optimized"":6,""Fixed"":6,""Equal"":true},""ObservationFailures"":{""Optimized"":0,""Fixed"":0,""Equal"":true},""ObservationIgnoredSnapshots"":{""Optimized"":8,""Fixed"":8,""Equal"":true},""ObservationLoadAttempts"":{""Optimized"":5,""Fixed"":5,""Equal"":true},""ObservationPublishedRevisions"":{""Optimized"":25,""Fixed"":25,""Equal"":true},""ObservationSaveAttempts"":{""Optimized"":22,""Fixed"":22,""Equal"":true},""ObservationSavedFiles"":{""Optimized"":22,""Fixed"":22,""Equal"":true},""SyntheticRequestMilliseconds"":{""Optimized"":483.7328,""Fixed"":480.9378,""Equal"":false}}","{""Changed"":{""Optimized"":50,""Fixed"":50,""Equal"":true},""ClaudeAuthCalls"":{""Optimized"":4,""Fixed"":4,""Equal"":true},""ClaudeHistoryReadCalls"":{""Optimized"":244,""Fixed"":244,""Equal"":true},""ClaudeLiveRequests"":{""Optimized"":10,""Fixed"":10,""Equal"":true},""CodexQuotaRequests"":{""Optimized"":10,""Fixed"":10,""Equal"":true},""CodexStarts"":{""Optimized"":10,""Fixed"":10,""Equal"":true},""CursorHttpRequests"":{""Optimized"":15,""Fixed"":15,""Equal"":true},""CursorUsageRequests"":{""Optimized"":5,""Fixed"":5,""Equal"":true},""ObservationAcceptedSnapshots"":{""Optimized"":27,""Fixed"":27,""Equal"":true},""ObservationEpochWrites"":{""Optimized"":6,""Fixed"":6,""Equal"":true},""ObservationFailures"":{""Optimized"":0,""Fixed"":0,""Equal"":true},""ObservationIgnoredSnapshots"":{""Optimized"":10,""Fixed"":10,""Equal"":true},""ObservationLoadAttempts"":{""Optimized"":5,""Fixed"":5,""Equal"":true},""ObservationPublishedRevisions"":{""Optimized"":30,""Fixed"":30,""Equal"":true},""ObservationSaveAttempts"":{""Optimized"":27,""Fixed"":27,""Equal"":true},""ObservationSavedFiles"":{""Optimized"":27,""Fixed"":27,""Equal"":true},""SyntheticRequestMilliseconds"":{""Optimized"":593.8929,""Fixed"":592.2808,""Equal"":false}}","","450142718","473844945","23702227","1.0526549159904437","5.26549159904437","40831881","38310928","-2520953","0.9382601795885915","-6.173982041140846","11","11","0","1","0","31.25","109.375","78.125","3.5","250","0.10416450594759828","0.3645805515837248","0.2604160456361265","3.500045896316479","250.0045896316479","0.6862199999959557","0.4410950000034062","-0.24512499999254955","0.6427894844306575","-35.72105155693425","0.8213999999861699","1.2966000000014901","0.47520000001532026","1.5785244704447545","57.852447044475454","0.15267000000458197","0.17538000002241458","0.022710000017832604","1.148752210762763","14.8752210762763","0.27999999999883585","0.23300000000745058","-0.046999999991385266","0.8321428571729261","-16.78571428270739","92094464","93669376","1574912","1.0171010496352961","1.7101049635296128","163774464","163115008","-659456","0.9959733893557423","-0.4026610644257689","3850832","3856656","5824","1.0015124004371003","0.15124004371003252","775","774","-1","0.9987096774193548","-0.1290322580645209","785","784","-1","0.9987261146496815","-0.1273885350318471"
"2","widget-after-churn","4","3","True","[]","{""Changed"":{""Optimized"":60,""Fixed"":60,""Equal"":true},""ClaudeAuthCalls"":{""Optimized"":4,""Fixed"":4,""Equal"":true},""ClaudeHistoryReadCalls"":{""Optimized"":250,""Fixed"":250,""Equal"":true},""ClaudeLiveRequests"":{""Optimized"":10,""Fixed"":10,""Equal"":true},""CodexQuotaRequests"":{""Optimized"":10,""Fixed"":10,""Equal"":true},""CodexStarts"":{""Optimized"":10,""Fixed"":10,""Equal"":true},""CursorHttpRequests"":{""Optimized"":15,""Fixed"":15,""Equal"":true},""CursorUsageRequests"":{""Optimized"":5,""Fixed"":5,""Equal"":true},""ObservationAcceptedSnapshots"":{""Optimized"":27,""Fixed"":27,""Equal"":true},""ObservationEpochWrites"":{""Optimized"":6,""Fixed"":6,""Equal"":true},""ObservationFailures"":{""Optimized"":0,""Fixed"":0,""Equal"":true},""ObservationIgnoredSnapshots"":{""Optimized"":10,""Fixed"":10,""Equal"":true},""ObservationLoadAttempts"":{""Optimized"":5,""Fixed"":5,""Equal"":true},""ObservationPublishedRevisions"":{""Optimized"":30,""Fixed"":30,""Equal"":true},""ObservationSaveAttempts"":{""Optimized"":27,""Fixed"":27,""Equal"":true},""ObservationSavedFiles"":{""Optimized"":27,""Fixed"":27,""Equal"":true},""SyntheticRequestMilliseconds"":{""Optimized"":593.8929,""Fixed"":592.2808,""Equal"":false}}","{""Changed"":{""Optimized"":60,""Fixed"":60,""Equal"":true},""ClaudeAuthCalls"":{""Optimized"":4,""Fixed"":4,""Equal"":true},""ClaudeHistoryReadCalls"":{""Optimized"":280,""Fixed"":280,""Equal"":true},""ClaudeLiveRequests"":{""Optimized"":10,""Fixed"":10,""Equal"":true},""CodexQuotaRequests"":{""Optimized"":10,""Fixed"":10,""Equal"":true},""CodexStarts"":{""Optimized"":10,""Fixed"":10,""Equal"":true},""CursorHttpRequests"":{""Optimized"":15,""Fixed"":15,""Equal"":true},""CursorUsageRequests"":{""Optimized"":5,""Fixed"":5,""Equal"":true},""ObservationAcceptedSnapshots"":{""Optimized"":27,""Fixed"":27,""Equal"":true},""ObservationEpochWrites"":{""Optimized"":6,""Fixed"":6,""Equal"":true},""ObservationFailures"":{""Optimized"":0,""Fixed"":0,""Equal"":true},""ObservationIgnoredSnapshots"":{""Optimized"":10,""Fixed"":10,""Equal"":true},""ObservationLoadAttempts"":{""Optimized"":5,""Fixed"":5,""Equal"":true},""ObservationPublishedRevisions"":{""Optimized"":30,""Fixed"":30,""Equal"":true},""ObservationSaveAttempts"":{""Optimized"":27,""Fixed"":27,""Equal"":true},""ObservationSavedFiles"":{""Optimized"":27,""Fixed"":27,""Equal"":true},""SyntheticRequestMilliseconds"":{""Optimized"":593.8929,""Fixed"":592.2808,""Equal"":false}}","","293650960","312611066","18960106","1.0645668108832336","6.456681088323357","43442876","42136908","-1305968","0.9699382702010797","-3.00617297989203","1","1","0","1","0","31.25","15.625","-15.625","0.5","-50","0.10416780660969711","0.05208263612044451","-0.052085170489252604","0.49998783516284645","-50.00121648371536","0.6008049999814827","0.7575300000069547","0.15672500002547196","1.260858348433023","26.08583484330229","0.7636000000056811","1.0548999999882653","0.29129999998258427","1.3814824515196662","38.14824515196662","0.16285000001371372","0.21916500000952507","0.056314999995811355","1.345809026656856","34.580902665685606","0.3568000000086613","0.4655999999959022","0.10879999998724088","1.3049327353828468","30.493273538284683","109834240","108507136","-1327104","0.9879172105165019","-1.2082789483498058","216469504","218294272","1824768","1.0084296770042953","0.8429677004295311","2544584","2539608","-4976","0.9980444740672738","-0.19555259327261876","750","750","0","1","0","743","745","2","1.002691790040377","0.2691790040376896"
"2","whole-run","4","3","True","[]","{""Changed"":{""Optimized"":12,""Fixed"":12,""Equal"":true},""ClaudeAuthCalls"":{""Optimized"":2,""Fixed"":2,""Equal"":true},""ClaudeHistoryReadCalls"":{""Optimized"":4,""Fixed"":4,""Equal"":true},""ClaudeLiveRequests"":{""Optimized"":2,""Fixed"":2,""Equal"":true},""CodexQuotaRequests"":{""Optimized"":2,""Fixed"":2,""Equal"":true},""CodexStarts"":{""Optimized"":2,""Fixed"":2,""Equal"":true},""CursorHttpRequests"":{""Optimized"":3,""Fixed"":3,""Equal"":true},""CursorUsageRequests"":{""Optimized"":1,""Fixed"":1,""Equal"":true},""ObservationAcceptedSnapshots"":{""Optimized"":5,""Fixed"":5,""Equal"":true},""ObservationEpochWrites"":{""Optimized"":6,""Fixed"":6,""Equal"":true},""ObservationFailures"":{""Optimized"":0,""Fixed"":0,""Equal"":true},""ObservationIgnoredSnapshots"":{""Optimized"":2,""Fixed"":2,""Equal"":true},""ObservationLoadAttempts"":{""Optimized"":5,""Fixed"":5,""Equal"":true},""ObservationPublishedRevisions"":{""Optimized"":8,""Fixed"":8,""Equal"":true},""ObservationSaveAttempts"":{""Optimized"":5,""Fixed"":5,""Equal"":true},""ObservationSavedFiles"":{""Optimized"":5,""Fixed"":5,""Equal"":true},""SyntheticRequestMilliseconds"":{""Optimized"":129.8407,""Fixed"":128.508,""Equal"":false}}","{""Changed"":{""Optimized"":60,""Fixed"":60,""Equal"":true},""ClaudeAuthCalls"":{""Optimized"":4,""Fixed"":4,""Equal"":true},""ClaudeHistoryReadCalls"":{""Optimized"":280,""Fixed"":280,""Equal"":true},""ClaudeLiveRequests"":{""Optimized"":10,""Fixed"":10,""Equal"":true},""CodexQuotaRequests"":{""Optimized"":10,""Fixed"":10,""Equal"":true},""CodexStarts"":{""Optimized"":10,""Fixed"":10,""Equal"":true},""CursorHttpRequests"":{""Optimized"":15,""Fixed"":15,""Equal"":true},""CursorUsageRequests"":{""Optimized"":5,""Fixed"":5,""Equal"":true},""ObservationAcceptedSnapshots"":{""Optimized"":27,""Fixed"":27,""Equal"":true},""ObservationEpochWrites"":{""Optimized"":6,""Fixed"":6,""Equal"":true},""ObservationFailures"":{""Optimized"":0,""Fixed"":0,""Equal"":true},""ObservationIgnoredSnapshots"":{""Optimized"":10,""Fixed"":10,""Equal"":true},""ObservationLoadAttempts"":{""Optimized"":5,""Fixed"":5,""Equal"":true},""ObservationPublishedRevisions"":{""Optimized"":30,""Fixed"":30,""Equal"":true},""ObservationSaveAttempts"":{""Optimized"":27,""Fixed"":27,""Equal"":true},""ObservationSavedFiles"":{""Optimized"":27,""Fixed"":27,""Equal"":true},""SyntheticRequestMilliseconds"":{""Optimized"":593.8929,""Fixed"":592.2808,""Equal"":false}}","True","","","","","","","","","","","","","","","","7328.125","7281.25","-46.875","0.9936034115138592","-0.6396588486140775","2.745647367963657","2.729164084026287","-0.01648328393736964","0.993996576497879","-0.6003423502121019","","","","","","","","","","","","","","","","","","","","","","","","","","","","","","","63705288","66372440","2667152","1.0418670424973198","4.186704249731976","272","272","0","1","0","757","756","-1","0.9986789960369881","-0.13210039630119352"
"3","warmup","5","6","True","[]","{""Changed"":{""Optimized"":12,""Fixed"":12,""Equal"":true},""ClaudeAuthCalls"":{""Optimized"":2,""Fixed"":2,""Equal"":true},""ClaudeHistoryReadCalls"":{""Optimized"":4,""Fixed"":4,""Equal"":true},""ClaudeLiveRequests"":{""Optimized"":2,""Fixed"":2,""Equal"":true},""CodexQuotaRequests"":{""Optimized"":2,""Fixed"":2,""Equal"":true},""CodexStarts"":{""Optimized"":2,""Fixed"":2,""Equal"":true},""CursorHttpRequests"":{""Optimized"":3,""Fixed"":3,""Equal"":true},""CursorUsageRequests"":{""Optimized"":1,""Fixed"":1,""Equal"":true},""ObservationAcceptedSnapshots"":{""Optimized"":5,""Fixed"":5,""Equal"":true},""ObservationEpochWrites"":{""Optimized"":6,""Fixed"":6,""Equal"":true},""ObservationFailures"":{""Optimized"":0,""Fixed"":0,""Equal"":true},""ObservationIgnoredSnapshots"":{""Optimized"":2,""Fixed"":2,""Equal"":true},""ObservationLoadAttempts"":{""Optimized"":5,""Fixed"":5,""Equal"":true},""ObservationPublishedRevisions"":{""Optimized"":8,""Fixed"":8,""Equal"":true},""ObservationSaveAttempts"":{""Optimized"":5,""Fixed"":5,""Equal"":true},""ObservationSavedFiles"":{""Optimized"":5,""Fixed"":5,""Equal"":true},""SyntheticRequestMilliseconds"":{""Optimized"":131.4671,""Fixed"":130.2998,""Equal"":false}}","{""Changed"":{""Optimized"":12,""Fixed"":12,""Equal"":true},""ClaudeAuthCalls"":{""Optimized"":2,""Fixed"":2,""Equal"":true},""ClaudeHistoryReadCalls"":{""Optimized"":24,""Fixed"":24,""Equal"":true},""ClaudeLiveRequests"":{""Optimized"":2,""Fixed"":2,""Equal"":true},""CodexQuotaRequests"":{""Optimized"":2,""Fixed"":2,""Equal"":true},""CodexStarts"":{""Optimized"":2,""Fixed"":2,""Equal"":true},""CursorHttpRequests"":{""Optimized"":3,""Fixed"":3,""Equal"":true},""CursorUsageRequests"":{""Optimized"":1,""Fixed"":1,""Equal"":true},""ObservationAcceptedSnapshots"":{""Optimized"":5,""Fixed"":5,""Equal"":true},""ObservationEpochWrites"":{""Optimized"":6,""Fixed"":6,""Equal"":true},""ObservationFailures"":{""Optimized"":0,""Fixed"":0,""Equal"":true},""ObservationIgnoredSnapshots"":{""Optimized"":2,""Fixed"":2,""Equal"":true},""ObservationLoadAttempts"":{""Optimized"":5,""Fixed"":5,""Equal"":true},""ObservationPublishedRevisions"":{""Optimized"":8,""Fixed"":8,""Equal"":true},""ObservationSaveAttempts"":{""Optimized"":5,""Fixed"":5,""Equal"":true},""ObservationSavedFiles"":{""Optimized"":5,""Fixed"":5,""Equal"":true},""SyntheticRequestMilliseconds"":{""Optimized"":131.4671,""Fixed"":130.2998,""Equal"":false}}","","2779225627","2650063619","-129162008","0.9535259006159128","-4.647409938408719","34393941","35497264","1103323","1.0320789932156946","3.207899321569463","0","0","0","","","765.625","437.5","-328.125","0.5714285714285714","-42.85714285714286","3.8278075025067047","2.187300725967361","-1.6405067765393437","0.5714239089961995","-42.857609100380046","0.3446850000002996","0.5084800000000541","0.1637949999997545","1.475201996024231","47.520199602423105","0.38030000000071595","0.6903999999994994","0.31009999999878346","1.8154088877154868","81.54088877154868","0.11380499999988841","0.15616000000027236","0.04235500000038395","1.372171697205092","37.21716972050919","0.5293000000000347","0.5746000000000322","0.04529999999999745","1.0855847345550622","8.55847345550622","21168128","21291008","122880","1.0058049535603715","0.5804953560371473","27598848","27797504","198656","1.007197981596913","0.7197981596912983","1129608","1139096","9488","1.0083993739421109","0.8399373942110877","490","491","1","1.0020408163265306","0.20408163265306367","488","491","3","1.0061475409836065","0.6147540983606481"
"3","tray-idle","5","6","True","[]","{""Changed"":{""Optimized"":12,""Fixed"":12,""Equal"":true},""ClaudeAuthCalls"":{""Optimized"":2,""Fixed"":2,""Equal"":true},""ClaudeHistoryReadCalls"":{""Optimized"":24,""Fixed"":24,""Equal"":true},""ClaudeLiveRequests"":{""Optimized"":2,""Fixed"":2,""Equal"":true},""CodexQuotaRequests"":{""Optimized"":2,""Fixed"":2,""Equal"":true},""CodexStarts"":{""Optimized"":2,""Fixed"":2,""Equal"":true},""CursorHttpRequests"":{""Optimized"":3,""Fixed"":3,""Equal"":true},""CursorUsageRequests"":{""Optimized"":1,""Fixed"":1,""Equal"":true},""ObservationAcceptedSnapshots"":{""Optimized"":5,""Fixed"":5,""Equal"":true},""ObservationEpochWrites"":{""Optimized"":6,""Fixed"":6,""Equal"":true},""ObservationFailures"":{""Optimized"":0,""Fixed"":0,""Equal"":true},""ObservationIgnoredSnapshots"":{""Optimized"":2,""Fixed"":2,""Equal"":true},""ObservationLoadAttempts"":{""Optimized"":5,""Fixed"":5,""Equal"":true},""ObservationPublishedRevisions"":{""Optimized"":8,""Fixed"":8,""Equal"":true},""ObservationSaveAttempts"":{""Optimized"":5,""Fixed"":5,""Equal"":true},""ObservationSavedFiles"":{""Optimized"":5,""Fixed"":5,""Equal"":true},""SyntheticRequestMilliseconds"":{""Optimized"":131.4671,""Fixed"":130.2998,""Equal"":false}}","{""Changed"":{""Optimized"":12,""Fixed"":12,""Equal"":true},""ClaudeAuthCalls"":{""Optimized"":2,""Fixed"":2,""Equal"":true},""ClaudeHistoryReadCalls"":{""Optimized"":54,""Fixed"":54,""Equal"":true},""ClaudeLiveRequests"":{""Optimized"":2,""Fixed"":2,""Equal"":true},""CodexQuotaRequests"":{""Optimized"":2,""Fixed"":2,""Equal"":true},""CodexStarts"":{""Optimized"":2,""Fixed"":2,""Equal"":true},""CursorHttpRequests"":{""Optimized"":3,""Fixed"":3,""Equal"":true},""CursorUsageRequests"":{""Optimized"":1,""Fixed"":1,""Equal"":true},""ObservationAcceptedSnapshots"":{""Optimized"":5,""Fixed"":5,""Equal"":true},""ObservationEpochWrites"":{""Optimized"":6,""Fixed"":6,""Equal"":true},""ObservationFailures"":{""Optimized"":0,""Fixed"":0,""Equal"":true},""ObservationIgnoredSnapshots"":{""Optimized"":2,""Fixed"":2,""Equal"":true},""ObservationLoadAttempts"":{""Optimized"":5,""Fixed"":5,""Equal"":true},""ObservationPublishedRevisions"":{""Optimized"":8,""Fixed"":8,""Equal"":true},""ObservationSaveAttempts"":{""Optimized"":5,""Fixed"":5,""Equal"":true},""ObservationSavedFiles"":{""Optimized"":5,""Fixed"":5,""Equal"":true},""SyntheticRequestMilliseconds"":{""Optimized"":131.4671,""Fixed"":130.2998,""Equal"":false}}","","835705873","866502800","30796927","1.0368513947250912","3.6851394725091247","23495339","22415009","-1080330","0.9540193908247079","-4.598060917529212","0","0","0","","","281.25","93.75","-187.5","0.3333333333333333","-66.66666666666667","0.9375100563578711","0.31249643649896913","-0.625013619858902","0.33332595675078436","-66.66740432492156","0.57946500000271","0.6028249999984834","0.02335999999577343","1.0403130473724282","4.031304737242825","0.9832999999998719","0.8613999999979569","-0.12190000000191503","0.876029695919932","-12.397030408006804","0.06480000000010477","0.07286000000076455","0.008060000000659776","1.1243827160593634","12.438271605936336","0.11799999999493593","0.11890000000130385","0.0009000000063679181","1.0076271186983605","0.7627118698360524","23080960","23085056","4096","1.0001774622892636","0.017746228926363017","29331456","29335552","4096","1.0001396453009357","0.013964530093568683","1634328","1621968","-12360","0.9924372586163854","-0.7562741383614568","488","491","3","1.0061475409836065","0.6147540983606481","489","490","1","1.0020449897750512","0.2044989775051187"
"3","widget-before-flyout","5","6","True","[]","{""Changed"":{""Optimized"":12,""Fixed"":12,""Equal"":true},""ClaudeAuthCalls"":{""Optimized"":2,""Fixed"":2,""Equal"":true},""ClaudeHistoryReadCalls"":{""Optimized"":54,""Fixed"":54,""Equal"":true},""ClaudeLiveRequests"":{""Optimized"":2,""Fixed"":2,""Equal"":true},""CodexQuotaRequests"":{""Optimized"":2,""Fixed"":2,""Equal"":true},""CodexStarts"":{""Optimized"":2,""Fixed"":2,""Equal"":true},""CursorHttpRequests"":{""Optimized"":3,""Fixed"":3,""Equal"":true},""CursorUsageRequests"":{""Optimized"":1,""Fixed"":1,""Equal"":true},""ObservationAcceptedSnapshots"":{""Optimized"":5,""Fixed"":5,""Equal"":true},""ObservationEpochWrites"":{""Optimized"":6,""Fixed"":6,""Equal"":true},""ObservationFailures"":{""Optimized"":0,""Fixed"":0,""Equal"":true},""ObservationIgnoredSnapshots"":{""Optimized"":2,""Fixed"":2,""Equal"":true},""ObservationLoadAttempts"":{""Optimized"":5,""Fixed"":5,""Equal"":true},""ObservationPublishedRevisions"":{""Optimized"":8,""Fixed"":8,""Equal"":true},""ObservationSaveAttempts"":{""Optimized"":5,""Fixed"":5,""Equal"":true},""ObservationSavedFiles"":{""Optimized"":5,""Fixed"":5,""Equal"":true},""SyntheticRequestMilliseconds"":{""Optimized"":131.4671,""Fixed"":130.2998,""Equal"":false}}","{""Changed"":{""Optimized"":21,""Fixed"":21,""Equal"":true},""ClaudeAuthCalls"":{""Optimized"":2,""Fixed"":2,""Equal"":true},""ClaudeHistoryReadCalls"":{""Optimized"":86,""Fixed"":86,""Equal"":true},""ClaudeLiveRequests"":{""Optimized"":4,""Fixed"":4,""Equal"":true},""CodexQuotaRequests"":{""Optimized"":4,""Fixed"":4,""Equal"":true},""CodexStarts"":{""Optimized"":4,""Fixed"":4,""Equal"":true},""CursorHttpRequests"":{""Optimized"":6,""Fixed"":6,""Equal"":true},""CursorUsageRequests"":{""Optimized"":2,""Fixed"":2,""Equal"":true},""ObservationAcceptedSnapshots"":{""Optimized"":10,""Fixed"":10,""Equal"":true},""ObservationEpochWrites"":{""Optimized"":6,""Fixed"":6,""Equal"":true},""ObservationFailures"":{""Optimized"":0,""Fixed"":0,""Equal"":true},""ObservationIgnoredSnapshots"":{""Optimized"":4,""Fixed"":4,""Equal"":true},""ObservationLoadAttempts"":{""Optimized"":5,""Fixed"":5,""Equal"":true},""ObservationPublishedRevisions"":{""Optimized"":13,""Fixed"":13,""Equal"":true},""ObservationSaveAttempts"":{""Optimized"":10,""Fixed"":10,""Equal"":true},""ObservationSavedFiles"":{""Optimized"":10,""Fixed"":10,""Equal"":true},""SyntheticRequestMilliseconds"":{""Optimized"":243.6459,""Fixed"":241.1477,""Equal"":false}}","","7518027851","7423054845","-94973006","0.9873672979294208","-1.2632702070579205","178893155","170980386","-7912769","0.9557681846463046","-4.423181535369536","12","12","0","1","0","1562.5","1515.625","-46.875","0.97","-3.0000000000000027","5.208194743271217","5.051919331192111","-0.1562754120791059","0.9699943224509783","-3.0005677549021725","0.3745800000047888","0.7275950000010196","0.3530149999962308","1.9424288536273098","94.24288536273097","0.6212999999988824","1.2553999999945518","0.6340999999956694","2.0206019636195234","102.06019636195234","0.07150000000983708","0.1226400000028661","0.05113999999302901","1.7152447550488543","71.52447550488543","0.3488000000070315","0.4095999999990454","0.06079999999201391","1.1743119265790947","17.431192657909467","71190528","71004160","-186368","0.997382123644314","-0.26178763556859996","112111616","109772800","-2338816","0.9791385042563296","-2.0861495743670355","4997912","5003840","5928","1.0011860953134029","0.11860953134028573","740","741","1","1.0013513513513514","0.13513513513514486","748","749","1","1.0013368983957218","0.13368983957218195"
"3","flyout-visible","5","6","True","[]","{""Changed"":{""Optimized"":21,""Fixed"":21,""Equal"":true},""ClaudeAuthCalls"":{""Optimized"":2,""Fixed"":2,""Equal"":true},""ClaudeHistoryReadCalls"":{""Optimized"":86,""Fixed"":86,""Equal"":true},""ClaudeLiveRequests"":{""Optimized"":4,""Fixed"":4,""Equal"":true},""CodexQuotaRequests"":{""Optimized"":4,""Fixed"":4,""Equal"":true},""CodexStarts"":{""Optimized"":4,""Fixed"":4,""Equal"":true},""CursorHttpRequests"":{""Optimized"":6,""Fixed"":6,""Equal"":true},""CursorUsageRequests"":{""Optimized"":2,""Fixed"":2,""Equal"":true},""ObservationAcceptedSnapshots"":{""Optimized"":10,""Fixed"":10,""Equal"":true},""ObservationEpochWrites"":{""Optimized"":6,""Fixed"":6,""Equal"":true},""ObservationFailures"":{""Optimized"":0,""Fixed"":0,""Equal"":true},""ObservationIgnoredSnapshots"":{""Optimized"":4,""Fixed"":4,""Equal"":true},""ObservationLoadAttempts"":{""Optimized"":5,""Fixed"":5,""Equal"":true},""ObservationPublishedRevisions"":{""Optimized"":13,""Fixed"":13,""Equal"":true},""ObservationSaveAttempts"":{""Optimized"":10,""Fixed"":10,""Equal"":true},""ObservationSavedFiles"":{""Optimized"":10,""Fixed"":10,""Equal"":true},""SyntheticRequestMilliseconds"":{""Optimized"":243.6459,""Fixed"":241.1477,""Equal"":false}}","{""Changed"":{""Optimized"":21,""Fixed"":21,""Equal"":true},""ClaudeAuthCalls"":{""Optimized"":2,""Fixed"":2,""Equal"":true},""ClaudeHistoryReadCalls"":{""Optimized"":116,""Fixed"":116,""Equal"":true},""ClaudeLiveRequests"":{""Optimized"":4,""Fixed"":4,""Equal"":true},""CodexQuotaRequests"":{""Optimized"":4,""Fixed"":4,""Equal"":true},""CodexStarts"":{""Optimized"":4,""Fixed"":4,""Equal"":true},""CursorHttpRequests"":{""Optimized"":6,""Fixed"":6,""Equal"":true},""CursorUsageRequests"":{""Optimized"":2,""Fixed"":2,""Equal"":true},""ObservationAcceptedSnapshots"":{""Optimized"":10,""Fixed"":10,""Equal"":true},""ObservationEpochWrites"":{""Optimized"":6,""Fixed"":6,""Equal"":true},""ObservationFailures"":{""Optimized"":0,""Fixed"":0,""Equal"":true},""ObservationIgnoredSnapshots"":{""Optimized"":4,""Fixed"":4,""Equal"":true},""ObservationLoadAttempts"":{""Optimized"":5,""Fixed"":5,""Equal"":true},""ObservationPublishedRevisions"":{""Optimized"":13,""Fixed"":13,""Equal"":true},""ObservationSaveAttempts"":{""Optimized"":10,""Fixed"":10,""Equal"":true},""ObservationSavedFiles"":{""Optimized"":10,""Fixed"":10,""Equal"":true},""SyntheticRequestMilliseconds"":{""Optimized"":243.6459,""Fixed"":241.1477,""Equal"":false}}","","5841956071","5703365159","-138590912","0.9762766254460594","-2.372337455394058","45937087","41748023","-4189064","0.9088086713029931","-9.119132869700685","0","0","0","","","1218.75","1203.125","-15.625","0.9871794871794872","-1.2820512820512775","4.0624698158492665","4.010446678175975","-0.052023137673291586","0.9871942094264112","-1.2805790573588771","0.712374999995518","0.6577299999917159","-0.054645000003802124","0.9232918055741064","-7.6708194425893605","0.87850000000617","0.8059999999968568","-0.07250000000931323","0.9174729652717085","-8.252703472829149","0.13093499998867608","0.11260499999843884","-0.01832999999023724","0.8600068737020468","-13.999312629795323","0.25659999999334104","0.29940000000351574","0.0428000000101747","1.1667965705817824","16.679657058178243","83378176","82358272","-1019904","0.9877677343289448","-1.2232265671055176","158072832","146040832","-12032000","0.9238831882255389","-7.611681177446106","2181352","2175616","-5736","0.9973704381502848","-0.26295618497151896","766","766","0","1","0","761","762","1","1.0013140604467805","0.13140604467805073"
"3","tray-after-flyout","5","6","True","[]","{""Changed"":{""Optimized"":21,""Fixed"":21,""Equal"":true},""ClaudeAuthCalls"":{""Optimized"":2,""Fixed"":2,""Equal"":true},""ClaudeHistoryReadCalls"":{""Optimized"":116,""Fixed"":116,""Equal"":true},""ClaudeLiveRequests"":{""Optimized"":4,""Fixed"":4,""Equal"":true},""CodexQuotaRequests"":{""Optimized"":4,""Fixed"":4,""Equal"":true},""CodexStarts"":{""Optimized"":4,""Fixed"":4,""Equal"":true},""CursorHttpRequests"":{""Optimized"":6,""Fixed"":6,""Equal"":true},""CursorUsageRequests"":{""Optimized"":2,""Fixed"":2,""Equal"":true},""ObservationAcceptedSnapshots"":{""Optimized"":10,""Fixed"":10,""Equal"":true},""ObservationEpochWrites"":{""Optimized"":6,""Fixed"":6,""Equal"":true},""ObservationFailures"":{""Optimized"":0,""Fixed"":0,""Equal"":true},""ObservationIgnoredSnapshots"":{""Optimized"":4,""Fixed"":4,""Equal"":true},""ObservationLoadAttempts"":{""Optimized"":5,""Fixed"":5,""Equal"":true},""ObservationPublishedRevisions"":{""Optimized"":13,""Fixed"":13,""Equal"":true},""ObservationSaveAttempts"":{""Optimized"":10,""Fixed"":10,""Equal"":true},""ObservationSavedFiles"":{""Optimized"":10,""Fixed"":10,""Equal"":true},""SyntheticRequestMilliseconds"":{""Optimized"":243.6459,""Fixed"":241.1477,""Equal"":false}}","{""Changed"":{""Optimized"":30,""Fixed"":30,""Equal"":true},""ClaudeAuthCalls"":{""Optimized"":2,""Fixed"":2,""Equal"":true},""ClaudeHistoryReadCalls"":{""Optimized"":148,""Fixed"":148,""Equal"":true},""ClaudeLiveRequests"":{""Optimized"":6,""Fixed"":6,""Equal"":true},""CodexQuotaRequests"":{""Optimized"":6,""Fixed"":6,""Equal"":true},""CodexStarts"":{""Optimized"":6,""Fixed"":6,""Equal"":true},""CursorHttpRequests"":{""Optimized"":9,""Fixed"":9,""Equal"":true},""CursorUsageRequests"":{""Optimized"":3,""Fixed"":3,""Equal"":true},""ObservationAcceptedSnapshots"":{""Optimized"":15,""Fixed"":15,""Equal"":true},""ObservationEpochWrites"":{""Optimized"":6,""Fixed"":6,""Equal"":true},""ObservationFailures"":{""Optimized"":0,""Fixed"":0,""Equal"":true},""ObservationIgnoredSnapshots"":{""Optimized"":6,""Fixed"":6,""Equal"":true},""ObservationLoadAttempts"":{""Optimized"":5,""Fixed"":5,""Equal"":true},""ObservationPublishedRevisions"":{""Optimized"":18,""Fixed"":18,""Equal"":true},""ObservationSaveAttempts"":{""Optimized"":15,""Fixed"":15,""Equal"":true},""ObservationSavedFiles"":{""Optimized"":15,""Fixed"":15,""Equal"":true},""SyntheticRequestMilliseconds"":{""Optimized"":354.4683,""Fixed"":352.7676,""Equal"":false}}","","1529927420","1479017894","-50909526","0.9667242214666628","-3.3275778533337186","46000425","45893008","-107417","0.9976648694006631","-0.23351305993368765","12","12","0","1","0","265.625","312.5","46.875","1.1764705882352942","17.647058823529417","0.8854365594747026","1.0416583195113331","0.15622176003663057","1.1764347296991118","17.64347296991118","0.6140850000032514","0.6377650000024002","0.023679999999148826","1.038561436933036","3.856143693303604","0.7788000000000466","1.155400000003283","0.37660000000323635","1.483564458144856","48.356445814485596","0.07257500000923751","0.23771999999444227","0.16514499998520477","3.2755080945805677","227.55080945805676","0.10899999999674037","0.7791999999899417","0.6701999999932013","7.14862385333251","614.862385333251","86120448","85266432","-854016","0.9900834700720553","-0.9916529927944673","159723520","148252672","-11470848","0.9281831003974869","-7.181689960251314","3743752","3714688","-29064","0.9922366652491938","-0.776333475080615","761","762","1","1.0013140604467805","0.13140604467805073","760","762","2","1.0026315789473683","0.2631578947368318"
"3","widget-visible","5","6","True","[]","{""Changed"":{""Optimized"":30,""Fixed"":30,""Equal"":true},""ClaudeAuthCalls"":{""Optimized"":2,""Fixed"":2,""Equal"":true},""ClaudeHistoryReadCalls"":{""Optimized"":148,""Fixed"":148,""Equal"":true},""ClaudeLiveRequests"":{""Optimized"":6,""Fixed"":6,""Equal"":true},""CodexQuotaRequests"":{""Optimized"":6,""Fixed"":6,""Equal"":true},""CodexStarts"":{""Optimized"":6,""Fixed"":6,""Equal"":true},""CursorHttpRequests"":{""Optimized"":9,""Fixed"":9,""Equal"":true},""CursorUsageRequests"":{""Optimized"":3,""Fixed"":3,""Equal"":true},""ObservationAcceptedSnapshots"":{""Optimized"":15,""Fixed"":15,""Equal"":true},""ObservationEpochWrites"":{""Optimized"":6,""Fixed"":6,""Equal"":true},""ObservationFailures"":{""Optimized"":0,""Fixed"":0,""Equal"":true},""ObservationIgnoredSnapshots"":{""Optimized"":6,""Fixed"":6,""Equal"":true},""ObservationLoadAttempts"":{""Optimized"":5,""Fixed"":5,""Equal"":true},""ObservationPublishedRevisions"":{""Optimized"":18,""Fixed"":18,""Equal"":true},""ObservationSaveAttempts"":{""Optimized"":15,""Fixed"":15,""Equal"":true},""ObservationSavedFiles"":{""Optimized"":15,""Fixed"":15,""Equal"":true},""SyntheticRequestMilliseconds"":{""Optimized"":354.4683,""Fixed"":352.7676,""Equal"":false}}","{""Changed"":{""Optimized"":30,""Fixed"":30,""Equal"":true},""ClaudeAuthCalls"":{""Optimized"":2,""Fixed"":2,""Equal"":true},""ClaudeHistoryReadCalls"":{""Optimized"":178,""Fixed"":178,""Equal"":true},""ClaudeLiveRequests"":{""Optimized"":6,""Fixed"":6,""Equal"":true},""CodexQuotaRequests"":{""Optimized"":6,""Fixed"":6,""Equal"":true},""CodexStarts"":{""Optimized"":6,""Fixed"":6,""Equal"":true},""CursorHttpRequests"":{""Optimized"":9,""Fixed"":9,""Equal"":true},""CursorUsageRequests"":{""Optimized"":3,""Fixed"":3,""Equal"":true},""ObservationAcceptedSnapshots"":{""Optimized"":15,""Fixed"":15,""Equal"":true},""ObservationEpochWrites"":{""Optimized"":6,""Fixed"":6,""Equal"":true},""ObservationFailures"":{""Optimized"":0,""Fixed"":0,""Equal"":true},""ObservationIgnoredSnapshots"":{""Optimized"":6,""Fixed"":6,""Equal"":true},""ObservationLoadAttempts"":{""Optimized"":5,""Fixed"":5,""Equal"":true},""ObservationPublishedRevisions"":{""Optimized"":18,""Fixed"":18,""Equal"":true},""ObservationSaveAttempts"":{""Optimized"":15,""Fixed"":15,""Equal"":true},""ObservationSavedFiles"":{""Optimized"":15,""Fixed"":15,""Equal"":true},""SyntheticRequestMilliseconds"":{""Optimized"":354.4683,""Fixed"":352.7676,""Equal"":false}}","","735367294","702475845","-32891449","0.9552720806753747","-4.472791932462528","33421980","32732389","-689591","0.9793671410251577","-2.063285897484235","0","0","0","","","125","125","0","1","0","0.4166592806864843","0.41666715416723693","7.873480752651485E-06","1.0000188966887757","0.0018896688775749126","0.7568250000040279","0.7369449999852804","-0.019880000018747457","0.9737323687528271","-2.6267631247172907","0.9232999999949243","0.8875999999872874","-0.035700000007636845","0.9613343441916679","-3.8665655808332144","0.17267999999457945","0.08746000001701759","-0.08521999997756186","0.5064859857526235","-49.35140142473765","0.5960000000195578","0.2410000000090804","-0.3550000000104774","0.4043624161093489","-59.563758389065114","88772608","87883776","-888832","0.9899875421030776","-1.00124578969224","162115584","149639168","-12476416","0.9230399959574522","-7.696000404254777","2242056","2240408","-1648","0.9992649603756552","-0.07350396243448465","763","765","2","1.0026212319790302","0.2621231979030192","768","770","2","1.0026041666666667","0.26041666666667407"
"3","post-refresh-widget","5","6","True","[]","{""Changed"":{""Optimized"":41,""Fixed"":41,""Equal"":true},""ClaudeAuthCalls"":{""Optimized"":4,""Fixed"":4,""Equal"":true},""ClaudeHistoryReadCalls"":{""Optimized"":182,""Fixed"":182,""Equal"":true},""ClaudeLiveRequests"":{""Optimized"":8,""Fixed"":8,""Equal"":true},""CodexQuotaRequests"":{""Optimized"":8,""Fixed"":8,""Equal"":true},""CodexStarts"":{""Optimized"":8,""Fixed"":8,""Equal"":true},""CursorHttpRequests"":{""Optimized"":12,""Fixed"":12,""Equal"":true},""CursorUsageRequests"":{""Optimized"":4,""Fixed"":4,""Equal"":true},""ObservationAcceptedSnapshots"":{""Optimized"":22,""Fixed"":22,""Equal"":true},""ObservationEpochWrites"":{""Optimized"":6,""Fixed"":6,""Equal"":true},""ObservationFailures"":{""Optimized"":0,""Fixed"":0,""Equal"":true},""ObservationIgnoredSnapshots"":{""Optimized"":8,""Fixed"":8,""Equal"":true},""ObservationLoadAttempts"":{""Optimized"":5,""Fixed"":5,""Equal"":true},""ObservationPublishedRevisions"":{""Optimized"":25,""Fixed"":25,""Equal"":true},""ObservationSaveAttempts"":{""Optimized"":22,""Fixed"":22,""Equal"":true},""ObservationSavedFiles"":{""Optimized"":22,""Fixed"":22,""Equal"":true},""SyntheticRequestMilliseconds"":{""Optimized"":486.056,""Fixed"":487.4737,""Equal"":false}}","{""Changed"":{""Optimized"":41,""Fixed"":41,""Equal"":true},""ClaudeAuthCalls"":{""Optimized"":4,""Fixed"":4,""Equal"":true},""ClaudeHistoryReadCalls"":{""Optimized"":212,""Fixed"":212,""Equal"":true},""ClaudeLiveRequests"":{""Optimized"":8,""Fixed"":8,""Equal"":true},""CodexQuotaRequests"":{""Optimized"":8,""Fixed"":8,""Equal"":true},""CodexStarts"":{""Optimized"":8,""Fixed"":8,""Equal"":true},""CursorHttpRequests"":{""Optimized"":12,""Fixed"":12,""Equal"":true},""CursorUsageRequests"":{""Optimized"":4,""Fixed"":4,""Equal"":true},""ObservationAcceptedSnapshots"":{""Optimized"":22,""Fixed"":22,""Equal"":true},""ObservationEpochWrites"":{""Optimized"":6,""Fixed"":6,""Equal"":true},""ObservationFailures"":{""Optimized"":0,""Fixed"":0,""Equal"":true},""ObservationIgnoredSnapshots"":{""Optimized"":8,""Fixed"":8,""Equal"":true},""ObservationLoadAttempts"":{""Optimized"":5,""Fixed"":5,""Equal"":true},""ObservationPublishedRevisions"":{""Optimized"":25,""Fixed"":25,""Equal"":true},""ObservationSaveAttempts"":{""Optimized"":22,""Fixed"":22,""Equal"":true},""ObservationSavedFiles"":{""Optimized"":22,""Fixed"":22,""Equal"":true},""SyntheticRequestMilliseconds"":{""Optimized"":486.056,""Fixed"":487.4737,""Equal"":false}}","","2659901122","2498481956","-161419166","0.9393138471708949","-6.068615282910505","51069504","46424492","-4645012","0.9090452885542025","-9.095471144579747","1","1","0","1","0","546.875","453.125","-93.75","0.8285714285714286","-17.14285714285714","1.8228838061479207","1.510385623207491","-0.31249818294042964","0.8285693350906473","-17.143066490935265","0.2946299999923211","0.5817749999943771","0.287145000002056","1.9745952550980546","97.45952550980546","0.8439000000071246","0.8558999999950174","0.011999999987892807","1.0142196942621062","1.421969426210623","0.09627000001928535","0.08879999998462149","-0.0074700000346638595","0.9224057335289558","-7.7594266471044175","0.3274000000092201","0.14400000000023283","-0.18340000000898726","0.4398289553945558","-56.01710446054442","97402880","96690176","-712704","0.9926829268292683","-0.7317073170731714","171849728","159907840","-11941888","0.930509706713065","-6.949029328693501","2763976","2753480","-10496","0.9962025719470792","-0.3797428052920826","773","776","3","1.0038809831824063","0.38809831824062613","766","771","5","1.0065274151436032","0.6527415143603221"
"3","tray-after-refresh","5","6","True","[]","{""Changed"":{""Optimized"":41,""Fixed"":41,""Equal"":true},""ClaudeAuthCalls"":{""Optimized"":4,""Fixed"":4,""Equal"":true},""ClaudeHistoryReadCalls"":{""Optimized"":212,""Fixed"":212,""Equal"":true},""ClaudeLiveRequests"":{""Optimized"":8,""Fixed"":8,""Equal"":true},""CodexQuotaRequests"":{""Optimized"":8,""Fixed"":8,""Equal"":true},""CodexStarts"":{""Optimized"":8,""Fixed"":8,""Equal"":true},""CursorHttpRequests"":{""Optimized"":12,""Fixed"":12,""Equal"":true},""CursorUsageRequests"":{""Optimized"":4,""Fixed"":4,""Equal"":true},""ObservationAcceptedSnapshots"":{""Optimized"":22,""Fixed"":22,""Equal"":true},""ObservationEpochWrites"":{""Optimized"":6,""Fixed"":6,""Equal"":true},""ObservationFailures"":{""Optimized"":0,""Fixed"":0,""Equal"":true},""ObservationIgnoredSnapshots"":{""Optimized"":8,""Fixed"":8,""Equal"":true},""ObservationLoadAttempts"":{""Optimized"":5,""Fixed"":5,""Equal"":true},""ObservationPublishedRevisions"":{""Optimized"":25,""Fixed"":25,""Equal"":true},""ObservationSaveAttempts"":{""Optimized"":22,""Fixed"":22,""Equal"":true},""ObservationSavedFiles"":{""Optimized"":22,""Fixed"":22,""Equal"":true},""SyntheticRequestMilliseconds"":{""Optimized"":486.056,""Fixed"":487.4737,""Equal"":false}}","{""Changed"":{""Optimized"":50,""Fixed"":50,""Equal"":true},""ClaudeAuthCalls"":{""Optimized"":4,""Fixed"":4,""Equal"":true},""ClaudeHistoryReadCalls"":{""Optimized"":244,""Fixed"":244,""Equal"":true},""ClaudeLiveRequests"":{""Optimized"":10,""Fixed"":10,""Equal"":true},""CodexQuotaRequests"":{""Optimized"":10,""Fixed"":10,""Equal"":true},""CodexStarts"":{""Optimized"":10,""Fixed"":10,""Equal"":true},""CursorHttpRequests"":{""Optimized"":15,""Fixed"":15,""Equal"":true},""CursorUsageRequests"":{""Optimized"":5,""Fixed"":5,""Equal"":true},""ObservationAcceptedSnapshots"":{""Optimized"":27,""Fixed"":27,""Equal"":true},""ObservationEpochWrites"":{""Optimized"":6,""Fixed"":6,""Equal"":true},""ObservationFailures"":{""Optimized"":0,""Fixed"":0,""Equal"":true},""ObservationIgnoredSnapshots"":{""Optimized"":10,""Fixed"":10,""Equal"":true},""ObservationLoadAttempts"":{""Optimized"":5,""Fixed"":5,""Equal"":true},""ObservationPublishedRevisions"":{""Optimized"":30,""Fixed"":30,""Equal"":true},""ObservationSaveAttempts"":{""Optimized"":27,""Fixed"":27,""Equal"":true},""ObservationSavedFiles"":{""Optimized"":27,""Fixed"":27,""Equal"":true},""SyntheticRequestMilliseconds"":{""Optimized"":597.4245,""Fixed"":597.4639,""Equal"":false}}","","410354602","484967295","74612693","1.1818249207791265","18.18249207791265","37459994","40785880","3325886","1.0887850115512565","8.878501155125651","11","11","0","1","0","31.25","78.125","46.875","2.5","150","0.1041661236139422","0.2604233630194077","0.15625723940546551","2.500077318654787","150.00773186547872","0.6149350000108824","0.7033199999757925","0.08838499996491012","1.1437306381379266","14.373063813792664","0.6548999999940861","1.3429999999934807","0.6880999999993946","2.050694762567733","105.0694762567733","0.06337500000372528","0.10831000001344353","0.04493500000971824","1.709033530683659","70.9033530683659","0.06709999998565763","0.1992000000027474","0.13210000001708977","2.968703428395315","196.87034283953147","93679616","97751040","4071424","1.043461151676796","4.346115167679598","173322240","159371264","-13950976","0.9195084485407066","-8.049155145929344","3841784","3843960","2176","1.000566403525029","0.05664035250290134","769","774","5","1.0065019505851756","0.6501950585175553","778","784","6","1.0077120822622108","0.7712082262210762"
"3","widget-after-churn","5","6","True","[]","{""Changed"":{""Optimized"":60,""Fixed"":60,""Equal"":true},""ClaudeAuthCalls"":{""Optimized"":4,""Fixed"":4,""Equal"":true},""ClaudeHistoryReadCalls"":{""Optimized"":250,""Fixed"":250,""Equal"":true},""ClaudeLiveRequests"":{""Optimized"":10,""Fixed"":10,""Equal"":true},""CodexQuotaRequests"":{""Optimized"":10,""Fixed"":10,""Equal"":true},""CodexStarts"":{""Optimized"":10,""Fixed"":10,""Equal"":true},""CursorHttpRequests"":{""Optimized"":15,""Fixed"":15,""Equal"":true},""CursorUsageRequests"":{""Optimized"":5,""Fixed"":5,""Equal"":true},""ObservationAcceptedSnapshots"":{""Optimized"":27,""Fixed"":27,""Equal"":true},""ObservationEpochWrites"":{""Optimized"":6,""Fixed"":6,""Equal"":true},""ObservationFailures"":{""Optimized"":0,""Fixed"":0,""Equal"":true},""ObservationIgnoredSnapshots"":{""Optimized"":10,""Fixed"":10,""Equal"":true},""ObservationLoadAttempts"":{""Optimized"":5,""Fixed"":5,""Equal"":true},""ObservationPublishedRevisions"":{""Optimized"":30,""Fixed"":30,""Equal"":true},""ObservationSaveAttempts"":{""Optimized"":27,""Fixed"":27,""Equal"":true},""ObservationSavedFiles"":{""Optimized"":27,""Fixed"":27,""Equal"":true},""SyntheticRequestMilliseconds"":{""Optimized"":597.4245,""Fixed"":597.4639,""Equal"":false}}","{""Changed"":{""Optimized"":60,""Fixed"":60,""Equal"":true},""ClaudeAuthCalls"":{""Optimized"":4,""Fixed"":4,""Equal"":true},""ClaudeHistoryReadCalls"":{""Optimized"":280,""Fixed"":280,""Equal"":true},""ClaudeLiveRequests"":{""Optimized"":10,""Fixed"":10,""Equal"":true},""CodexQuotaRequests"":{""Optimized"":10,""Fixed"":10,""Equal"":true},""CodexStarts"":{""Optimized"":10,""Fixed"":10,""Equal"":true},""CursorHttpRequests"":{""Optimized"":15,""Fixed"":15,""Equal"":true},""CursorUsageRequests"":{""Optimized"":5,""Fixed"":5,""Equal"":true},""ObservationAcceptedSnapshots"":{""Optimized"":27,""Fixed"":27,""Equal"":true},""ObservationEpochWrites"":{""Optimized"":6,""Fixed"":6,""Equal"":true},""ObservationFailures"":{""Optimized"":0,""Fixed"":0,""Equal"":true},""ObservationIgnoredSnapshots"":{""Optimized"":10,""Fixed"":10,""Equal"":true},""ObservationLoadAttempts"":{""Optimized"":5,""Fixed"":5,""Equal"":true},""ObservationPublishedRevisions"":{""Optimized"":30,""Fixed"":30,""Equal"":true},""ObservationSaveAttempts"":{""Optimized"":27,""Fixed"":27,""Equal"":true},""ObservationSavedFiles"":{""Optimized"":27,""Fixed"":27,""Equal"":true},""SyntheticRequestMilliseconds"":{""Optimized"":597.4245,""Fixed"":597.4639,""Equal"":false}}","","284187343","296362388","12175045","1.0428416159265756","4.284161592657565","40836571","41361015","524444","1.012842508250754","1.2842508250753948","1","1","0","1","0","125","0","-125","0","-100","0.41665354346889244","0","-0.41665354346889244","0","-100","0.6068599999896832","0.5838599999915455","-0.022999999998137732","0.9620999901154653","-3.790000988453468","0.884299999976065","0.7716999999829568","-0.11259999999310821","0.8726676467305712","-12.733235326942882","0.06591500001522946","0.07855000000708966","0.012634999991860199","1.1916862624431606","19.168626244316055","0.07409999999799766","0.11680000001797453","0.04270000001997687","1.5762483133755831","57.62483133755831","113639424","107991040","-5648384","0.9502955594002307","-4.970444059976931","221155328","203368448","-17786880","0.9195729075991332","-8.042709240086676","2542184","2530088","-12096","0.995241886503888","-0.4758113496111993","746","750","4","1.0053619302949062","0.536193029490617","741","745","4","1.0053981106612686","0.5398110661268607"
"3","whole-run","5","6","True","[]","{""Changed"":{""Optimized"":12,""Fixed"":12,""Equal"":true},""ClaudeAuthCalls"":{""Optimized"":2,""Fixed"":2,""Equal"":true},""ClaudeHistoryReadCalls"":{""Optimized"":4,""Fixed"":4,""Equal"":true},""ClaudeLiveRequests"":{""Optimized"":2,""Fixed"":2,""Equal"":true},""CodexQuotaRequests"":{""Optimized"":2,""Fixed"":2,""Equal"":true},""CodexStarts"":{""Optimized"":2,""Fixed"":2,""Equal"":true},""CursorHttpRequests"":{""Optimized"":3,""Fixed"":3,""Equal"":true},""CursorUsageRequests"":{""Optimized"":1,""Fixed"":1,""Equal"":true},""ObservationAcceptedSnapshots"":{""Optimized"":5,""Fixed"":5,""Equal"":true},""ObservationEpochWrites"":{""Optimized"":6,""Fixed"":6,""Equal"":true},""ObservationFailures"":{""Optimized"":0,""Fixed"":0,""Equal"":true},""ObservationIgnoredSnapshots"":{""Optimized"":2,""Fixed"":2,""Equal"":true},""ObservationLoadAttempts"":{""Optimized"":5,""Fixed"":5,""Equal"":true},""ObservationPublishedRevisions"":{""Optimized"":8,""Fixed"":8,""Equal"":true},""ObservationSaveAttempts"":{""Optimized"":5,""Fixed"":5,""Equal"":true},""ObservationSavedFiles"":{""Optimized"":5,""Fixed"":5,""Equal"":true},""SyntheticRequestMilliseconds"":{""Optimized"":131.4671,""Fixed"":130.2998,""Equal"":false}}","{""Changed"":{""Optimized"":60,""Fixed"":60,""Equal"":true},""ClaudeAuthCalls"":{""Optimized"":4,""Fixed"":4,""Equal"":true},""ClaudeHistoryReadCalls"":{""Optimized"":280,""Fixed"":280,""Equal"":true},""ClaudeLiveRequests"":{""Optimized"":10,""Fixed"":10,""Equal"":true},""CodexQuotaRequests"":{""Optimized"":10,""Fixed"":10,""Equal"":true},""CodexStarts"":{""Optimized"":10,""Fixed"":10,""Equal"":true},""CursorHttpRequests"":{""Optimized"":15,""Fixed"":15,""Equal"":true},""CursorUsageRequests"":{""Optimized"":5,""Fixed"":5,""Equal"":true},""ObservationAcceptedSnapshots"":{""Optimized"":27,""Fixed"":27,""Equal"":true},""ObservationEpochWrites"":{""Optimized"":6,""Fixed"":6,""Equal"":true},""ObservationFailures"":{""Optimized"":0,""Fixed"":0,""Equal"":true},""ObservationIgnoredSnapshots"":{""Optimized"":10,""Fixed"":10,""Equal"":true},""ObservationLoadAttempts"":{""Optimized"":5,""Fixed"":5,""Equal"":true},""ObservationPublishedRevisions"":{""Optimized"":30,""Fixed"":30,""Equal"":true},""ObservationSaveAttempts"":{""Optimized"":27,""Fixed"":27,""Equal"":true},""ObservationSavedFiles"":{""Optimized"":27,""Fixed"":27,""Equal"":true},""SyntheticRequestMilliseconds"":{""Optimized"":597.4245,""Fixed"":597.4639,""Equal"":false}}","True","","","","","","","","","","","","","","","","7812.5","7203.125","-609.375","0.922","-7.799999999999995","2.9272983433771396","2.6995958495932095","-0.22770249378393004","0.922214114492602","-7.778588550739796","","","","","","","","","","","","","","","","","","","","","","","","","","","","","","","63601000","66328992","2727992","1.0428922815678998","4.2892281567899815","272","272","0","1","0","755","756","1","1.0013245033112583","0.13245033112583293"
